arm,run,catalyst,pathway,is_best,step_idx,parent,product,rule,n_electrons,delta_e,delta_zpe,delta_ts,dG0,U_onset,feasible,pathway_idx
deepseek-v3,10766639,Pt(111)_HER,* → *H → *,False,0,*,*H,protonation,-1,-0.4332,0.047,-0.1726,-0.2137,-999.0,False,0
deepseek-v3,10766639,Pt(111)_HER,* → *H → *,False,1,*H,*,deprotonation,1,0.4332,-0.047,0.1726,0.2137,-999.0,False,0
deepseek-v3,10766639,Pt(111)_HER,* → *H → *H2 → *,True,0,*,*H,protonation,-1,-0.4332,0.047,-0.1726,-0.2137,0.1457,True,1
deepseek-v3,10766639,Pt(111)_HER,* → *H → *H2 → *,True,1,*H,*H2,protonation,-1,-0.3271,-0.0099,-0.1913,-0.1457,0.1457,True,1
deepseek-v3,10766639,Pt(111)_HER,* → *H → *H2 → *,True,2,*H2,*,product_desorption,0,0.7603,-0.037,0.3638,0.3594,0.1457,True,1
deepseek-v3,10766639,Au(110)_CO2RR,*CO2 → *COOH → *CO → *,False,0,*CO2,*COOH,protonation,-1,0.3044,0.1531,-0.3098,0.7673,-0.7673,True,0
deepseek-v3,10766639,Au(110)_CO2RR,*CO2 → *COOH → *CO → *,False,1,*COOH,*CO,reductive_dehydration,-1,-0.1388,0.0118,0.3653,-0.4923,-0.7673,True,0
deepseek-v3,10766639,Au(110)_CO2RR,*CO2 → *COOH → *CO → *,False,2,*CO,*,desorption,0,0.7533,-0.0552,0.438,0.2602,-0.7673,True,0
deepseek-v3,10766639,Au(110)_CO2RR,*CO2 → *COOH → *COHOH → *CO → *,False,0,*CO2,*COOH,protonation,-1,0.3044,0.1531,-0.3098,0.7673,-0.7673,True,1
deepseek-v3,10766639,Au(110)_CO2RR,*CO2 → *COOH → *COHOH → *CO → *,False,1,*COOH,*COHOH,protonation,-1,0.0279,0.1525,-0.1269,0.3073,-0.7673,True,1
deepseek-v3,10766639,Au(110)_CO2RR,*CO2 → *COOH → *COHOH → *CO → *,False,2,*COHOH,*CO,bond_dissociation,0,-0.1667,-0.1407,0.4922,-0.7995,-0.7673,True,1
deepseek-v3,10766639,Au(110)_CO2RR,*CO2 → *COOH → *COHOH → *CO → *,False,3,*CO,*,desorption,0,0.7533,-0.0552,0.438,0.2602,-0.7673,True,1
deepseek-v3,10766639,Au(110)_CO2RR,*CO2 → *COOH → *COOH2 → *CO → *,False,0,*CO2,*COOH,protonation,-1,0.3044,0.1531,-0.3098,0.7673,-0.7673,True,2
deepseek-v3,10766639,Au(110)_CO2RR,*CO2 → *COOH → *COOH2 → *CO → *,False,1,*COOH,*COOH2,protonation,-1,-0.6002,0.1555,-0.0538,-0.3909,-0.7673,True,2
deepseek-v3,10766639,Au(110)_CO2RR,*CO2 → *COOH → *COOH2 → *CO → *,False,2,*COOH2,*CO,bond_dissociation,0,0.4614,-0.1436,0.4191,-0.1013,-0.7673,True,2
deepseek-v3,10766639,Au(110)_CO2RR,*CO2 → *COOH → *COOH2 → *CO → *,False,3,*CO,*,desorption,0,0.7533,-0.0552,0.438,0.2602,-0.7673,True,2
deepseek-v3,10766639,Au(110)_CO2RR,*CO2 → *COOH → *COHOH → *COH → *CO → *,False,0,*CO2,*COOH,protonation,-1,0.3044,0.1531,-0.3098,0.7673,-0.7673,True,3
deepseek-v3,10766639,Au(110)_CO2RR,*CO2 → *COOH → *COHOH → *COH → *CO → *,False,1,*COOH,*COHOH,protonation,-1,0.0279,0.1525,-0.1269,0.3073,-0.7673,True,3
deepseek-v3,10766639,Au(110)_CO2RR,*CO2 → *COOH → *COHOH → *COH → *CO → *,False,2,*COHOH,*COH,bond_dissociation,0,0.9037,0.0326,0.1912,0.7451,-0.7673,True,3
deepseek-v3,10766639,Au(110)_CO2RR,*CO2 → *COOH → *COHOH → *COH → *CO → *,False,3,*COH,*CO,bond_dissociation,0,-1.0704,-0.1732,0.301,-1.5446,-0.7673,True,3
deepseek-v3,10766639,Au(110)_CO2RR,*CO2 → *COOH → *COHOH → *COH → *CO → *,False,4,*CO,*,desorption,0,0.7533,-0.0552,0.438,0.2602,-0.7673,True,3
deepseek-v3,10766639,Au(110)_CO2RR,*CO2 → *COOH → *CH2O2 → *CHO → *CO → *,False,0,*CO2,*COOH,protonation,-1,0.3044,0.1531,-0.3098,0.7673,-0.7673,True,4
deepseek-v3,10766639,Au(110)_CO2RR,*CO2 → *COOH → *CH2O2 → *CHO → *CO → *,False,1,*COOH,*CH2O2,protonation,-1,-0.6093,0.1534,-0.1293,-0.3265,-0.7673,True,4
deepseek-v3,10766639,Au(110)_CO2RR,*CO2 → *COOH → *CH2O2 → *CHO → *CO → *,False,2,*CH2O2,*CHO,bond_dissociation,0,0.6244,-0.0229,0.3324,0.2691,-0.7673,True,4
deepseek-v3,10766639,Au(110)_CO2RR,*CO2 → *COOH → *CH2O2 → *CHO → *CO → *,False,3,*CHO,*CO,bond_dissociation,0,-0.154,-0.1187,0.1622,-0.4348,-0.7673,True,4
deepseek-v3,10766639,Au(110)_CO2RR,*CO2 → *COOH → *CH2O2 → *CHO → *CO → *,False,4,*CO,*,desorption,0,0.7533,-0.0552,0.438,0.2602,-0.7673,True,4
deepseek-v3,10766639,Au(110)_CO2RR,*CO2 → *CHO2 → *CH2O2 → *CHO → *CO → *,True,0,*CO2,*CHO2,protonation,-1,0.1644,0.1461,-0.232,0.5424,-0.5424,True,5
deepseek-v3,10766639,Au(110)_CO2RR,*CO2 → *CHO2 → *CH2O2 → *CHO → *CO → *,True,1,*CHO2,*CH2O2,protonation,-1,-0.4693,0.1605,-0.2072,-0.1016,-0.5424,True,5
deepseek-v3,10766639,Au(110)_CO2RR,*CO2 → *CHO2 → *CH2O2 → *CHO → *CO → *,True,2,*CH2O2,*CHO,bond_dissociation,0,0.6244,-0.0229,0.3324,0.2691,-0.5424,True,5
deepseek-v3,10766639,Au(110)_CO2RR,*CO2 → *CHO2 → *CH2O2 → *CHO → *CO → *,True,3,*CHO,*CO,bond_dissociation,0,-0.154,-0.1187,0.1622,-0.4348,-0.5424,True,5
deepseek-v3,10766639,Au(110)_CO2RR,*CO2 → *CHO2 → *CH2O2 → *CHO → *CO → *,True,4,*CO,*,desorption,0,0.7533,-0.0552,0.438,0.2602,-0.5424,True,5
deepseek-v3,10766639,Au(110)_CO2RR,*CO2 → *CHO2 → *CH2O2 → *COOH → *CO → *,False,0,*CO2,*CHO2,protonation,-1,0.1644,0.1461,-0.232,0.5424,-0.5424,True,6
deepseek-v3,10766639,Au(110)_CO2RR,*CO2 → *CHO2 → *CH2O2 → *COOH → *CO → *,False,1,*CHO2,*CH2O2,protonation,-1,-0.4693,0.1605,-0.2072,-0.1016,-0.5424,True,6
deepseek-v3,10766639,Au(110)_CO2RR,*CO2 → *CHO2 → *CH2O2 → *COOH → *CO → *,False,2,*CH2O2,*COOH,bond_dissociation,0,0.6093,-0.1534,0.1293,0.3265,-0.5424,True,6
deepseek-v3,10766639,Au(110)_CO2RR,*CO2 → *CHO2 → *CH2O2 → *COOH → *CO → *,False,3,*COOH,*CO,bond_dissociation,0,-0.1388,0.0118,0.3653,-0.4923,-0.5424,True,6
deepseek-v3,10766639,Au(110)_CO2RR,*CO2 → *CHO2 → *CH2O2 → *COOH → *CO → *,False,4,*CO,*,desorption,0,0.7533,-0.0552,0.438,0.2602,-0.5424,True,6
deepseek-v3,10766639,Au(110)_CO2RR,*CO2 → *CHO2 → *CHO2H → *CHO → *CO → *,False,0,*CO2,*CHO2,protonation,-1,0.1644,0.1461,-0.232,0.5424,-0.5424,True,7
deepseek-v3,10766639,Au(110)_CO2RR,*CO2 → *CHO2 → *CHO2H → *CHO → *CO → *,False,1,*CHO2,*CHO2H,protonation,-1,-0.4674,0.1631,-0.1322,-0.1721,-0.5424,True,7
deepseek-v3,10766639,Au(110)_CO2RR,*CO2 → *CHO2 → *CHO2H → *CHO → *CO → *,False,2,*CHO2H,*CHO,bond_dissociation,0,0.6225,-0.0255,0.2574,0.3396,-0.5424,True,7
deepseek-v3,10766639,Au(110)_CO2RR,*CO2 → *CHO2 → *CHO2H → *CHO → *CO → *,False,3,*CHO,*CO,bond_dissociation,0,-0.154,-0.1187,0.1622,-0.4348,-0.5424,True,7
deepseek-v3,10766639,Au(110)_CO2RR,*CO2 → *CHO2 → *CHO2H → *CHO → *CO → *,False,4,*CO,*,desorption,0,0.7533,-0.0552,0.438,0.2602,-0.5424,True,7
deepseek-v3,10766639,Au(110)_CO2RR,*CO2 → *CHO2 → *CHO2H → *COH → *CO → *,False,0,*CO2,*CHO2,protonation,-1,0.1644,0.1461,-0.232,0.5424,-0.5424,True,8
deepseek-v3,10766639,Au(110)_CO2RR,*CO2 → *CHO2 → *CHO2H → *COH → *CO → *,False,1,*CHO2,*CHO2H,protonation,-1,-0.4674,0.1631,-0.1322,-0.1721,-0.5424,True,8
deepseek-v3,10766639,Au(110)_CO2RR,*CO2 → *CHO2 → *CHO2H → *COH → *CO → *,False,2,*CHO2H,*COH,bond_dissociation,0,1.5389,0.029,0.1186,1.4493,-0.5424,True,8
deepseek-v3,10766639,Au(110)_CO2RR,*CO2 → *CHO2 → *CHO2H → *COH → *CO → *,False,3,*COH,*CO,bond_dissociation,0,-1.0704,-0.1732,0.301,-1.5446,-0.5424,True,8
deepseek-v3,10766639,Au(110)_CO2RR,*CO2 → *CHO2 → *CHO2H → *COH → *CO → *,False,4,*CO,*,desorption,0,0.7533,-0.0552,0.438,0.2602,-0.5424,True,8
deepseek-v3,10766639,Au(110)_CO2RR,*CO2 → *COOH → *CH2O2 → *CH2O → *CHO → *CO → *,False,0,*CO2,*COOH,protonation,-1,0.3044,0.1531,-0.3098,0.7673,-0.7673,True,9
deepseek-v3,10766639,Au(110)_CO2RR,*CO2 → *COOH → *CH2O2 → *CH2O → *CHO → *CO → *,False,1,*COOH,*CH2O2,protonation,-1,-0.6093,0.1534,-0.1293,-0.3265,-0.7673,True,9
deepseek-v3,10766639,Au(110)_CO2RR,*CO2 → *COOH → *CH2O2 → *CH2O → *CHO → *CO → *,False,2,*CH2O2,*CH2O,bond_dissociation,0,0.3717,0.1304,0.2064,0.2958,-0.7673,True,9
deepseek-v3,10766639,Au(110)_CO2RR,*CO2 → *COOH → *CH2O2 → *CH2O → *CHO → *CO → *,False,3,*CH2O,*CHO,bond_dissociation,0,0.2527,-0.1534,0.1261,-0.0267,-0.7673,True,9
deepseek-v3,10766639,Au(110)_CO2RR,*CO2 → *COOH → *CH2O2 → *CH2O → *CHO → *CO → *,False,4,*CHO,*CO,bond_dissociation,0,-0.154,-0.1187,0.1622,-0.4348,-0.7673,True,9
deepseek-v3,10766639,Au(110)_CO2RR,*CO2 → *COOH → *CH2O2 → *CH2O → *CHO → *CO → *,False,5,*CO,*,desorption,0,0.7533,-0.0552,0.438,0.2602,-0.7673,True,9
deepseek-v3,10766639,Au(110)_CO2RR,*CO2 → *CHO2 → *CH2O2 → *CH2O → *CHO → *CO → *,False,0,*CO2,*CHO2,protonation,-1,0.1644,0.1461,-0.232,0.5424,-0.5424,True,10
deepseek-v3,10766639,Au(110)_CO2RR,*CO2 → *CHO2 → *CH2O2 → *CH2O → *CHO → *CO → *,False,1,*CHO2,*CH2O2,protonation,-1,-0.4693,0.1605,-0.2072,-0.1016,-0.5424,True,10
deepseek-v3,10766639,Au(110)_CO2RR,*CO2 → *CHO2 → *CH2O2 → *CH2O → *CHO → *CO → *,False,2,*CH2O2,*CH2O,bond_dissociation,0,0.3717,0.1304,0.2064,0.2958,-0.5424,True,10
deepseek-v3,10766639,Au(110)_CO2RR,*CO2 → *CHO2 → *CH2O2 → *CH2O → *CHO → *CO → *,False,3,*CH2O,*CHO,bond_dissociation,0,0.2527,-0.1534,0.1261,-0.0267,-0.5424,True,10
deepseek-v3,10766639,Au(110)_CO2RR,*CO2 → *CHO2 → *CH2O2 → *CH2O → *CHO → *CO → *,False,4,*CHO,*CO,bond_dissociation,0,-0.154,-0.1187,0.1622,-0.4348,-0.5424,True,10
deepseek-v3,10766639,Au(110)_CO2RR,*CO2 → *CHO2 → *CH2O2 → *CH2O → *CHO → *CO → *,False,5,*CO,*,desorption,0,0.7533,-0.0552,0.438,0.2602,-0.5424,True,10
deepseek-v3,10766639,Au(110)_CO2RR,*CO2 → *CHO2 → *CHO → *CHOH → *COH → *CO → *,False,0,*CO2,*CHO2,protonation,-1,0.1644,0.1461,-0.232,0.5424,-0.5424,True,11
deepseek-v3,10766639,Au(110)_CO2RR,*CO2 → *CHO2 → *CHO → *CHOH → *COH → *CO → *,False,1,*CHO2,*CHO,bond_dissociation,0,0.1551,0.1375,0.1252,0.1675,-0.5424,True,11
deepseek-v3,10766639,Au(110)_CO2RR,*CO2 → *CHO2 → *CHO → *CHOH → *COH → *CO → *,False,2,*CHO,*CHOH,protonation,-1,-0.1186,0.2089,-0.278,0.3683,-0.5424,True,11
deepseek-v3,10766639,Au(110)_CO2RR,*CO2 → *CHO2 → *CHO → *CHOH → *COH → *CO → *,False,3,*CHOH,*COH,bond_dissociation,0,1.035,-0.1543,0.1393,0.7415,-0.5424,True,11
deepseek-v3,10766639,Au(110)_CO2RR,*CO2 → *CHO2 → *CHO → *CHOH → *COH → *CO → *,False,4,*COH,*CO,bond_dissociation,0,-1.0704,-0.1732,0.301,-1.5446,-0.5424,True,11
deepseek-v3,10766639,Au(110)_CO2RR,*CO2 → *CHO2 → *CHO → *CHOH → *COH → *CO → *,False,5,*CO,*,desorption,0,0.7533,-0.0552,0.438,0.2602,-0.5424,True,11
deepseek-v3,10766639,Pt(111)_ORR,*OO → *OOH → *OOH2 → *O → *OH → *H2O → *,True,0,*OO,*OOH,protonation,-1,-0.6047,0.1559,-0.1338,-0.315,0.2653,True,0
deepseek-v3,10766639,Pt(111)_ORR,*OO → *OOH → *OOH2 → *O → *OH → *H2O → *,True,1,*OOH,*OOH2,protonation,-1,-0.7223,0.1475,-0.1267,-0.4481,0.2653,True,0
deepseek-v3,10766639,Pt(111)_ORR,*OO → *OOH → *OOH2 → *O → *OH → *H2O → *,True,2,*OOH2,*O,bond_dissociation,0,-1.5907,-0.0768,0.3465,-2.014,0.2653,True,0
deepseek-v3,10766639,Pt(111)_ORR,*OO → *OOH → *OOH2 → *O → *OH → *H2O → *,True,3,*O,*OH,protonation,-1,-0.5753,0.1478,-0.1622,-0.2653,0.2653,True,0
deepseek-v3,10766639,Pt(111)_ORR,*OO → *OOH → *OOH2 → *O → *OH → *H2O → *,True,4,*OH,*H2O,protonation,-1,-1.1367,0.1407,-0.078,-0.918,0.2653,True,0
deepseek-v3,10766639,Pt(111)_ORR,*OO → *OOH → *OOH2 → *O → *OH → *H2O → *,True,5,*H2O,*,product_desorption,0,0.4121,-0.0654,0.3796,-0.0329,0.2653,True,0
deepseek-v3,10766639,Au(111)_ORR,*OO → *OOH → *OOHOH → *O → *OH → *HOH → *,True,0,*OO,*OOH,protonation,-1,-0.9257,0.1463,-0.2113,-0.5681,-999.0,False,0
deepseek-v3,10766639,Au(111)_ORR,*OO → *OOH → *OOHOH → *O → *OH → *HOH → *,True,1,*OOH,*OOHOH,hydroxylation,1,1.5603,-0.0419,-0.2372,1.7556,-999.0,False,0
deepseek-v3,10766639,Au(111)_ORR,*OO → *OOH → *OOHOH → *O → *OH → *HOH → *,True,2,*OOHOH,*O,bond_dissociation,0,-3.4834,0.1341,0.4736,-3.8229,-999.0,False,0
deepseek-v3,10766639,Au(111)_ORR,*OO → *OOH → *OOHOH → *O → *OH → *HOH → *,True,3,*O,*OH,protonation,-1,-1.3163,0.1414,-0.1512,-1.0238,-999.0,False,0
deepseek-v3,10766639,Au(111)_ORR,*OO → *OOH → *OOHOH → *O → *OH → *HOH → *,True,4,*OH,*HOH,protonation,-1,-1.3328,0.1322,-0.1218,-1.0788,-999.0,False,0
deepseek-v3,10766639,Au(111)_ORR,*OO → *OOH → *OOHOH → *O → *OH → *HOH → *,True,5,*HOH,*,product_desorption,0,0.2799,-0.0404,0.4027,-0.1631,-999.0,False,0
deepseek-v3,10766639,Au(111)_ORR,*OO → *OOH → *O(OH)OH → *O → *OH → *HOH → *,False,0,*OO,*OOH,protonation,-1,-0.9257,0.1463,-0.2113,-0.5681,-999.0,False,1
deepseek-v3,10766639,Au(111)_ORR,*OO → *OOH → *O(OH)OH → *O → *OH → *HOH → *,False,1,*OOH,*O(OH)OH,hydroxylation,1,1.5664,-0.0411,-0.2195,1.7448,-999.0,False,1
deepseek-v3,10766639,Au(111)_ORR,*OO → *OOH → *O(OH)OH → *O → *OH → *HOH → *,False,2,*O(OH)OH,*O,bond_dissociation,0,-3.4895,0.1333,0.4558,-3.812,-999.0,False,1
deepseek-v3,10766639,Au(111)_ORR,*OO → *OOH → *O(OH)OH → *O → *OH → *HOH → *,False,3,*O,*OH,protonation,-1,-1.3163,0.1414,-0.1512,-1.0238,-999.0,False,1
deepseek-v3,10766639,Au(111)_ORR,*OO → *OOH → *O(OH)OH → *O → *OH → *HOH → *,False,4,*OH,*HOH,protonation,-1,-1.3328,0.1322,-0.1218,-1.0788,-999.0,False,1
deepseek-v3,10766639,Au(111)_ORR,*OO → *OOH → *O(OH)OH → *O → *OH → *HOH → *,False,5,*HOH,*,product_desorption,0,0.2799,-0.0404,0.4027,-0.1631,-999.0,False,1
deepseek-v3,10766639,Au(111)_ORR,*OO → *OOOH → *OOOH2 → *O → *OH → *HOH → *,False,0,*OO,*OOOH,hydroxylation,1,1.0769,-0.0858,-0.3007,1.2918,-999.0,False,2
deepseek-v3,10766639,Au(111)_ORR,*OO → *OOOH → *OOOH2 → *O → *OH → *HOH → *,False,1,*OOOH,*OOOH2,protonation,-1,-0.4423,0.1903,-0.1478,-0.1042,-999.0,False,2
deepseek-v3,10766639,Au(111)_ORR,*OO → *OOOH → *OOOH2 → *O → *OH → *HOH → *,False,2,*OOOH2,*O,bond_dissociation,0,-3.4834,0.1341,0.4736,-3.823,-999.0,False,2
deepseek-v3,10766639,Au(111)_ORR,*OO → *OOOH → *OOOH2 → *O → *OH → *HOH → *,False,3,*O,*OH,protonation,-1,-1.3163,0.1414,-0.1512,-1.0238,-999.0,False,2
deepseek-v3,10766639,Au(111)_ORR,*OO → *OOOH → *OOOH2 → *O → *OH → *HOH → *,False,4,*OH,*HOH,protonation,-1,-1.3328,0.1322,-0.1218,-1.0788,-999.0,False,2
deepseek-v3,10766639,Au(111)_ORR,*OO → *OOOH → *OOOH2 → *O → *OH → *HOH → *,False,5,*HOH,*,product_desorption,0,0.2799,-0.0404,0.4027,-0.1631,-999.0,False,2
deepseek-v3,10766639,Au(111)_ORR,*OO → *OOOH → *OOHOH → *O → *OH → *HOH → *,False,0,*OO,*OOOH,hydroxylation,1,1.0769,-0.0858,-0.3007,1.2918,-999.0,False,3
deepseek-v3,10766639,Au(111)_ORR,*OO → *OOOH → *OOHOH → *O → *OH → *HOH → *,False,1,*OOOH,*OOHOH,protonation,-1,-0.4423,0.1903,-0.1478,-0.1042,-999.0,False,3
deepseek-v3,10766639,Au(111)_ORR,*OO → *OOOH → *OOHOH → *O → *OH → *HOH → *,False,2,*OOHOH,*O,bond_dissociation,0,-3.4834,0.1341,0.4736,-3.8229,-999.0,False,3
deepseek-v3,10766639,Au(111)_ORR,*OO → *OOOH → *OOHOH → *O → *OH → *HOH → *,False,3,*O,*OH,protonation,-1,-1.3163,0.1414,-0.1512,-1.0238,-999.0,False,3
deepseek-v3,10766639,Au(111)_ORR,*OO → *OOOH → *OOHOH → *O → *OH → *HOH → *,False,4,*OH,*HOH,protonation,-1,-1.3328,0.1322,-0.1218,-1.0788,-999.0,False,3
deepseek-v3,10766639,Au(111)_ORR,*OO → *OOOH → *OOHOH → *O → *OH → *HOH → *,False,5,*HOH,*,product_desorption,0,0.2799,-0.0404,0.4027,-0.1631,-999.0,False,3
deepseek-v3,10766639,Au(111)_ORR,*OO → *OOOH → *OOOH2 → *OOH → *O → *OH → *HOH → *,False,0,*OO,*OOOH,hydroxylation,1,1.0769,-0.0858,-0.3007,1.2918,-999.0,False,4
deepseek-v3,10766639,Au(111)_ORR,*OO → *OOOH → *OOOH2 → *OOH → *O → *OH → *HOH → *,False,1,*OOOH,*OOOH2,protonation,-1,-0.4423,0.1903,-0.1478,-0.1042,-999.0,False,4
deepseek-v3,10766639,Au(111)_ORR,*OO → *OOOH → *OOOH2 → *OOH → *O → *OH → *HOH → *,False,2,*OOOH2,*OOH,dehydroxylation,0,-1.5603,0.0419,0.2372,-1.7557,-999.0,False,4
deepseek-v3,10766639,Au(111)_ORR,*OO → *OOOH → *OOOH2 → *OOH → *O → *OH → *HOH → *,False,3,*OOH,*O,dehydroxylation,0,-1.9231,0.0922,0.2364,-2.0673,-999.0,False,4
deepseek-v3,10766639,Au(111)_ORR,*OO → *OOOH → *OOOH2 → *OOH → *O → *OH → *HOH → *,False,4,*O,*OH,protonation,-1,-1.3163,0.1414,-0.1512,-1.0238,-999.0,False,4
deepseek-v3,10766639,Au(111)_ORR,*OO → *OOOH → *OOOH2 → *OOH → *O → *OH → *HOH → *,False,5,*OH,*HOH,protonation,-1,-1.3328,0.1322,-0.1218,-1.0788,-999.0,False,4
deepseek-v3,10766639,Au(111)_ORR,*OO → *OOOH → *OOOH2 → *OOH → *O → *OH → *HOH → *,False,6,*HOH,*,product_desorption,0,0.2799,-0.0404,0.4027,-0.1631,-999.0,False,4
deepseek-v3,10766639,Au(111)_ORR,*OO → *OOOH → *OOOH2 → *OOH → *O → *OH → *HOH → *,False,0,*OO,*OOOH,hydroxylation,1,1.0769,-0.0858,-0.3007,1.2918,-999.0,False,5
deepseek-v3,10766639,Au(111)_ORR,*OO → *OOOH → *OOOH2 → *OOH → *O → *OH → *HOH → *,False,1,*OOOH,*OOOH2,protonation,-1,-0.4423,0.1903,-0.1478,-0.1042,-999.0,False,5
deepseek-v3,10766639,Au(111)_ORR,*OO → *OOOH → *OOOH2 → *OOH → *O → *OH → *HOH → *,False,2,*OOOH2,*OOH,dehydroxylation,0,-1.5603,0.0419,0.2372,-1.7557,-999.0,False,5
deepseek-v3,10766639,Au(111)_ORR,*OO → *OOOH → *OOOH2 → *OOH → *O → *OH → *HOH → *,False,3,*OOH,*O,bond_dissociation,0,-1.9231,0.0922,0.2364,-2.0673,-999.0,False,5
deepseek-v3,10766639,Au(111)_ORR,*OO → *OOOH → *OOOH2 → *OOH → *O → *OH → *HOH → *,False,4,*O,*OH,protonation,-1,-1.3163,0.1414,-0.1512,-1.0238,-999.0,False,5
deepseek-v3,10766639,Au(111)_ORR,*OO → *OOOH → *OOOH2 → *OOH → *O → *OH → *HOH → *,False,5,*OH,*HOH,protonation,-1,-1.3328,0.1322,-0.1218,-1.0788,-999.0,False,5
deepseek-v3,10766639,Au(111)_ORR,*OO → *OOOH → *OOOH2 → *OOH → *O → *OH → *HOH → *,False,6,*HOH,*,product_desorption,0,0.2799,-0.0404,0.4027,-0.1631,-999.0,False,5
deepseek-v3,10766639,Au(111)_ORR,*OO → *OOOH → *OOHOH → *OOH → *O → *OH → *HOH → *,False,0,*OO,*OOOH,hydroxylation,1,1.0769,-0.0858,-0.3007,1.2918,-999.0,False,6
deepseek-v3,10766639,Au(111)_ORR,*OO → *OOOH → *OOHOH → *OOH → *O → *OH → *HOH → *,False,1,*OOOH,*OOHOH,protonation,-1,-0.4423,0.1903,-0.1478,-0.1042,-999.0,False,6
deepseek-v3,10766639,Au(111)_ORR,*OO → *OOOH → *OOHOH → *OOH → *O → *OH → *HOH → *,False,2,*OOHOH,*OOH,bond_dissociation,0,-1.5603,0.0419,0.2372,-1.7556,-999.0,False,6
deepseek-v3,10766639,Au(111)_ORR,*OO → *OOOH → *OOHOH → *OOH → *O → *OH → *HOH → *,False,3,*OOH,*O,dehydroxylation,0,-1.9231,0.0922,0.2364,-2.0673,-999.0,False,6
deepseek-v3,10766639,Au(111)_ORR,*OO → *OOOH → *OOHOH → *OOH → *O → *OH → *HOH → *,False,4,*O,*OH,protonation,-1,-1.3163,0.1414,-0.1512,-1.0238,-999.0,False,6
deepseek-v3,10766639,Au(111)_ORR,*OO → *OOOH → *OOHOH → *OOH → *O → *OH → *HOH → *,False,5,*OH,*HOH,protonation,-1,-1.3328,0.1322,-0.1218,-1.0788,-999.0,False,6
deepseek-v3,10766639,Au(111)_ORR,*OO → *OOOH → *OOHOH → *OOH → *O → *OH → *HOH → *,False,6,*HOH,*,product_desorption,0,0.2799,-0.0404,0.4027,-0.1631,-999.0,False,6
deepseek-v3,10766639,Au(111)_ORR,*OO → *OOOH → *OOHOH → *OOH → *O → *OH → *HOH → *,False,0,*OO,*OOOH,hydroxylation,1,1.0769,-0.0858,-0.3007,1.2918,-999.0,False,7
deepseek-v3,10766639,Au(111)_ORR,*OO → *OOOH → *OOHOH → *OOH → *O → *OH → *HOH → *,False,1,*OOOH,*OOHOH,protonation,-1,-0.4423,0.1903,-0.1478,-0.1042,-999.0,False,7
deepseek-v3,10766639,Au(111)_ORR,*OO → *OOOH → *OOHOH → *OOH → *O → *OH → *HOH → *,False,2,*OOHOH,*OOH,bond_dissociation,0,-1.5603,0.0419,0.2372,-1.7556,-999.0,False,7
deepseek-v3,10766639,Au(111)_ORR,*OO → *OOOH → *OOHOH → *OOH → *O → *OH → *HOH → *,False,3,*OOH,*O,bond_dissociation,0,-1.9231,0.0922,0.2364,-2.0673,-999.0,False,7
deepseek-v3,10766639,Au(111)_ORR,*OO → *OOOH → *OOHOH → *OOH → *O → *OH → *HOH → *,False,4,*O,*OH,protonation,-1,-1.3163,0.1414,-0.1512,-1.0238,-999.0,False,7
deepseek-v3,10766639,Au(111)_ORR,*OO → *OOOH → *OOHOH → *OOH → *O → *OH → *HOH → *,False,5,*OH,*HOH,protonation,-1,-1.3328,0.1322,-0.1218,-1.0788,-999.0,False,7
deepseek-v3,10766639,Au(111)_ORR,*OO → *OOOH → *OOHOH → *OOH → *O → *OH → *HOH → *,False,6,*HOH,*,product_desorption,0,0.2799,-0.0404,0.4027,-0.1631,-999.0,False,7
deepseek-v3,10766639,Au(111)_ORR,*OO → *OOOH → *OOHOH → *OOH → *O → *OH → *HOH → *,False,0,*OO,*OOOH,hydroxylation,1,1.0769,-0.0858,-0.3007,1.2918,-999.0,False,8
deepseek-v3,10766639,Au(111)_ORR,*OO → *OOOH → *OOHOH → *OOH → *O → *OH → *HOH → *,False,1,*OOOH,*OOHOH,protonation,-1,-0.4423,0.1903,-0.1478,-0.1042,-999.0,False,8
deepseek-v3,10766639,Au(111)_ORR,*OO → *OOOH → *OOHOH → *OOH → *O → *OH → *HOH → *,False,2,*OOHOH,*OOH,dehydroxylation,0,-1.5603,0.0419,0.2372,-1.7556,-999.0,False,8
deepseek-v3,10766639,Au(111)_ORR,*OO → *OOOH → *OOHOH → *OOH → *O → *OH → *HOH → *,False,3,*OOH,*O,dehydroxylation,0,-1.9231,0.0922,0.2364,-2.0673,-999.0,False,8
deepseek-v3,10766639,Au(111)_ORR,*OO → *OOOH → *OOHOH → *OOH → *O → *OH → *HOH → *,False,4,*O,*OH,protonation,-1,-1.3163,0.1414,-0.1512,-1.0238,-999.0,False,8
deepseek-v3,10766639,Au(111)_ORR,*OO → *OOOH → *OOHOH → *OOH → *O → *OH → *HOH → *,False,5,*OH,*HOH,protonation,-1,-1.3328,0.1322,-0.1218,-1.0788,-999.0,False,8
deepseek-v3,10766639,Au(111)_ORR,*OO → *OOOH → *OOHOH → *OOH → *O → *OH → *HOH → *,False,6,*HOH,*,product_desorption,0,0.2799,-0.0404,0.4027,-0.1631,-999.0,False,8
deepseek-v3,10766639,Au(111)_ORR,*OO → *OOOH → *OOHOH → *OOH → *O → *OH → *HOH → *,False,0,*OO,*OOOH,hydroxylation,1,1.0769,-0.0858,-0.3007,1.2918,-999.0,False,9
deepseek-v3,10766639,Au(111)_ORR,*OO → *OOOH → *OOHOH → *OOH → *O → *OH → *HOH → *,False,1,*OOOH,*OOHOH,protonation,-1,-0.4423,0.1903,-0.1478,-0.1042,-999.0,False,9
deepseek-v3,10766639,Au(111)_ORR,*OO → *OOOH → *OOHOH → *OOH → *O → *OH → *HOH → *,False,2,*OOHOH,*OOH,dehydroxylation,0,-1.5603,0.0419,0.2372,-1.7556,-999.0,False,9
deepseek-v3,10766639,Au(111)_ORR,*OO → *OOOH → *OOHOH → *OOH → *O → *OH → *HOH → *,False,3,*OOH,*O,bond_dissociation,0,-1.9231,0.0922,0.2364,-2.0673,-999.0,False,9
deepseek-v3,10766639,Au(111)_ORR,*OO → *OOOH → *OOHOH → *OOH → *O → *OH → *HOH → *,False,4,*O,*OH,protonation,-1,-1.3163,0.1414,-0.1512,-1.0238,-999.0,False,9
deepseek-v3,10766639,Au(111)_ORR,*OO → *OOOH → *OOHOH → *OOH → *O → *OH → *HOH → *,False,5,*OH,*HOH,protonation,-1,-1.3328,0.1322,-0.1218,-1.0788,-999.0,False,9
deepseek-v3,10766639,Au(111)_ORR,*OO → *OOOH → *OOHOH → *OOH → *O → *OH → *HOH → *,False,6,*HOH,*,product_desorption,0,0.2799,-0.0404,0.4027,-0.1631,-999.0,False,9
deepseek-v3,10766641,Pt(111)_HER,* → *H → *,False,0,*,*H,protonation,-1,-0.4332,0.047,-0.1726,-0.2137,-999.0,False,0
deepseek-v3,10766641,Pt(111)_HER,* → *H → *,False,1,*H,*,deprotonation,1,0.4332,-0.047,0.1726,0.2137,-999.0,False,0
deepseek-v3,10766641,Pt(111)_HER,* → *H → *H2 → *,True,0,*,*H,protonation,-1,-0.4332,0.047,-0.1726,-0.2137,0.1458,True,1
deepseek-v3,10766641,Pt(111)_HER,* → *H → *H2 → *,True,1,*H,*H2,protonation,-1,-0.3271,-0.0099,-0.1913,-0.1458,0.1458,True,1
deepseek-v3,10766641,Pt(111)_HER,* → *H → *H2 → *,True,2,*H2,*,product_desorption,0,0.7603,-0.037,0.3638,0.3594,0.1458,True,1
deepseek-v3,10766641,Au(110)_CO2RR,*CO2 → *COOH → *CO → *,True,0,*CO2,*COOH,protonation,-1,0.3021,0.1521,-0.3101,0.7643,-0.7643,True,0
deepseek-v3,10766641,Au(110)_CO2RR,*CO2 → *COOH → *CO → *,True,1,*COOH,*CO,reductive_dehydration,-1,-0.1365,0.0129,0.3639,-0.4875,-0.7643,True,0
deepseek-v3,10766641,Au(110)_CO2RR,*CO2 → *COOH → *CO → *,True,2,*CO,*,desorption,0,0.7533,-0.0552,0.438,0.2601,-0.7643,True,0
deepseek-v3,10766641,Au(110)_CO2RR,*CO2 → *COOH → *COOH2 → *CO → *,False,0,*CO2,*COOH,protonation,-1,0.3021,0.1521,-0.3101,0.7643,-0.7643,True,1
deepseek-v3,10766641,Au(110)_CO2RR,*CO2 → *COOH → *COOH2 → *CO → *,False,1,*COOH,*COOH2,protonation,-1,-0.5979,0.1564,-0.0515,-0.39,-0.7643,True,1
deepseek-v3,10766641,Au(110)_CO2RR,*CO2 → *COOH → *COOH2 → *CO → *,False,2,*COOH2,*CO,bond_dissociation,0,0.4613,-0.1435,0.4154,-0.0975,-0.7643,True,1
deepseek-v3,10766641,Au(110)_CO2RR,*CO2 → *COOH → *COOH2 → *CO → *,False,3,*CO,*,desorption,0,0.7533,-0.0552,0.438,0.2601,-0.7643,True,1
deepseek-v3,10766641,Au(110)_CO2RR,*CO2 → *COOH → *CO(OH)H → *CO → *,False,0,*CO2,*COOH,protonation,-1,0.3021,0.1521,-0.3101,0.7643,-0.7643,True,2
deepseek-v3,10766641,Au(110)_CO2RR,*CO2 → *COOH → *CO(OH)H → *CO → *,False,1,*COOH,*CO(OH)H,protonation,-1,-0.5978,0.1565,-0.0546,-0.3866,-0.7643,True,2
deepseek-v3,10766641,Au(110)_CO2RR,*CO2 → *COOH → *CO(OH)H → *CO → *,False,2,*CO(OH)H,*CO,bond_dissociation,0,0.4613,-0.1436,0.4185,-0.1009,-0.7643,True,2
deepseek-v3,10766641,Au(110)_CO2RR,*CO2 → *COOH → *CO(OH)H → *CO → *,False,3,*CO,*,desorption,0,0.7533,-0.0552,0.438,0.2601,-0.7643,True,2
deepseek-v3,10766641,Au(111)_ORR,*OO → *OOH → *O → *OH → *OH2 → *,True,0,*OO,*OOH,protonation,-1,-0.9257,0.1464,-0.2113,-0.568,0.568,True,0
deepseek-v3,10766641,Au(111)_ORR,*OO → *OOH → *O → *OH → *OH2 → *,True,1,*OOH,*O,reductive_dehydration,-1,-1.9231,0.092,0.237,-2.0681,0.568,True,0
deepseek-v3,10766641,Au(111)_ORR,*OO → *OOH → *O → *OH → *OH2 → *,True,2,*O,*OH,protonation,-1,-1.317,0.1416,-0.1514,-1.024,0.568,True,0
deepseek-v3,10766641,Au(111)_ORR,*OO → *OOH → *O → *OH → *OH2 → *,True,3,*OH,*OH2,protonation,-1,-1.3317,0.1333,-0.1278,-1.0707,0.568,True,0
deepseek-v3,10766641,Au(111)_ORR,*OO → *OOH → *O → *OH → *OH2 → *,True,4,*OH2,*,product_desorption,0,0.2795,-0.0417,0.4088,-0.171,0.568,True,0
deepseek-v3,10766641,Au(111)_ORR,*OO → *OOH → *O(OH)2 → *O → *OH → *OH2 → *,False,0,*OO,*OOH,protonation,-1,-0.9257,0.1464,-0.2113,-0.568,-999.0,False,1
deepseek-v3,10766641,Au(111)_ORR,*OO → *OOH → *O(OH)2 → *O → *OH → *OH2 → *,False,1,*OOH,*O(OH)2,hydroxylation,1,1.5603,-0.042,-0.2366,1.7549,-999.0,False,1
deepseek-v3,10766641,Au(111)_ORR,*OO → *OOH → *O(OH)2 → *O → *OH → *OH2 → *,False,2,*O(OH)2,*O,bond_dissociation,0,-3.4834,0.1341,0.4736,-3.8229,-999.0,False,1
deepseek-v3,10766641,Au(111)_ORR,*OO → *OOH → *O(OH)2 → *O → *OH → *OH2 → *,False,3,*O,*OH,protonation,-1,-1.317,0.1416,-0.1514,-1.024,-999.0,False,1
deepseek-v3,10766641,Au(111)_ORR,*OO → *OOH → *O(OH)2 → *O → *OH → *OH2 → *,False,4,*OH,*OH2,protonation,-1,-1.3317,0.1333,-0.1278,-1.0707,-999.0,False,1
deepseek-v3,10766641,Au(111)_ORR,*OO → *OOH → *O(OH)2 → *O → *OH → *OH2 → *,False,5,*OH2,*,product_desorption,0,0.2795,-0.0417,0.4088,-0.171,-999.0,False,1
deepseek-v3,10766641,Au(111)_ORR,*OO → *OOH → *O(OH)(OH) → *O(OH)2 → *O → *OH → *OH2 → *,False,0,*OO,*OOH,protonation,-1,-0.9257,0.1464,-0.2113,-0.568,-999.0,False,2
deepseek-v3,10766641,Au(111)_ORR,*OO → *OOH → *O(OH)(OH) → *O(OH)2 → *O → *OH → *OH2 → *,False,1,*OOH,*O(OH)(OH),hydroxylation,1,1.567,-0.0421,-0.2098,1.7347,-999.0,False,2
deepseek-v3,10766641,Au(111)_ORR,*OO → *OOH → *O(OH)(OH) → *O(OH)2 → *O → *OH → *OH2 → *,False,2,*O(OH)(OH),*O(OH)2,bond_dissociation,0,-0.0067,0.0001,-0.0268,0.0201,-999.0,False,2
deepseek-v3,10766641,Au(111)_ORR,*OO → *OOH → *O(OH)(OH) → *O(OH)2 → *O → *OH → *OH2 → *,False,3,*O(OH)2,*O,bond_dissociation,0,-3.4834,0.1341,0.4736,-3.8229,-999.0,False,2
deepseek-v3,10766641,Au(111)_ORR,*OO → *OOH → *O(OH)(OH) → *O(OH)2 → *O → *OH → *OH2 → *,False,4,*O,*OH,protonation,-1,-1.317,0.1416,-0.1514,-1.024,-999.0,False,2
deepseek-v3,10766641,Au(111)_ORR,*OO → *OOH → *O(OH)(OH) → *O(OH)2 → *O → *OH → *OH2 → *,False,5,*OH,*OH2,protonation,-1,-1.3317,0.1333,-0.1278,-1.0707,-999.0,False,2
deepseek-v3,10766641,Au(111)_ORR,*OO → *OOH → *O(OH)(OH) → *O(OH)2 → *O → *OH → *OH2 → *,False,6,*OH2,*,product_desorption,0,0.2795,-0.0417,0.4088,-0.171,-999.0,False,2
deepseek-v3,10766641,Au(111)_ORR,*OO → *OOOH → *OOHOH → *OOH → *O → *OH → *OH2 → *,False,0,*OO,*OOOH,hydroxylation,1,1.0753,-0.085,-0.3021,1.2924,-999.0,False,3
deepseek-v3,10766641,Au(111)_ORR,*OO → *OOOH → *OOHOH → *OOH → *O → *OH → *OH2 → *,False,1,*OOOH,*OOHOH,protonation,-1,-0.4407,0.1894,-0.1458,-0.1055,-999.0,False,3
deepseek-v3,10766641,Au(111)_ORR,*OO → *OOOH → *OOHOH → *OOH → *O → *OH → *OH2 → *,False,2,*OOHOH,*OOH,dehydroxylation,0,-1.5603,0.042,0.2366,-1.7549,-999.0,False,3
deepseek-v3,10766641,Au(111)_ORR,*OO → *OOOH → *OOHOH → *OOH → *O → *OH → *OH2 → *,False,3,*OOH,*O,dehydroxylation,0,-1.9231,0.092,0.237,-2.0681,-999.0,False,3
deepseek-v3,10766641,Au(111)_ORR,*OO → *OOOH → *OOHOH → *OOH → *O → *OH → *OH2 → *,False,4,*O,*OH,protonation,-1,-1.317,0.1416,-0.1514,-1.024,-999.0,False,3
deepseek-v3,10766641,Au(111)_ORR,*OO → *OOOH → *OOHOH → *OOH → *O → *OH → *OH2 → *,False,5,*OH,*OH2,protonation,-1,-1.3317,0.1333,-0.1278,-1.0707,-999.0,False,3
deepseek-v3,10766641,Au(111)_ORR,*OO → *OOOH → *OOHOH → *OOH → *O → *OH → *OH2 → *,False,6,*OH2,*,product_desorption,0,0.2795,-0.0417,0.4088,-0.171,-999.0,False,3
deepseek-v3,10766641,Au(111)_ORR,*OO → *OOOH → *OOHOH → *OOH → *O → *OH → *OH2 → *,False,0,*OO,*OOOH,hydroxylation,1,1.0753,-0.085,-0.3021,1.2924,-999.0,False,4
deepseek-v3,10766641,Au(111)_ORR,*OO → *OOOH → *OOHOH → *OOH → *O → *OH → *OH2 → *,False,1,*OOOH,*OOHOH,protonation,-1,-0.4407,0.1894,-0.1458,-0.1055,-999.0,False,4
deepseek-v3,10766641,Au(111)_ORR,*OO → *OOOH → *OOHOH → *OOH → *O → *OH → *OH2 → *,False,2,*OOHOH,*OOH,dehydroxylation,0,-1.5603,0.042,0.2366,-1.7549,-999.0,False,4
deepseek-v3,10766641,Au(111)_ORR,*OO → *OOOH → *OOHOH → *OOH → *O → *OH → *OH2 → *,False,3,*OOH,*O,bond_dissociation,0,-1.9231,0.092,0.237,-2.0681,-999.0,False,4
deepseek-v3,10766641,Au(111)_ORR,*OO → *OOOH → *OOHOH → *OOH → *O → *OH → *OH2 → *,False,4,*O,*OH,protonation,-1,-1.317,0.1416,-0.1514,-1.024,-999.0,False,4
deepseek-v3,10766641,Au(111)_ORR,*OO → *OOOH → *OOHOH → *OOH → *O → *OH → *OH2 → *,False,5,*OH,*OH2,protonation,-1,-1.3317,0.1333,-0.1278,-1.0707,-999.0,False,4
deepseek-v3,10766641,Au(111)_ORR,*OO → *OOOH → *OOHOH → *OOH → *O → *OH → *OH2 → *,False,6,*OH2,*,product_desorption,0,0.2795,-0.0417,0.4088,-0.171,-999.0,False,4
deepseek-v3,10766641,Au(111)_ORR,*OO → *OOOH → *OOHOH → *OOH → *O → *OH → *OH2 → *,False,0,*OO,*OOOH,hydroxylation,1,1.0753,-0.085,-0.3021,1.2924,-999.0,False,5
deepseek-v3,10766641,Au(111)_ORR,*OO → *OOOH → *OOHOH → *OOH → *O → *OH → *OH2 → *,False,1,*OOOH,*OOHOH,protonation,-1,-0.4407,0.1894,-0.1458,-0.1055,-999.0,False,5
deepseek-v3,10766641,Au(111)_ORR,*OO → *OOOH → *OOHOH → *OOH → *O → *OH → *OH2 → *,False,2,*OOHOH,*OOH,bond_dissociation,0,-1.5603,0.042,0.2366,-1.7549,-999.0,False,5
deepseek-v3,10766641,Au(111)_ORR,*OO → *OOOH → *OOHOH → *OOH → *O → *OH → *OH2 → *,False,3,*OOH,*O,dehydroxylation,0,-1.9231,0.092,0.237,-2.0681,-999.0,False,5
deepseek-v3,10766641,Au(111)_ORR,*OO → *OOOH → *OOHOH → *OOH → *O → *OH → *OH2 → *,False,4,*O,*OH,protonation,-1,-1.317,0.1416,-0.1514,-1.024,-999.0,False,5
deepseek-v3,10766641,Au(111)_ORR,*OO → *OOOH → *OOHOH → *OOH → *O → *OH → *OH2 → *,False,5,*OH,*OH2,protonation,-1,-1.3317,0.1333,-0.1278,-1.0707,-999.0,False,5
deepseek-v3,10766641,Au(111)_ORR,*OO → *OOOH → *OOHOH → *OOH → *O → *OH → *OH2 → *,False,6,*OH2,*,product_desorption,0,0.2795,-0.0417,0.4088,-0.171,-999.0,False,5
deepseek-v3,10766641,Au(111)_ORR,*OO → *OOOH → *OOHOH → *OOH → *O → *OH → *OH2 → *,False,0,*OO,*OOOH,hydroxylation,1,1.0753,-0.085,-0.3021,1.2924,-999.0,False,6
deepseek-v3,10766641,Au(111)_ORR,*OO → *OOOH → *OOHOH → *OOH → *O → *OH → *OH2 → *,False,1,*OOOH,*OOHOH,protonation,-1,-0.4407,0.1894,-0.1458,-0.1055,-999.0,False,6
deepseek-v3,10766641,Au(111)_ORR,*OO → *OOOH → *OOHOH → *OOH → *O → *OH → *OH2 → *,False,2,*OOHOH,*OOH,bond_dissociation,0,-1.5603,0.042,0.2366,-1.7549,-999.0,False,6
deepseek-v3,10766641,Au(111)_ORR,*OO → *OOOH → *OOHOH → *OOH → *O → *OH → *OH2 → *,False,3,*OOH,*O,bond_dissociation,0,-1.9231,0.092,0.237,-2.0681,-999.0,False,6
deepseek-v3,10766641,Au(111)_ORR,*OO → *OOOH → *OOHOH → *OOH → *O → *OH → *OH2 → *,False,4,*O,*OH,protonation,-1,-1.317,0.1416,-0.1514,-1.024,-999.0,False,6
deepseek-v3,10766641,Au(111)_ORR,*OO → *OOOH → *OOHOH → *OOH → *O → *OH → *OH2 → *,False,5,*OH,*OH2,protonation,-1,-1.3317,0.1333,-0.1278,-1.0707,-999.0,False,6
deepseek-v3,10766641,Au(111)_ORR,*OO → *OOOH → *OOHOH → *OOH → *O → *OH → *OH2 → *,False,6,*OH2,*,product_desorption,0,0.2795,-0.0417,0.4088,-0.171,-999.0,False,6
deepseek-v3,10766641,Au(111)_ORR,*OO → *OOOH → *OOHOH → *OOH → *O → *OH → *OH2 → *,False,0,*OO,*OOOH,hydroxylation,1,1.0753,-0.085,-0.3021,1.2924,-999.0,False,7
deepseek-v3,10766641,Au(111)_ORR,*OO → *OOOH → *OOHOH → *OOH → *O → *OH → *OH2 → *,False,1,*OOOH,*OOHOH,protonation,-1,-0.4407,0.1894,-0.1458,-0.1055,-999.0,False,7
deepseek-v3,10766641,Au(111)_ORR,*OO → *OOOH → *OOHOH → *OOH → *O → *OH → *OH2 → *,False,2,*OOHOH,*OOH,desorption,0,-1.5603,0.042,0.2366,-1.7549,-999.0,False,7
deepseek-v3,10766641,Au(111)_ORR,*OO → *OOOH → *OOHOH → *OOH → *O → *OH → *OH2 → *,False,3,*OOH,*O,dehydroxylation,0,-1.9231,0.092,0.237,-2.0681,-999.0,False,7
deepseek-v3,10766641,Au(111)_ORR,*OO → *OOOH → *OOHOH → *OOH → *O → *OH → *OH2 → *,False,4,*O,*OH,protonation,-1,-1.317,0.1416,-0.1514,-1.024,-999.0,False,7
deepseek-v3,10766641,Au(111)_ORR,*OO → *OOOH → *OOHOH → *OOH → *O → *OH → *OH2 → *,False,5,*OH,*OH2,protonation,-1,-1.3317,0.1333,-0.1278,-1.0707,-999.0,False,7
deepseek-v3,10766641,Au(111)_ORR,*OO → *OOOH → *OOHOH → *OOH → *O → *OH → *OH2 → *,False,6,*OH2,*,product_desorption,0,0.2795,-0.0417,0.4088,-0.171,-999.0,False,7
deepseek-v3,10766641,Au(111)_ORR,*OO → *OOOH → *OOHOH → *OOH → *O → *OH → *OH2 → *,False,0,*OO,*OOOH,hydroxylation,1,1.0753,-0.085,-0.3021,1.2924,-999.0,False,8
deepseek-v3,10766641,Au(111)_ORR,*OO → *OOOH → *OOHOH → *OOH → *O → *OH → *OH2 → *,False,1,*OOOH,*OOHOH,protonation,-1,-0.4407,0.1894,-0.1458,-0.1055,-999.0,False,8
deepseek-v3,10766641,Au(111)_ORR,*OO → *OOOH → *OOHOH → *OOH → *O → *OH → *OH2 → *,False,2,*OOHOH,*OOH,desorption,0,-1.5603,0.042,0.2366,-1.7549,-999.0,False,8
deepseek-v3,10766641,Au(111)_ORR,*OO → *OOOH → *OOHOH → *OOH → *O → *OH → *OH2 → *,False,3,*OOH,*O,bond_dissociation,0,-1.9231,0.092,0.237,-2.0681,-999.0,False,8
deepseek-v3,10766641,Au(111)_ORR,*OO → *OOOH → *OOHOH → *OOH → *O → *OH → *OH2 → *,False,4,*O,*OH,protonation,-1,-1.317,0.1416,-0.1514,-1.024,-999.0,False,8
deepseek-v3,10766641,Au(111)_ORR,*OO → *OOOH → *OOHOH → *OOH → *O → *OH → *OH2 → *,False,5,*OH,*OH2,protonation,-1,-1.3317,0.1333,-0.1278,-1.0707,-999.0,False,8
deepseek-v3,10766641,Au(111)_ORR,*OO → *OOOH → *OOHOH → *OOH → *O → *OH → *OH2 → *,False,6,*OH2,*,product_desorption,0,0.2795,-0.0417,0.4088,-0.171,-999.0,False,8
deepseek-v3,10766641,Pt(111)_ORR,*OO → *OOH → *O → *OH → *H2O → *,True,0,*OO,*OOH,protonation,-1,-0.6049,0.1562,-0.1363,-0.3125,0.2652,True,0
deepseek-v3,10766641,Pt(111)_ORR,*OO → *OOH → *O → *OH → *H2O → *,True,1,*OOH,*O,reductive_dehydration,-1,-2.3127,0.0704,0.2224,-2.4647,0.2652,True,0
deepseek-v3,10766641,Pt(111)_ORR,*OO → *OOH → *O → *OH → *H2O → *,True,2,*O,*OH,protonation,-1,-0.5753,0.1478,-0.1623,-0.2652,0.2652,True,0
deepseek-v3,10766641,Pt(111)_ORR,*OO → *OOH → *O → *OH → *H2O → *,True,3,*OH,*H2O,protonation,-1,-1.1367,0.1406,-0.0782,-0.9179,0.2652,True,0
deepseek-v3,10766641,Pt(111)_ORR,*OO → *OOH → *O → *OH → *H2O → *,True,4,*H2O,*,product_desorption,0,0.412,-0.0653,0.3799,-0.0332,0.2652,True,0
deepseek-v3,10766641,Pt(111)_ORR,*OO → *OOH → *O(OH2) → *O → *OH → *H2O → *,False,0,*OO,*OOH,protonation,-1,-0.6049,0.1562,-0.1363,-0.3125,0.2652,True,1
deepseek-v3,10766641,Pt(111)_ORR,*OO → *OOH → *O(OH2) → *O → *OH → *H2O → *,False,1,*OOH,*O(OH2),protonation,-1,-0.722,0.1472,-0.1241,-0.4507,0.2652,True,1
deepseek-v3,10766641,Pt(111)_ORR,*OO → *OOH → *O(OH2) → *O → *OH → *H2O → *,False,2,*O(OH2),*O,bond_dissociation,0,-1.5907,-0.0768,0.3465,-2.014,0.2652,True,1
deepseek-v3,10766641,Pt(111)_ORR,*OO → *OOH → *O(OH2) → *O → *OH → *H2O → *,False,3,*O,*OH,protonation,-1,-0.5753,0.1478,-0.1623,-0.2652,0.2652,True,1
deepseek-v3,10766641,Pt(111)_ORR,*OO → *OOH → *O(OH2) → *O → *OH → *H2O → *,False,4,*OH,*H2O,protonation,-1,-1.1367,0.1406,-0.0782,-0.9179,0.2652,True,1
deepseek-v3,10766641,Pt(111)_ORR,*OO → *OOH → *O(OH2) → *O → *OH → *H2O → *,False,5,*H2O,*,product_desorption,0,0.412,-0.0653,0.3799,-0.0332,0.2652,True,1
deepseek-v3,10766641,Pt(111)_ORR,*OO → *OOH → *OOHOH → *O → *OH → *H2O → *,False,0,*OO,*OOH,protonation,-1,-0.6049,0.1562,-0.1363,-0.3125,-999.0,False,2
deepseek-v3,10766641,Pt(111)_ORR,*OO → *OOH → *OOHOH → *O → *OH → *H2O → *,False,1,*OOH,*OOHOH,hydroxylation,1,2.1481,-0.084,-0.319,2.3831,-999.0,False,2
deepseek-v3,10766641,Pt(111)_ORR,*OO → *OOH → *OOHOH → *O → *OH → *H2O → *,False,2,*OOHOH,*O,bond_dissociation,0,-4.4608,0.1545,0.5414,-4.8478,-999.0,False,2
deepseek-v3,10766641,Pt(111)_ORR,*OO → *OOH → *OOHOH → *O → *OH → *H2O → *,False,3,*O,*OH,protonation,-1,-0.5753,0.1478,-0.1623,-0.2652,-999.0,False,2
deepseek-v3,10766641,Pt(111)_ORR,*OO → *OOH → *OOHOH → *O → *OH → *H2O → *,False,4,*OH,*H2O,protonation,-1,-1.1367,0.1406,-0.0782,-0.9179,-999.0,False,2
deepseek-v3,10766641,Pt(111)_ORR,*OO → *OOH → *OOHOH → *O → *OH → *H2O → *,False,5,*H2O,*,product_desorption,0,0.412,-0.0653,0.3799,-0.0332,-999.0,False,2
deepseek-v3,10766641,Pt(111)_ORR,*OO → *OOH → *OOHOH → *O → *OH → *H2O → *,False,0,*OO,*OOH,protonation,-1,-0.6049,0.1562,-0.1363,-0.3125,-999.0,False,3
deepseek-v3,10766641,Pt(111)_ORR,*OO → *OOH → *OOHOH → *O → *OH → *H2O → *,False,1,*OOH,*OOHOH,hydroxylation,1,2.1481,-0.084,-0.319,2.3831,-999.0,False,3
deepseek-v3,10766641,Pt(111)_ORR,*OO → *OOH → *OOHOH → *O → *OH → *H2O → *,False,2,*OOHOH,*O,desorption,0,-4.4608,0.1545,0.5414,-4.8478,-999.0,False,3
deepseek-v3,10766641,Pt(111)_ORR,*OO → *OOH → *OOHOH → *O → *OH → *H2O → *,False,3,*O,*OH,protonation,-1,-0.5753,0.1478,-0.1623,-0.2652,-999.0,False,3
deepseek-v3,10766641,Pt(111)_ORR,*OO → *OOH → *OOHOH → *O → *OH → *H2O → *,False,4,*OH,*H2O,protonation,-1,-1.1367,0.1406,-0.0782,-0.9179,-999.0,False,3
deepseek-v3,10766641,Pt(111)_ORR,*OO → *OOH → *OOHOH → *O → *OH → *H2O → *,False,5,*H2O,*,product_desorption,0,0.412,-0.0653,0.3799,-0.0332,-999.0,False,3
deepseek-v3,10766641,Pt(111)_ORR,*OO → *OOOH → *OOOH2 → *O → *OH → *H2O → *,False,0,*OO,*OOOH,hydroxylation,1,1.9943,-0.0982,-0.2698,2.1659,-999.0,False,4
deepseek-v3,10766641,Pt(111)_ORR,*OO → *OOOH → *OOOH2 → *O → *OH → *H2O → *,False,1,*OOOH,*OOOH2,protonation,-1,-0.4511,0.1704,-0.1858,-0.0949,-999.0,False,4
deepseek-v3,10766641,Pt(111)_ORR,*OO → *OOOH → *OOOH2 → *O → *OH → *H2O → *,False,2,*OOOH2,*O,bond_dissociation,0,-4.4608,0.1544,0.5417,-4.8482,-999.0,False,4
deepseek-v3,10766641,Pt(111)_ORR,*OO → *OOOH → *OOOH2 → *O → *OH → *H2O → *,False,3,*O,*OH,protonation,-1,-0.5753,0.1478,-0.1623,-0.2652,-999.0,False,4
deepseek-v3,10766641,Pt(111)_ORR,*OO → *OOOH → *OOOH2 → *O → *OH → *H2O → *,False,4,*OH,*H2O,protonation,-1,-1.1367,0.1406,-0.0782,-0.9179,-999.0,False,4
deepseek-v3,10766641,Pt(111)_ORR,*OO → *OOOH → *OOOH2 → *O → *OH → *H2O → *,False,5,*H2O,*,product_desorption,0,0.412,-0.0653,0.3799,-0.0332,-999.0,False,4
deepseek-v3,10766641,Pt(111)_ORR,*OO → *OOOH → *OOHOH → *O → *OH → *H2O → *,False,0,*OO,*OOOH,hydroxylation,1,1.9943,-0.0982,-0.2698,2.1659,-999.0,False,5
deepseek-v3,10766641,Pt(111)_ORR,*OO → *OOOH → *OOHOH → *O → *OH → *H2O → *,False,1,*OOOH,*OOHOH,protonation,-1,-0.4511,0.1704,-0.1855,-0.0953,-999.0,False,5
deepseek-v3,10766641,Pt(111)_ORR,*OO → *OOOH → *OOHOH → *O → *OH → *H2O → *,False,2,*OOHOH,*O,bond_dissociation,0,-4.4608,0.1545,0.5414,-4.8478,-999.0,False,5
deepseek-v3,10766641,Pt(111)_ORR,*OO → *OOOH → *OOHOH → *O → *OH → *H2O → *,False,3,*O,*OH,protonation,-1,-0.5753,0.1478,-0.1623,-0.2652,-999.0,False,5
deepseek-v3,10766641,Pt(111)_ORR,*OO → *OOOH → *OOHOH → *O → *OH → *H2O → *,False,4,*OH,*H2O,protonation,-1,-1.1367,0.1406,-0.0782,-0.9179,-999.0,False,5
deepseek-v3,10766641,Pt(111)_ORR,*OO → *OOOH → *OOHOH → *O → *OH → *H2O → *,False,5,*H2O,*,product_desorption,0,0.412,-0.0653,0.3799,-0.0332,-999.0,False,5
deepseek-v3,10766641,Pt(111)_ORR,*OO → *OOOH → *OOHOH → *O → *OH → *H2O → *,False,0,*OO,*OOOH,hydroxylation,1,1.9943,-0.0982,-0.2698,2.1659,-999.0,False,6
deepseek-v3,10766641,Pt(111)_ORR,*OO → *OOOH → *OOHOH → *O → *OH → *H2O → *,False,1,*OOOH,*OOHOH,protonation,-1,-0.4511,0.1704,-0.1855,-0.0953,-999.0,False,6
deepseek-v3,10766641,Pt(111)_ORR,*OO → *OOOH → *OOHOH → *O → *OH → *H2O → *,False,2,*OOHOH,*O,desorption,0,-4.4608,0.1545,0.5414,-4.8478,-999.0,False,6
deepseek-v3,10766641,Pt(111)_ORR,*OO → *OOOH → *OOHOH → *O → *OH → *H2O → *,False,3,*O,*OH,protonation,-1,-0.5753,0.1478,-0.1623,-0.2652,-999.0,False,6
deepseek-v3,10766641,Pt(111)_ORR,*OO → *OOOH → *OOHOH → *O → *OH → *H2O → *,False,4,*OH,*H2O,protonation,-1,-1.1367,0.1406,-0.0782,-0.9179,-999.0,False,6
deepseek-v3,10766641,Pt(111)_ORR,*OO → *OOOH → *OOHOH → *O → *OH → *H2O → *,False,5,*H2O,*,product_desorption,0,0.412,-0.0653,0.3799,-0.0332,-999.0,False,6
deepseek-v3,10766641,Pt(111)_ORR,*OO → *OOOH → *OOH → *O → *OH → *H2O → *,False,0,*OO,*OOOH,hydroxylation,1,1.9943,-0.0982,-0.2698,2.1659,-999.0,False,7
deepseek-v3,10766641,Pt(111)_ORR,*OO → *OOOH → *OOH → *O → *OH → *H2O → *,False,1,*OOOH,*OOH,bond_dissociation,0,-2.5992,0.2544,0.1336,-2.4784,-999.0,False,7
deepseek-v3,10766641,Pt(111)_ORR,*OO → *OOOH → *OOH → *O → *OH → *H2O → *,False,2,*OOH,*O,reductive_dehydration,-1,-2.3127,0.0704,0.2224,-2.4647,-999.0,False,7
deepseek-v3,10766641,Pt(111)_ORR,*OO → *OOOH → *OOH → *O → *OH → *H2O → *,False,3,*O,*OH,protonation,-1,-0.5753,0.1478,-0.1623,-0.2652,-999.0,False,7
deepseek-v3,10766641,Pt(111)_ORR,*OO → *OOOH → *OOH → *O → *OH → *H2O → *,False,4,*OH,*H2O,protonation,-1,-1.1367,0.1406,-0.0782,-0.9179,-999.0,False,7
deepseek-v3,10766641,Pt(111)_ORR,*OO → *OOOH → *OOH → *O → *OH → *H2O → *,False,5,*H2O,*,product_desorption,0,0.412,-0.0653,0.3799,-0.0332,-999.0,False,7
deepseek-v3,10766641,Pt(111)_ORR,*OO → *OOOH → *OOH → *O → *OH → *H2O → *,False,0,*OO,*OOOH,hydroxylation,1,1.9943,-0.0982,-0.2698,2.1659,-999.0,False,8
deepseek-v3,10766641,Pt(111)_ORR,*OO → *OOOH → *OOH → *O → *OH → *H2O → *,False,1,*OOOH,*OOH,desorption,0,-2.5992,0.2544,0.1336,-2.4784,-999.0,False,8
deepseek-v3,10766641,Pt(111)_ORR,*OO → *OOOH → *OOH → *O → *OH → *H2O → *,False,2,*OOH,*O,reductive_dehydration,-1,-2.3127,0.0704,0.2224,-2.4647,-999.0,False,8
deepseek-v3,10766641,Pt(111)_ORR,*OO → *OOOH → *OOH → *O → *OH → *H2O → *,False,3,*O,*OH,protonation,-1,-0.5753,0.1478,-0.1623,-0.2652,-999.0,False,8
deepseek-v3,10766641,Pt(111)_ORR,*OO → *OOOH → *OOH → *O → *OH → *H2O → *,False,4,*OH,*H2O,protonation,-1,-1.1367,0.1406,-0.0782,-0.9179,-999.0,False,8
deepseek-v3,10766641,Pt(111)_ORR,*OO → *OOOH → *OOH → *O → *OH → *H2O → *,False,5,*H2O,*,product_desorption,0,0.412,-0.0653,0.3799,-0.0332,-999.0,False,8
deepseek-v3,10766641,Pt(111)_ORR,*OO → *OOOH → *OOOH2 → *OOH → *O → *OH → *H2O → *,False,0,*OO,*OOOH,hydroxylation,1,1.9943,-0.0982,-0.2698,2.1659,-999.0,False,9
deepseek-v3,10766641,Pt(111)_ORR,*OO → *OOOH → *OOOH2 → *OOH → *O → *OH → *H2O → *,False,1,*OOOH,*OOOH2,protonation,-1,-0.4511,0.1704,-0.1858,-0.0949,-999.0,False,9
deepseek-v3,10766641,Pt(111)_ORR,*OO → *OOOH → *OOOH2 → *OOH → *O → *OH → *H2O → *,False,2,*OOOH2,*OOH,dehydroxylation,0,-2.1481,0.084,0.3193,-2.3835,-999.0,False,9
deepseek-v3,10766641,Pt(111)_ORR,*OO → *OOOH → *OOOH2 → *OOH → *O → *OH → *H2O → *,False,3,*OOH,*O,dehydroxylation,0,-2.3127,0.0704,0.2224,-2.4647,-999.0,False,9
deepseek-v3,10766641,Pt(111)_ORR,*OO → *OOOH → *OOOH2 → *OOH → *O → *OH → *H2O → *,False,4,*O,*OH,protonation,-1,-0.5753,0.1478,-0.1623,-0.2652,-999.0,False,9
deepseek-v3,10766641,Pt(111)_ORR,*OO → *OOOH → *OOOH2 → *OOH → *O → *OH → *H2O → *,False,5,*OH,*H2O,protonation,-1,-1.1367,0.1406,-0.0782,-0.9179,-999.0,False,9
deepseek-v3,10766641,Pt(111)_ORR,*OO → *OOOH → *OOOH2 → *OOH → *O → *OH → *H2O → *,False,6,*H2O,*,product_desorption,0,0.412,-0.0653,0.3799,-0.0332,-999.0,False,9
deepseek-v3,10766641,Pt(111)_ORR,*OO → *OOOH → *OOOH2 → *OOH → *O → *OH → *H2O → *,False,0,*OO,*OOOH,hydroxylation,1,1.9943,-0.0982,-0.2698,2.1659,-999.0,False,10
deepseek-v3,10766641,Pt(111)_ORR,*OO → *OOOH → *OOOH2 → *OOH → *O → *OH → *H2O → *,False,1,*OOOH,*OOOH2,protonation,-1,-0.4511,0.1704,-0.1858,-0.0949,-999.0,False,10
deepseek-v3,10766641,Pt(111)_ORR,*OO → *OOOH → *OOOH2 → *OOH → *O → *OH → *H2O → *,False,2,*OOOH2,*OOH,dehydroxylation,0,-2.1481,0.084,0.3193,-2.3835,-999.0,False,10
deepseek-v3,10766641,Pt(111)_ORR,*OO → *OOOH → *OOOH2 → *OOH → *O → *OH → *H2O → *,False,3,*OOH,*O,bond_dissociation,0,-2.3127,0.0704,0.2224,-2.4647,-999.0,False,10
deepseek-v3,10766641,Pt(111)_ORR,*OO → *OOOH → *OOOH2 → *OOH → *O → *OH → *H2O → *,False,4,*O,*OH,protonation,-1,-0.5753,0.1478,-0.1623,-0.2652,-999.0,False,10
deepseek-v3,10766641,Pt(111)_ORR,*OO → *OOOH → *OOOH2 → *OOH → *O → *OH → *H2O → *,False,5,*OH,*H2O,protonation,-1,-1.1367,0.1406,-0.0782,-0.9179,-999.0,False,10
deepseek-v3,10766641,Pt(111)_ORR,*OO → *OOOH → *OOOH2 → *OOH → *O → *OH → *H2O → *,False,6,*H2O,*,product_desorption,0,0.412,-0.0653,0.3799,-0.0332,-999.0,False,10
deepseek-v3,10766641,Pt(111)_ORR,*OO → *OOOH → *OOHOH → *OOH → *O → *OH → *H2O → *,False,0,*OO,*OOOH,hydroxylation,1,1.9943,-0.0982,-0.2698,2.1659,-999.0,False,11
deepseek-v3,10766641,Pt(111)_ORR,*OO → *OOOH → *OOHOH → *OOH → *O → *OH → *H2O → *,False,1,*OOOH,*OOHOH,protonation,-1,-0.4511,0.1704,-0.1855,-0.0953,-999.0,False,11
deepseek-v3,10766641,Pt(111)_ORR,*OO → *OOOH → *OOHOH → *OOH → *O → *OH → *H2O → *,False,2,*OOHOH,*OOH,dehydroxylation,0,-2.1481,0.084,0.319,-2.3831,-999.0,False,11
deepseek-v3,10766641,Pt(111)_ORR,*OO → *OOOH → *OOHOH → *OOH → *O → *OH → *H2O → *,False,3,*OOH,*O,dehydroxylation,0,-2.3127,0.0704,0.2224,-2.4647,-999.0,False,11
deepseek-v3,10766641,Pt(111)_ORR,*OO → *OOOH → *OOHOH → *OOH → *O → *OH → *H2O → *,False,4,*O,*OH,protonation,-1,-0.5753,0.1478,-0.1623,-0.2652,-999.0,False,11
deepseek-v3,10766641,Pt(111)_ORR,*OO → *OOOH → *OOHOH → *OOH → *O → *OH → *H2O → *,False,5,*OH,*H2O,protonation,-1,-1.1367,0.1406,-0.0782,-0.9179,-999.0,False,11
deepseek-v3,10766641,Pt(111)_ORR,*OO → *OOOH → *OOHOH → *OOH → *O → *OH → *H2O → *,False,6,*H2O,*,product_desorption,0,0.412,-0.0653,0.3799,-0.0332,-999.0,False,11
deepseek-v3,10766641,Pt(111)_ORR,*OO → *OOOH → *OOHOH → *OOH → *O → *OH → *H2O → *,False,0,*OO,*OOOH,hydroxylation,1,1.9943,-0.0982,-0.2698,2.1659,-999.0,False,12
deepseek-v3,10766641,Pt(111)_ORR,*OO → *OOOH → *OOHOH → *OOH → *O → *OH → *H2O → *,False,1,*OOOH,*OOHOH,protonation,-1,-0.4511,0.1704,-0.1855,-0.0953,-999.0,False,12
deepseek-v3,10766641,Pt(111)_ORR,*OO → *OOOH → *OOHOH → *OOH → *O → *OH → *H2O → *,False,2,*OOHOH,*OOH,dehydroxylation,0,-2.1481,0.084,0.319,-2.3831,-999.0,False,12
deepseek-v3,10766641,Pt(111)_ORR,*OO → *OOOH → *OOHOH → *OOH → *O → *OH → *H2O → *,False,3,*OOH,*O,bond_dissociation,0,-2.3127,0.0704,0.2224,-2.4647,-999.0,False,12
deepseek-v3,10766641,Pt(111)_ORR,*OO → *OOOH → *OOHOH → *OOH → *O → *OH → *H2O → *,False,4,*O,*OH,protonation,-1,-0.5753,0.1478,-0.1623,-0.2652,-999.0,False,12
deepseek-v3,10766641,Pt(111)_ORR,*OO → *OOOH → *OOHOH → *OOH → *O → *OH → *H2O → *,False,5,*OH,*H2O,protonation,-1,-1.1367,0.1406,-0.0782,-0.9179,-999.0,False,12
deepseek-v3,10766641,Pt(111)_ORR,*OO → *OOOH → *OOHOH → *OOH → *O → *OH → *H2O → *,False,6,*H2O,*,product_desorption,0,0.412,-0.0653,0.3799,-0.0332,-999.0,False,12
deepseek-v3,10766641,Pt(111)_ORR,*OO → *OOOH → *OOHOH → *OOH → *O → *OH → *H2O → *,False,0,*OO,*OOOH,hydroxylation,1,1.9943,-0.0982,-0.2698,2.1659,-999.0,False,13
deepseek-v3,10766641,Pt(111)_ORR,*OO → *OOOH → *OOHOH → *OOH → *O → *OH → *H2O → *,False,1,*OOOH,*OOHOH,protonation,-1,-0.4511,0.1704,-0.1855,-0.0953,-999.0,False,13
deepseek-v3,10766641,Pt(111)_ORR,*OO → *OOOH → *OOHOH → *OOH → *O → *OH → *H2O → *,False,2,*OOHOH,*OOH,bond_dissociation,0,-2.1481,0.084,0.319,-2.3831,-999.0,False,13
deepseek-v3,10766641,Pt(111)_ORR,*OO → *OOOH → *OOHOH → *OOH → *O → *OH → *H2O → *,False,3,*OOH,*O,dehydroxylation,0,-2.3127,0.0704,0.2224,-2.4647,-999.0,False,13
deepseek-v3,10766641,Pt(111)_ORR,*OO → *OOOH → *OOHOH → *OOH → *O → *OH → *H2O → *,False,4,*O,*OH,protonation,-1,-0.5753,0.1478,-0.1623,-0.2652,-999.0,False,13
deepseek-v3,10766641,Pt(111)_ORR,*OO → *OOOH → *OOHOH → *OOH → *O → *OH → *H2O → *,False,5,*OH,*H2O,protonation,-1,-1.1367,0.1406,-0.0782,-0.9179,-999.0,False,13
deepseek-v3,10766641,Pt(111)_ORR,*OO → *OOOH → *OOHOH → *OOH → *O → *OH → *H2O → *,False,6,*H2O,*,product_desorption,0,0.412,-0.0653,0.3799,-0.0332,-999.0,False,13
deepseek-v3,10766641,Pt(111)_ORR,*OO → *OOOH → *OOHOH → *OOH → *O → *OH → *H2O → *,False,0,*OO,*OOOH,hydroxylation,1,1.9943,-0.0982,-0.2698,2.1659,-999.0,False,14
deepseek-v3,10766641,Pt(111)_ORR,*OO → *OOOH → *OOHOH → *OOH → *O → *OH → *H2O → *,False,1,*OOOH,*OOHOH,protonation,-1,-0.4511,0.1704,-0.1855,-0.0953,-999.0,False,14
deepseek-v3,10766641,Pt(111)_ORR,*OO → *OOOH → *OOHOH → *OOH → *O → *OH → *H2O → *,False,2,*OOHOH,*OOH,bond_dissociation,0,-2.1481,0.084,0.319,-2.3831,-999.0,False,14
deepseek-v3,10766641,Pt(111)_ORR,*OO → *OOOH → *OOHOH → *OOH → *O → *OH → *H2O → *,False,3,*OOH,*O,bond_dissociation,0,-2.3127,0.0704,0.2224,-2.4647,-999.0,False,14
deepseek-v3,10766641,Pt(111)_ORR,*OO → *OOOH → *OOHOH → *OOH → *O → *OH → *H2O → *,False,4,*O,*OH,protonation,-1,-0.5753,0.1478,-0.1623,-0.2652,-999.0,False,14
deepseek-v3,10766641,Pt(111)_ORR,*OO → *OOOH → *OOHOH → *OOH → *O → *OH → *H2O → *,False,5,*OH,*H2O,protonation,-1,-1.1367,0.1406,-0.0782,-0.9179,-999.0,False,14
deepseek-v3,10766641,Pt(111)_ORR,*OO → *OOOH → *OOHOH → *OOH → *O → *OH → *H2O → *,False,6,*H2O,*,product_desorption,0,0.412,-0.0653,0.3799,-0.0332,-999.0,False,14
deepseek-v3,10766641,Pt(111)_ORR,*OO → *OOOH → *OOHOH → *OOH → *O → *OH → *H2O → *,False,0,*OO,*OOOH,hydroxylation,1,1.9943,-0.0982,-0.2698,2.1659,-999.0,False,15
deepseek-v3,10766641,Pt(111)_ORR,*OO → *OOOH → *OOHOH → *OOH → *O → *OH → *H2O → *,False,1,*OOOH,*OOHOH,protonation,-1,-0.4511,0.1704,-0.1855,-0.0953,-999.0,False,15
deepseek-v3,10766641,Pt(111)_ORR,*OO → *OOOH → *OOHOH → *OOH → *O → *OH → *H2O → *,False,2,*OOHOH,*OOH,desorption,0,-2.1481,0.084,0.319,-2.3831,-999.0,False,15
deepseek-v3,10766641,Pt(111)_ORR,*OO → *OOOH → *OOHOH → *OOH → *O → *OH → *H2O → *,False,3,*OOH,*O,dehydroxylation,0,-2.3127,0.0704,0.2224,-2.4647,-999.0,False,15
deepseek-v3,10766641,Pt(111)_ORR,*OO → *OOOH → *OOHOH → *OOH → *O → *OH → *H2O → *,False,4,*O,*OH,protonation,-1,-0.5753,0.1478,-0.1623,-0.2652,-999.0,False,15
deepseek-v3,10766641,Pt(111)_ORR,*OO → *OOOH → *OOHOH → *OOH → *O → *OH → *H2O → *,False,5,*OH,*H2O,protonation,-1,-1.1367,0.1406,-0.0782,-0.9179,-999.0,False,15
deepseek-v3,10766641,Pt(111)_ORR,*OO → *OOOH → *OOHOH → *OOH → *O → *OH → *H2O → *,False,6,*H2O,*,product_desorption,0,0.412,-0.0653,0.3799,-0.0332,-999.0,False,15
deepseek-v3,10766641,Pt(111)_ORR,*OO → *OOOH → *OOHOH → *OOH → *O → *OH → *H2O → *,False,0,*OO,*OOOH,hydroxylation,1,1.9943,-0.0982,-0.2698,2.1659,-999.0,False,16
deepseek-v3,10766641,Pt(111)_ORR,*OO → *OOOH → *OOHOH → *OOH → *O → *OH → *H2O → *,False,1,*OOOH,*OOHOH,protonation,-1,-0.4511,0.1704,-0.1855,-0.0953,-999.0,False,16
deepseek-v3,10766641,Pt(111)_ORR,*OO → *OOOH → *OOHOH → *OOH → *O → *OH → *H2O → *,False,2,*OOHOH,*OOH,desorption,0,-2.1481,0.084,0.319,-2.3831,-999.0,False,16
deepseek-v3,10766641,Pt(111)_ORR,*OO → *OOOH → *OOHOH → *OOH → *O → *OH → *H2O → *,False,3,*OOH,*O,bond_dissociation,0,-2.3127,0.0704,0.2224,-2.4647,-999.0,False,16
deepseek-v3,10766641,Pt(111)_ORR,*OO → *OOOH → *OOHOH → *OOH → *O → *OH → *H2O → *,False,4,*O,*OH,protonation,-1,-0.5753,0.1478,-0.1623,-0.2652,-999.0,False,16
deepseek-v3,10766641,Pt(111)_ORR,*OO → *OOOH → *OOHOH → *OOH → *O → *OH → *H2O → *,False,5,*OH,*H2O,protonation,-1,-1.1367,0.1406,-0.0782,-0.9179,-999.0,False,16
deepseek-v3,10766641,Pt(111)_ORR,*OO → *OOOH → *OOHOH → *OOH → *O → *OH → *H2O → *,False,6,*H2O,*,product_desorption,0,0.412,-0.0653,0.3799,-0.0332,-999.0,False,16
deepseek-v3,10766641,Pt(111)_ORR,*OO → *OOOH → *OOH → *O(OH2) → *O → *OH → *H2O → *,False,0,*OO,*OOOH,hydroxylation,1,1.9943,-0.0982,-0.2698,2.1659,-999.0,False,17
deepseek-v3,10766641,Pt(111)_ORR,*OO → *OOOH → *OOH → *O(OH2) → *O → *OH → *H2O → *,False,1,*OOOH,*OOH,bond_dissociation,0,-2.5992,0.2544,0.1336,-2.4784,-999.0,False,17
deepseek-v3,10766641,Pt(111)_ORR,*OO → *OOOH → *OOH → *O(OH2) → *O → *OH → *H2O → *,False,2,*OOH,*O(OH2),protonation,-1,-0.722,0.1472,-0.1241,-0.4507,-999.0,False,17
deepseek-v3,10766641,Pt(111)_ORR,*OO → *OOOH → *OOH → *O(OH2) → *O → *OH → *H2O → *,False,3,*O(OH2),*O,bond_dissociation,0,-1.5907,-0.0768,0.3465,-2.014,-999.0,False,17
deepseek-v3,10766641,Pt(111)_ORR,*OO → *OOOH → *OOH → *O(OH2) → *O → *OH → *H2O → *,False,4,*O,*OH,protonation,-1,-0.5753,0.1478,-0.1623,-0.2652,-999.0,False,17
deepseek-v3,10766641,Pt(111)_ORR,*OO → *OOOH → *OOH → *O(OH2) → *O → *OH → *H2O → *,False,5,*OH,*H2O,protonation,-1,-1.1367,0.1406,-0.0782,-0.9179,-999.0,False,17
deepseek-v3,10766641,Pt(111)_ORR,*OO → *OOOH → *OOH → *O(OH2) → *O → *OH → *H2O → *,False,6,*H2O,*,product_desorption,0,0.412,-0.0653,0.3799,-0.0332,-999.0,False,17
deepseek-v3,10766641,Pt(111)_ORR,*OO → *OOOH → *OOH → *O(OH2) → *O → *OH → *H2O → *,False,0,*OO,*OOOH,hydroxylation,1,1.9943,-0.0982,-0.2698,2.1659,-999.0,False,18
deepseek-v3,10766641,Pt(111)_ORR,*OO → *OOOH → *OOH → *O(OH2) → *O → *OH → *H2O → *,False,1,*OOOH,*OOH,desorption,0,-2.5992,0.2544,0.1336,-2.4784,-999.0,False,18
deepseek-v3,10766641,Pt(111)_ORR,*OO → *OOOH → *OOH → *O(OH2) → *O → *OH → *H2O → *,False,2,*OOH,*O(OH2),protonation,-1,-0.722,0.1472,-0.1241,-0.4507,-999.0,False,18
deepseek-v3,10766641,Pt(111)_ORR,*OO → *OOOH → *OOH → *O(OH2) → *O → *OH → *H2O → *,False,3,*O(OH2),*O,bond_dissociation,0,-1.5907,-0.0768,0.3465,-2.014,-999.0,False,18
deepseek-v3,10766641,Pt(111)_ORR,*OO → *OOOH → *OOH → *O(OH2) → *O → *OH → *H2O → *,False,4,*O,*OH,protonation,-1,-0.5753,0.1478,-0.1623,-0.2652,-999.0,False,18
deepseek-v3,10766641,Pt(111)_ORR,*OO → *OOOH → *OOH → *O(OH2) → *O → *OH → *H2O → *,False,5,*OH,*H2O,protonation,-1,-1.1367,0.1406,-0.0782,-0.9179,-999.0,False,18
deepseek-v3,10766641,Pt(111)_ORR,*OO → *OOOH → *OOH → *O(OH2) → *O → *OH → *H2O → *,False,6,*H2O,*,product_desorption,0,0.412,-0.0653,0.3799,-0.0332,-999.0,False,18
deepseek-v3,10766641,Pt(111)_ORR,*OO → *OOOH → *OOH → *OOHOH → *O → *OH → *H2O → *,False,0,*OO,*OOOH,hydroxylation,1,1.9943,-0.0982,-0.2698,2.1659,-999.0,False,19
deepseek-v3,10766641,Pt(111)_ORR,*OO → *OOOH → *OOH → *OOHOH → *O → *OH → *H2O → *,False,1,*OOOH,*OOH,bond_dissociation,0,-2.5992,0.2544,0.1336,-2.4784,-999.0,False,19
deepseek-v3,10766641,Pt(111)_ORR,*OO → *OOOH → *OOH → *OOHOH → *O → *OH → *H2O → *,False,2,*OOH,*OOHOH,hydroxylation,1,2.1481,-0.084,-0.319,2.3831,-999.0,False,19
deepseek-v3,10766641,Pt(111)_ORR,*OO → *OOOH → *OOH → *OOHOH → *O → *OH → *H2O → *,False,3,*OOHOH,*O,bond_dissociation,0,-4.4608,0.1545,0.5414,-4.8478,-999.0,False,19
deepseek-v3,10766641,Pt(111)_ORR,*OO → *OOOH → *OOH → *OOHOH → *O → *OH → *H2O → *,False,4,*O,*OH,protonation,-1,-0.5753,0.1478,-0.1623,-0.2652,-999.0,False,19
deepseek-v3,10766641,Pt(111)_ORR,*OO → *OOOH → *OOH → *OOHOH → *O → *OH → *H2O → *,False,5,*OH,*H2O,protonation,-1,-1.1367,0.1406,-0.0782,-0.9179,-999.0,False,19
deepseek-v3,10766641,Pt(111)_ORR,*OO → *OOOH → *OOH → *OOHOH → *O → *OH → *H2O → *,False,6,*H2O,*,product_desorption,0,0.412,-0.0653,0.3799,-0.0332,-999.0,False,19
deepseek-v3,10766641,Pt(111)_ORR,*OO → *OOOH → *OOH → *OOHOH → *O → *OH → *H2O → *,False,0,*OO,*OOOH,hydroxylation,1,1.9943,-0.0982,-0.2698,2.1659,-999.0,False,20
deepseek-v3,10766641,Pt(111)_ORR,*OO → *OOOH → *OOH → *OOHOH → *O → *OH → *H2O → *,False,1,*OOOH,*OOH,bond_dissociation,0,-2.5992,0.2544,0.1336,-2.4784,-999.0,False,20
deepseek-v3,10766641,Pt(111)_ORR,*OO → *OOOH → *OOH → *OOHOH → *O → *OH → *H2O → *,False,2,*OOH,*OOHOH,hydroxylation,1,2.1481,-0.084,-0.319,2.3831,-999.0,False,20
deepseek-v3,10766641,Pt(111)_ORR,*OO → *OOOH → *OOH → *OOHOH → *O → *OH → *H2O → *,False,3,*OOHOH,*O,desorption,0,-4.4608,0.1545,0.5414,-4.8478,-999.0,False,20
deepseek-v3,10766641,Pt(111)_ORR,*OO → *OOOH → *OOH → *OOHOH → *O → *OH → *H2O → *,False,4,*O,*OH,protonation,-1,-0.5753,0.1478,-0.1623,-0.2652,-999.0,False,20
deepseek-v3,10766641,Pt(111)_ORR,*OO → *OOOH → *OOH → *OOHOH → *O → *OH → *H2O → *,False,5,*OH,*H2O,protonation,-1,-1.1367,0.1406,-0.0782,-0.9179,-999.0,False,20
deepseek-v3,10766641,Pt(111)_ORR,*OO → *OOOH → *OOH → *OOHOH → *O → *OH → *H2O → *,False,6,*H2O,*,product_desorption,0,0.412,-0.0653,0.3799,-0.0332,-999.0,False,20
deepseek-v3,10766641,Pt(111)_ORR,*OO → *OOOH → *OOH → *OOHOH → *O → *OH → *H2O → *,False,0,*OO,*OOOH,hydroxylation,1,1.9943,-0.0982,-0.2698,2.1659,-999.0,False,21
deepseek-v3,10766641,Pt(111)_ORR,*OO → *OOOH → *OOH → *OOHOH → *O → *OH → *H2O → *,False,1,*OOOH,*OOH,desorption,0,-2.5992,0.2544,0.1336,-2.4784,-999.0,False,21
deepseek-v3,10766641,Pt(111)_ORR,*OO → *OOOH → *OOH → *OOHOH → *O → *OH → *H2O → *,False,2,*OOH,*OOHOH,hydroxylation,1,2.1481,-0.084,-0.319,2.3831,-999.0,False,21
deepseek-v3,10766641,Pt(111)_ORR,*OO → *OOOH → *OOH → *OOHOH → *O → *OH → *H2O → *,False,3,*OOHOH,*O,bond_dissociation,0,-4.4608,0.1545,0.5414,-4.8478,-999.0,False,21
deepseek-v3,10766641,Pt(111)_ORR,*OO → *OOOH → *OOH → *OOHOH → *O → *OH → *H2O → *,False,4,*O,*OH,protonation,-1,-0.5753,0.1478,-0.1623,-0.2652,-999.0,False,21
deepseek-v3,10766641,Pt(111)_ORR,*OO → *OOOH → *OOH → *OOHOH → *O → *OH → *H2O → *,False,5,*OH,*H2O,protonation,-1,-1.1367,0.1406,-0.0782,-0.9179,-999.0,False,21
deepseek-v3,10766641,Pt(111)_ORR,*OO → *OOOH → *OOH → *OOHOH → *O → *OH → *H2O → *,False,6,*H2O,*,product_desorption,0,0.412,-0.0653,0.3799,-0.0332,-999.0,False,21
deepseek-v3,10766641,Pt(111)_ORR,*OO → *OOOH → *OOH → *OOHOH → *O → *OH → *H2O → *,False,0,*OO,*OOOH,hydroxylation,1,1.9943,-0.0982,-0.2698,2.1659,-999.0,False,22
deepseek-v3,10766641,Pt(111)_ORR,*OO → *OOOH → *OOH → *OOHOH → *O → *OH → *H2O → *,False,1,*OOOH,*OOH,desorption,0,-2.5992,0.2544,0.1336,-2.4784,-999.0,False,22
deepseek-v3,10766641,Pt(111)_ORR,*OO → *OOOH → *OOH → *OOHOH → *O → *OH → *H2O → *,False,2,*OOH,*OOHOH,hydroxylation,1,2.1481,-0.084,-0.319,2.3831,-999.0,False,22
deepseek-v3,10766641,Pt(111)_ORR,*OO → *OOOH → *OOH → *OOHOH → *O → *OH → *H2O → *,False,3,*OOHOH,*O,desorption,0,-4.4608,0.1545,0.5414,-4.8478,-999.0,False,22
deepseek-v3,10766641,Pt(111)_ORR,*OO → *OOOH → *OOH → *OOHOH → *O → *OH → *H2O → *,False,4,*O,*OH,protonation,-1,-0.5753,0.1478,-0.1623,-0.2652,-999.0,False,22
deepseek-v3,10766641,Pt(111)_ORR,*OO → *OOOH → *OOH → *OOHOH → *O → *OH → *H2O → *,False,5,*OH,*H2O,protonation,-1,-1.1367,0.1406,-0.0782,-0.9179,-999.0,False,22
deepseek-v3,10766641,Pt(111)_ORR,*OO → *OOOH → *OOH → *OOHOH → *O → *OH → *H2O → *,False,6,*H2O,*,product_desorption,0,0.412,-0.0653,0.3799,-0.0332,-999.0,False,22
deepseek-v3,10766642,Pt(111)_HER,* → *H → *,False,0,*,*H,protonation,-1,-0.4332,0.047,-0.1726,-0.2137,-999.0,False,0
deepseek-v3,10766642,Pt(111)_HER,* → *H → *,False,1,*H,*,deprotonation,1,0.4332,-0.047,0.1726,0.2137,-999.0,False,0
deepseek-v3,10766642,Pt(111)_HER,* → *H → *H2 → *,True,0,*,*H,protonation,-1,-0.4332,0.047,-0.1726,-0.2137,0.1458,True,1
deepseek-v3,10766642,Pt(111)_HER,* → *H → *H2 → *,True,1,*H,*H2,protonation,-1,-0.3271,-0.01,-0.1913,-0.1458,0.1458,True,1
deepseek-v3,10766642,Pt(111)_HER,* → *H → *H2 → *,True,2,*H2,*,product_desorption,0,0.7603,-0.037,0.3638,0.3594,0.1458,True,1
deepseek-v3,10766642,Au(111)_ORR,*OO → *OOH → *O → *OH → *HOH → *,True,0,*OO,*OOH,protonation,-1,-0.9875,0.167,-0.2046,-0.616,0.616,True,0
deepseek-v3,10766642,Au(111)_ORR,*OO → *OOH → *O → *OH → *HOH → *,True,1,*OOH,*O,reductive_dehydration,-1,-1.8613,0.0715,0.2299,-2.0196,0.616,True,0
deepseek-v3,10766642,Au(111)_ORR,*OO → *OOH → *O → *OH → *HOH → *,True,2,*O,*OH,protonation,-1,-1.3142,0.1416,-0.1512,-1.0214,0.616,True,0
deepseek-v3,10766642,Au(111)_ORR,*OO → *OOH → *O → *OH → *HOH → *,True,3,*OH,*HOH,protonation,-1,-1.3361,0.1348,-0.1256,-1.0757,0.616,True,0
deepseek-v3,10766642,Au(111)_ORR,*OO → *OOH → *O → *OH → *HOH → *,True,4,*HOH,*,desorption,0,0.2811,-0.0433,0.4065,-0.1687,0.616,True,0
deepseek-v3,10766642,Au(111)_ORR,*OO → *OOH → *O(OH)H → *O → *OH → *HOH → *,False,0,*OO,*OOH,protonation,-1,-0.9875,0.167,-0.2046,-0.616,0.616,True,1
deepseek-v3,10766642,Au(111)_ORR,*OO → *OOH → *O(OH)H → *O → *OH → *HOH → *,False,1,*OOH,*O(OH)H,protonation,-1,-1.1561,0.155,-0.1515,-0.8496,0.616,True,1
deepseek-v3,10766642,Au(111)_ORR,*OO → *OOH → *O(OH)H → *O → *OH → *HOH → *,False,2,*O(OH)H,*O,bond_dissociation,0,-0.7052,-0.0835,0.3814,-1.17,0.616,True,1
deepseek-v3,10766642,Au(111)_ORR,*OO → *OOH → *O(OH)H → *O → *OH → *HOH → *,False,3,*O,*OH,protonation,-1,-1.3142,0.1416,-0.1512,-1.0214,0.616,True,1
deepseek-v3,10766642,Au(111)_ORR,*OO → *OOH → *O(OH)H → *O → *OH → *HOH → *,False,4,*OH,*HOH,protonation,-1,-1.3361,0.1348,-0.1256,-1.0757,0.616,True,1
deepseek-v3,10766642,Au(111)_ORR,*OO → *OOH → *O(OH)H → *O → *OH → *HOH → *,False,5,*HOH,*,desorption,0,0.2811,-0.0433,0.4065,-0.1687,0.616,True,1
deepseek-v3,10766642,Au(111)_ORR,*OO → *OOH → *O(OH)2 → *O → *OH → *HOH → *,False,0,*OO,*OOH,protonation,-1,-0.9875,0.167,-0.2046,-0.616,-999.0,False,2
deepseek-v3,10766642,Au(111)_ORR,*OO → *OOH → *O(OH)2 → *O → *OH → *HOH → *,False,1,*OOH,*O(OH)2,hydroxylation,1,1.6313,-0.0615,-0.2214,1.7913,-999.0,False,2
deepseek-v3,10766642,Au(111)_ORR,*OO → *OOH → *O(OH)2 → *O → *OH → *HOH → *,False,2,*O(OH)2,*O,bond_dissociation,0,-3.4926,0.133,0.4513,-3.8109,-999.0,False,2
deepseek-v3,10766642,Au(111)_ORR,*OO → *OOH → *O(OH)2 → *O → *OH → *HOH → *,False,3,*O,*OH,protonation,-1,-1.3142,0.1416,-0.1512,-1.0214,-999.0,False,2
deepseek-v3,10766642,Au(111)_ORR,*OO → *OOH → *O(OH)2 → *O → *OH → *HOH → *,False,4,*OH,*HOH,protonation,-1,-1.3361,0.1348,-0.1256,-1.0757,-999.0,False,2
deepseek-v3,10766642,Au(111)_ORR,*OO → *OOH → *O(OH)2 → *O → *OH → *HOH → *,False,5,*HOH,*,desorption,0,0.2811,-0.0433,0.4065,-0.1687,-999.0,False,2
deepseek-v3,10766642,Au(111)_ORR,*OO → *OOOH → *OOHOH → *O → *OH → *HOH → *,False,0,*OO,*OOOH,hydroxylation,1,1.0766,-0.085,-0.3015,1.2931,-999.0,False,3
deepseek-v3,10766642,Au(111)_ORR,*OO → *OOOH → *OOHOH → *O → *OH → *HOH → *,False,1,*OOOH,*OOHOH,protonation,-1,-0.442,0.1894,-0.1468,-0.1058,-999.0,False,3
deepseek-v3,10766642,Au(111)_ORR,*OO → *OOOH → *OOHOH → *O → *OH → *HOH → *,False,2,*OOHOH,*O,bond_dissociation,0,-3.4834,0.1341,0.4735,-3.8229,-999.0,False,3
deepseek-v3,10766642,Au(111)_ORR,*OO → *OOOH → *OOHOH → *O → *OH → *HOH → *,False,3,*O,*OH,protonation,-1,-1.3142,0.1416,-0.1512,-1.0214,-999.0,False,3
deepseek-v3,10766642,Au(111)_ORR,*OO → *OOOH → *OOHOH → *O → *OH → *HOH → *,False,4,*OH,*HOH,protonation,-1,-1.3361,0.1348,-0.1256,-1.0757,-999.0,False,3
deepseek-v3,10766642,Au(111)_ORR,*OO → *OOOH → *OOHOH → *O → *OH → *HOH → *,False,5,*HOH,*,desorption,0,0.2811,-0.0433,0.4065,-0.1687,-999.0,False,3
deepseek-v3,10766642,Au(111)_ORR,*OO → *OOOH → *OOHOH → *OOH → *O → *OH → *HOH → *,False,0,*OO,*OOOH,hydroxylation,1,1.0766,-0.085,-0.3015,1.2931,-999.0,False,4
deepseek-v3,10766642,Au(111)_ORR,*OO → *OOOH → *OOHOH → *OOH → *O → *OH → *HOH → *,False,1,*OOOH,*OOHOH,protonation,-1,-0.442,0.1894,-0.1468,-0.1058,-999.0,False,4
deepseek-v3,10766642,Au(111)_ORR,*OO → *OOOH → *OOHOH → *OOH → *O → *OH → *HOH → *,False,2,*OOHOH,*OOH,dehydroxylation,0,-1.6221,0.0625,0.2437,-1.8033,-999.0,False,4
deepseek-v3,10766642,Au(111)_ORR,*OO → *OOOH → *OOHOH → *OOH → *O → *OH → *HOH → *,False,3,*OOH,*O,dehydroxylation,0,-1.8613,0.0715,0.2299,-2.0196,-999.0,False,4
deepseek-v3,10766642,Au(111)_ORR,*OO → *OOOH → *OOHOH → *OOH → *O → *OH → *HOH → *,False,4,*O,*OH,protonation,-1,-1.3142,0.1416,-0.1512,-1.0214,-999.0,False,4
deepseek-v3,10766642,Au(111)_ORR,*OO → *OOOH → *OOHOH → *OOH → *O → *OH → *HOH → *,False,5,*OH,*HOH,protonation,-1,-1.3361,0.1348,-0.1256,-1.0757,-999.0,False,4
deepseek-v3,10766642,Au(111)_ORR,*OO → *OOOH → *OOHOH → *OOH → *O → *OH → *HOH → *,False,6,*HOH,*,desorption,0,0.2811,-0.0433,0.4065,-0.1687,-999.0,False,4
deepseek-v3,10766642,Au(111)_ORR,*OO → *OOOH → *OOHOH → *OOH → *O → *OH → *HOH → *,False,0,*OO,*OOOH,hydroxylation,1,1.0766,-0.085,-0.3015,1.2931,-999.0,False,5
deepseek-v3,10766642,Au(111)_ORR,*OO → *OOOH → *OOHOH → *OOH → *O → *OH → *HOH → *,False,1,*OOOH,*OOHOH,protonation,-1,-0.442,0.1894,-0.1468,-0.1058,-999.0,False,5
deepseek-v3,10766642,Au(111)_ORR,*OO → *OOOH → *OOHOH → *OOH → *O → *OH → *HOH → *,False,2,*OOHOH,*OOH,dehydroxylation,0,-1.6221,0.0625,0.2437,-1.8033,-999.0,False,5
deepseek-v3,10766642,Au(111)_ORR,*OO → *OOOH → *OOHOH → *OOH → *O → *OH → *HOH → *,False,3,*OOH,*O,bond_dissociation,0,-1.8613,0.0715,0.2299,-2.0196,-999.0,False,5
deepseek-v3,10766642,Au(111)_ORR,*OO → *OOOH → *OOHOH → *OOH → *O → *OH → *HOH → *,False,4,*O,*OH,protonation,-1,-1.3142,0.1416,-0.1512,-1.0214,-999.0,False,5
deepseek-v3,10766642,Au(111)_ORR,*OO → *OOOH → *OOHOH → *OOH → *O → *OH → *HOH → *,False,5,*OH,*HOH,protonation,-1,-1.3361,0.1348,-0.1256,-1.0757,-999.0,False,5
deepseek-v3,10766642,Au(111)_ORR,*OO → *OOOH → *OOHOH → *OOH → *O → *OH → *HOH → *,False,6,*HOH,*,desorption,0,0.2811,-0.0433,0.4065,-0.1687,-999.0,False,5
deepseek-v3,10766642,Au(111)_ORR,*OO → *OOOH → *OOHOH → *OOH → *O → *OH → *HOH → *,False,0,*OO,*OOOH,hydroxylation,1,1.0766,-0.085,-0.3015,1.2931,-999.0,False,6
deepseek-v3,10766642,Au(111)_ORR,*OO → *OOOH → *OOHOH → *OOH → *O → *OH → *HOH → *,False,1,*OOOH,*OOHOH,protonation,-1,-0.442,0.1894,-0.1468,-0.1058,-999.0,False,6
deepseek-v3,10766642,Au(111)_ORR,*OO → *OOOH → *OOHOH → *OOH → *O → *OH → *HOH → *,False,2,*OOHOH,*OOH,bond_dissociation,0,-1.6221,0.0625,0.2437,-1.8033,-999.0,False,6
deepseek-v3,10766642,Au(111)_ORR,*OO → *OOOH → *OOHOH → *OOH → *O → *OH → *HOH → *,False,3,*OOH,*O,dehydroxylation,0,-1.8613,0.0715,0.2299,-2.0196,-999.0,False,6
deepseek-v3,10766642,Au(111)_ORR,*OO → *OOOH → *OOHOH → *OOH → *O → *OH → *HOH → *,False,4,*O,*OH,protonation,-1,-1.3142,0.1416,-0.1512,-1.0214,-999.0,False,6
deepseek-v3,10766642,Au(111)_ORR,*OO → *OOOH → *OOHOH → *OOH → *O → *OH → *HOH → *,False,5,*OH,*HOH,protonation,-1,-1.3361,0.1348,-0.1256,-1.0757,-999.0,False,6
deepseek-v3,10766642,Au(111)_ORR,*OO → *OOOH → *OOHOH → *OOH → *O → *OH → *HOH → *,False,6,*HOH,*,desorption,0,0.2811,-0.0433,0.4065,-0.1687,-999.0,False,6
deepseek-v3,10766642,Au(111)_ORR,*OO → *OOOH → *OOHOH → *OOH → *O → *OH → *HOH → *,False,0,*OO,*OOOH,hydroxylation,1,1.0766,-0.085,-0.3015,1.2931,-999.0,False,7
deepseek-v3,10766642,Au(111)_ORR,*OO → *OOOH → *OOHOH → *OOH → *O → *OH → *HOH → *,False,1,*OOOH,*OOHOH,protonation,-1,-0.442,0.1894,-0.1468,-0.1058,-999.0,False,7
deepseek-v3,10766642,Au(111)_ORR,*OO → *OOOH → *OOHOH → *OOH → *O → *OH → *HOH → *,False,2,*OOHOH,*OOH,bond_dissociation,0,-1.6221,0.0625,0.2437,-1.8033,-999.0,False,7
deepseek-v3,10766642,Au(111)_ORR,*OO → *OOOH → *OOHOH → *OOH → *O → *OH → *HOH → *,False,3,*OOH,*O,bond_dissociation,0,-1.8613,0.0715,0.2299,-2.0196,-999.0,False,7
deepseek-v3,10766642,Au(111)_ORR,*OO → *OOOH → *OOHOH → *OOH → *O → *OH → *HOH → *,False,4,*O,*OH,protonation,-1,-1.3142,0.1416,-0.1512,-1.0214,-999.0,False,7
deepseek-v3,10766642,Au(111)_ORR,*OO → *OOOH → *OOHOH → *OOH → *O → *OH → *HOH → *,False,5,*OH,*HOH,protonation,-1,-1.3361,0.1348,-0.1256,-1.0757,-999.0,False,7
deepseek-v3,10766642,Au(111)_ORR,*OO → *OOOH → *OOHOH → *OOH → *O → *OH → *HOH → *,False,6,*HOH,*,desorption,0,0.2811,-0.0433,0.4065,-0.1687,-999.0,False,7
deepseek-v3,10766642,Au(110)_CO2RR,*CO2 → *COOH → *CO → *,True,0,*CO2,*COOH,protonation,-1,0.3511,0.1536,-0.2363,0.741,-0.741,True,0
deepseek-v3,10766642,Au(110)_CO2RR,*CO2 → *COOH → *CO → *,True,1,*COOH,*CO,reductive_dehydration,-1,-0.1855,0.0119,0.2851,-0.4587,-0.741,True,0
deepseek-v3,10766642,Au(110)_CO2RR,*CO2 → *COOH → *CO → *,True,2,*CO,*,desorption,0,0.7534,-0.0557,0.4451,0.2525,-0.741,True,0
deepseek-v3,10766642,Au(110)_CO2RR,*CO2 → *COOH → *COHOH → *CO → *,False,0,*CO2,*COOH,protonation,-1,0.3511,0.1536,-0.2363,0.741,-0.741,True,1
deepseek-v3,10766642,Au(110)_CO2RR,*CO2 → *COOH → *COHOH → *CO → *,False,1,*COOH,*COHOH,protonation,-1,-0.0188,0.152,-0.1999,0.3331,-0.741,True,1
deepseek-v3,10766642,Au(110)_CO2RR,*CO2 → *COOH → *COHOH → *CO → *,False,2,*COHOH,*CO,bond_dissociation,0,-0.1667,-0.1401,0.4849,-0.7918,-0.741,True,1
deepseek-v3,10766642,Au(110)_CO2RR,*CO2 → *COOH → *COHOH → *CO → *,False,3,*CO,*,desorption,0,0.7534,-0.0557,0.4451,0.2525,-0.741,True,1
deepseek-v3,10766642,Au(110)_CO2RR,*CO2 → *COOH → *C(O)OH → *CO → *,False,0,*CO2,*COOH,protonation,-1,0.3511,0.1536,-0.2363,0.741,-0.741,True,2
deepseek-v3,10766642,Au(110)_CO2RR,*CO2 → *COOH → *C(O)OH → *CO → *,False,1,*COOH,*C(O)OH,cc_coupling,0,-0.2043,-0.0048,-0.0062,-0.2028,-0.741,True,2
deepseek-v3,10766642,Au(110)_CO2RR,*CO2 → *COOH → *C(O)OH → *CO → *,False,2,*C(O)OH,*CO,reductive_dehydration,-1,0.0187,0.0166,0.2913,-0.256,-0.741,True,2
deepseek-v3,10766642,Au(110)_CO2RR,*CO2 → *COOH → *C(O)OH → *CO → *,False,3,*CO,*,desorption,0,0.7534,-0.0557,0.4451,0.2525,-0.741,True,2
deepseek-v3,10766642,Au(110)_CO2RR,*CO2 → *CO2OH → *COOH → *CO → *,False,0,*CO2,*CO2OH,hydroxylation,1,0.4795,-0.0145,-0.3284,0.7934,-999.0,False,3
deepseek-v3,10766642,Au(110)_CO2RR,*CO2 → *CO2OH → *COOH → *CO → *,False,1,*CO2OH,*COOH,bond_dissociation,0,-0.1284,0.1681,0.0921,-0.0523,-999.0,False,3
deepseek-v3,10766642,Au(110)_CO2RR,*CO2 → *CO2OH → *COOH → *CO → *,False,2,*COOH,*CO,reductive_dehydration,-1,-0.1855,0.0119,0.2851,-0.4587,-999.0,False,3
deepseek-v3,10766642,Au(110)_CO2RR,*CO2 → *CO2OH → *COOH → *CO → *,False,3,*CO,*,desorption,0,0.7534,-0.0557,0.4451,0.2525,-999.0,False,3
deepseek-v3,10766642,Au(110)_CO2RR,*CO2 → *CO2OH → *COOH → *COHOH → *CO → *,False,0,*CO2,*CO2OH,hydroxylation,1,0.4795,-0.0145,-0.3284,0.7934,-999.0,False,4
deepseek-v3,10766642,Au(110)_CO2RR,*CO2 → *CO2OH → *COOH → *COHOH → *CO → *,False,1,*CO2OH,*COOH,bond_dissociation,0,-0.1284,0.1681,0.0921,-0.0523,-999.0,False,4
deepseek-v3,10766642,Au(110)_CO2RR,*CO2 → *CO2OH → *COOH → *COHOH → *CO → *,False,2,*COOH,*COHOH,protonation,-1,-0.0188,0.152,-0.1999,0.3331,-999.0,False,4
deepseek-v3,10766642,Au(110)_CO2RR,*CO2 → *CO2OH → *COOH → *COHOH → *CO → *,False,3,*COHOH,*CO,bond_dissociation,0,-0.1667,-0.1401,0.4849,-0.7918,-999.0,False,4
deepseek-v3,10766642,Au(110)_CO2RR,*CO2 → *CO2OH → *COOH → *COHOH → *CO → *,False,4,*CO,*,desorption,0,0.7534,-0.0557,0.4451,0.2525,-999.0,False,4
deepseek-v3,10766642,Au(110)_CO2RR,*CO2 → *CO2OH → *COOH → *C(O)OH → *CO → *,False,0,*CO2,*CO2OH,hydroxylation,1,0.4795,-0.0145,-0.3284,0.7934,-999.0,False,5
deepseek-v3,10766642,Au(110)_CO2RR,*CO2 → *CO2OH → *COOH → *C(O)OH → *CO → *,False,1,*CO2OH,*COOH,bond_dissociation,0,-0.1284,0.1681,0.0921,-0.0523,-999.0,False,5
deepseek-v3,10766642,Au(110)_CO2RR,*CO2 → *CO2OH → *COOH → *C(O)OH → *CO → *,False,2,*COOH,*C(O)OH,cc_coupling,0,-0.2043,-0.0048,-0.0062,-0.2028,-999.0,False,5
deepseek-v3,10766642,Au(110)_CO2RR,*CO2 → *CO2OH → *COOH → *C(O)OH → *CO → *,False,3,*C(O)OH,*CO,reductive_dehydration,-1,0.0187,0.0166,0.2913,-0.256,-999.0,False,5
deepseek-v3,10766642,Au(110)_CO2RR,*CO2 → *CO2OH → *COOH → *C(O)OH → *CO → *,False,4,*CO,*,desorption,0,0.7534,-0.0557,0.4451,0.2525,-999.0,False,5
deepseek-v3,10766642,Pt(111)_ORR,*OO → *OOH → *O(OH)H → *OH → *H2O → *,True,0,*OO,*OOH,protonation,-1,-0.6049,0.1559,-0.1336,-0.3154,0.3154,True,0
deepseek-v3,10766642,Pt(111)_ORR,*OO → *OOH → *O(OH)H → *OH → *H2O → *,True,1,*OOH,*O(OH)H,protonation,-1,-0.7221,0.1475,-0.1268,-0.4477,0.3154,True,0
deepseek-v3,10766642,Pt(111)_ORR,*OO → *OOH → *O(OH)H → *OH → *H2O → *,True,2,*O(OH)H,*OH,reductive_dehydration,-1,-2.1659,0.0709,0.1844,-2.2794,0.3154,True,0
deepseek-v3,10766642,Pt(111)_ORR,*OO → *OOH → *O(OH)H → *OH → *H2O → *,True,3,*OH,*H2O,protonation,-1,-1.1367,0.1385,-0.0371,-0.9611,0.3154,True,0
deepseek-v3,10766642,Pt(111)_ORR,*OO → *OOH → *O(OH)H → *OH → *H2O → *,True,4,*H2O,*,desorption,0,0.412,-0.0631,0.3386,0.0103,0.3154,True,0
deepseek-v3,10766642,Pt(111)_ORR,*OO → *OOH → *O → *OH → *H2O → *,False,0,*OO,*OOH,protonation,-1,-0.6049,0.1559,-0.1336,-0.3154,0.2654,True,1
deepseek-v3,10766642,Pt(111)_ORR,*OO → *OOH → *O → *OH → *H2O → *,False,1,*OOH,*O,reductive_dehydration,-1,-2.3128,0.0707,0.2197,-2.4617,0.2654,True,1
deepseek-v3,10766642,Pt(111)_ORR,*OO → *OOH → *O → *OH → *H2O → *,False,2,*O,*OH,protonation,-1,-0.5752,0.1477,-0.1621,-0.2654,0.2654,True,1
deepseek-v3,10766642,Pt(111)_ORR,*OO → *OOH → *O → *OH → *H2O → *,False,3,*OH,*H2O,protonation,-1,-1.1367,0.1385,-0.0371,-0.9611,0.2654,True,1
deepseek-v3,10766642,Pt(111)_ORR,*OO → *OOH → *O → *OH → *H2O → *,False,4,*H2O,*,desorption,0,0.412,-0.0631,0.3386,0.0103,0.2654,True,1
deepseek-v3,10766642,Pt(111)_ORR,*OO → *OOH → *O(OH)H → *O → *OH → *H2O → *,False,0,*OO,*OOH,protonation,-1,-0.6049,0.1559,-0.1336,-0.3154,0.2654,True,2
deepseek-v3,10766642,Pt(111)_ORR,*OO → *OOH → *O(OH)H → *O → *OH → *H2O → *,False,1,*OOH,*O(OH)H,protonation,-1,-0.7221,0.1475,-0.1268,-0.4477,0.2654,True,2
deepseek-v3,10766642,Pt(111)_ORR,*OO → *OOH → *O(OH)H → *O → *OH → *H2O → *,False,2,*O(OH)H,*O,bond_dissociation,0,-1.5907,-0.0768,0.3465,-2.014,0.2654,True,2
deepseek-v3,10766642,Pt(111)_ORR,*OO → *OOH → *O(OH)H → *O → *OH → *H2O → *,False,3,*O,*OH,protonation,-1,-0.5752,0.1477,-0.1621,-0.2654,0.2654,True,2
deepseek-v3,10766642,Pt(111)_ORR,*OO → *OOH → *O(OH)H → *O → *OH → *H2O → *,False,4,*OH,*H2O,protonation,-1,-1.1367,0.1385,-0.0371,-0.9611,0.2654,True,2
deepseek-v3,10766642,Pt(111)_ORR,*OO → *OOH → *O(OH)H → *O → *OH → *H2O → *,False,5,*H2O,*,desorption,0,0.412,-0.0631,0.3386,0.0103,0.2654,True,2
deepseek-v3,10766642,Pt(111)_ORR,*OO → *OOH → *O(OH)H → *O → *OH → *H2O → *,False,0,*OO,*OOH,protonation,-1,-0.6049,0.1559,-0.1336,-0.3154,0.2654,True,3
deepseek-v3,10766642,Pt(111)_ORR,*OO → *OOH → *O(OH)H → *O → *OH → *H2O → *,False,1,*OOH,*O(OH)H,protonation,-1,-0.7221,0.1475,-0.1268,-0.4477,0.2654,True,3
deepseek-v3,10766642,Pt(111)_ORR,*OO → *OOH → *O(OH)H → *O → *OH → *H2O → *,False,2,*O(OH)H,*O,desorption,0,-1.5907,-0.0768,0.3465,-2.014,0.2654,True,3
deepseek-v3,10766642,Pt(111)_ORR,*OO → *OOH → *O(OH)H → *O → *OH → *H2O → *,False,3,*O,*OH,protonation,-1,-0.5752,0.1477,-0.1621,-0.2654,0.2654,True,3
deepseek-v3,10766642,Pt(111)_ORR,*OO → *OOH → *O(OH)H → *O → *OH → *H2O → *,False,4,*OH,*H2O,protonation,-1,-1.1367,0.1385,-0.0371,-0.9611,0.2654,True,3
deepseek-v3,10766642,Pt(111)_ORR,*OO → *OOH → *O(OH)H → *O → *OH → *H2O → *,False,5,*H2O,*,desorption,0,0.412,-0.0631,0.3386,0.0103,0.2654,True,3
deepseek-v3,10766642,Pt(111)_ORR,*OO → *OOH → *OOHOH → *O → *OH → *H2O → *,False,0,*OO,*OOH,protonation,-1,-0.6049,0.1559,-0.1336,-0.3154,-999.0,False,4
deepseek-v3,10766642,Pt(111)_ORR,*OO → *OOH → *OOHOH → *O → *OH → *H2O → *,False,1,*OOH,*OOHOH,hydroxylation,1,2.1481,-0.0837,-0.322,2.3864,-999.0,False,4
deepseek-v3,10766642,Pt(111)_ORR,*OO → *OOH → *OOHOH → *O → *OH → *H2O → *,False,2,*OOHOH,*O,bond_dissociation,0,-4.4608,0.1544,0.5416,-4.8481,-999.0,False,4
deepseek-v3,10766642,Pt(111)_ORR,*OO → *OOH → *OOHOH → *O → *OH → *H2O → *,False,3,*O,*OH,protonation,-1,-0.5752,0.1477,-0.1621,-0.2654,-999.0,False,4
deepseek-v3,10766642,Pt(111)_ORR,*OO → *OOH → *OOHOH → *O → *OH → *H2O → *,False,4,*OH,*H2O,protonation,-1,-1.1367,0.1385,-0.0371,-0.9611,-999.0,False,4
deepseek-v3,10766642,Pt(111)_ORR,*OO → *OOH → *OOHOH → *O → *OH → *H2O → *,False,5,*H2O,*,desorption,0,0.412,-0.0631,0.3386,0.0103,-999.0,False,4
deepseek-v3,10766642,Pt(111)_ORR,*OO → *OOH → *O(OH)2 → *O → *OH → *H2O → *,False,0,*OO,*OOH,protonation,-1,-0.6049,0.1559,-0.1336,-0.3154,-999.0,False,5
deepseek-v3,10766642,Pt(111)_ORR,*OO → *OOH → *O(OH)2 → *O → *OH → *H2O → *,False,1,*OOH,*O(OH)2,hydroxylation,1,2.0453,-0.0875,-0.2974,2.2553,-999.0,False,5
deepseek-v3,10766642,Pt(111)_ORR,*OO → *OOH → *O(OH)2 → *O → *OH → *H2O → *,False,2,*O(OH)2,*O,bond_dissociation,0,-4.3581,0.1582,0.5171,-4.717,-999.0,False,5
deepseek-v3,10766642,Pt(111)_ORR,*OO → *OOH → *O(OH)2 → *O → *OH → *H2O → *,False,3,*O,*OH,protonation,-1,-0.5752,0.1477,-0.1621,-0.2654,-999.0,False,5
deepseek-v3,10766642,Pt(111)_ORR,*OO → *OOH → *O(OH)2 → *O → *OH → *H2O → *,False,4,*OH,*H2O,protonation,-1,-1.1367,0.1385,-0.0371,-0.9611,-999.0,False,5
deepseek-v3,10766642,Pt(111)_ORR,*OO → *OOH → *O(OH)2 → *O → *OH → *H2O → *,False,5,*H2O,*,desorption,0,0.412,-0.0631,0.3386,0.0103,-999.0,False,5
deepseek-v3,10766642,Pt(111)_ORR,*OO → *O → *OOH → *O(OH)H → *OH → *H2O → *,False,0,*OO,*O,bond_dissociation,0,-2.9177,0.2266,0.0861,-2.7772,-999.0,False,6
deepseek-v3,10766642,Pt(111)_ORR,*OO → *O → *OOH → *O(OH)H → *OH → *H2O → *,False,1,*O,*OOH,hydroxylation,1,2.3128,-0.0707,-0.2197,2.4617,-999.0,False,6
deepseek-v3,10766642,Pt(111)_ORR,*OO → *O → *OOH → *O(OH)H → *OH → *H2O → *,False,2,*OOH,*O(OH)H,protonation,-1,-0.7221,0.1475,-0.1268,-0.4477,-999.0,False,6
deepseek-v3,10766642,Pt(111)_ORR,*OO → *O → *OOH → *O(OH)H → *OH → *H2O → *,False,3,*O(OH)H,*OH,reductive_dehydration,-1,-2.1659,0.0709,0.1844,-2.2794,-999.0,False,6
deepseek-v3,10766642,Pt(111)_ORR,*OO → *O → *OOH → *O(OH)H → *OH → *H2O → *,False,4,*OH,*H2O,protonation,-1,-1.1367,0.1385,-0.0371,-0.9611,-999.0,False,6
deepseek-v3,10766642,Pt(111)_ORR,*OO → *O → *OOH → *O(OH)H → *OH → *H2O → *,False,5,*H2O,*,desorption,0,0.412,-0.0631,0.3386,0.0103,-999.0,False,6
deepseek-v3,10766642,Pt(111)_ORR,*OO → *OOOH → *OOHOH → *O → *OH → *H2O → *,False,0,*OO,*OOOH,hydroxylation,1,1.9953,-0.0989,-0.2735,2.1699,-999.0,False,7
deepseek-v3,10766642,Pt(111)_ORR,*OO → *OOOH → *OOHOH → *O → *OH → *H2O → *,False,1,*OOOH,*OOHOH,protonation,-1,-0.4522,0.1711,-0.182,-0.099,-999.0,False,7
deepseek-v3,10766642,Pt(111)_ORR,*OO → *OOOH → *OOHOH → *O → *OH → *H2O → *,False,2,*OOHOH,*O,bond_dissociation,0,-4.4608,0.1544,0.5416,-4.8481,-999.0,False,7
deepseek-v3,10766642,Pt(111)_ORR,*OO → *OOOH → *OOHOH → *O → *OH → *H2O → *,False,3,*O,*OH,protonation,-1,-0.5752,0.1477,-0.1621,-0.2654,-999.0,False,7
deepseek-v3,10766642,Pt(111)_ORR,*OO → *OOOH → *OOHOH → *O → *OH → *H2O → *,False,4,*OH,*H2O,protonation,-1,-1.1367,0.1385,-0.0371,-0.9611,-999.0,False,7
deepseek-v3,10766642,Pt(111)_ORR,*OO → *OOOH → *OOHOH → *O → *OH → *H2O → *,False,5,*H2O,*,desorption,0,0.412,-0.0631,0.3386,0.0103,-999.0,False,7
deepseek-v3,10766642,Pt(111)_ORR,*OO → *OOH → *OOHOH → *OOHO → *O → *OH → *H2O → *,False,0,*OO,*OOH,protonation,-1,-0.6049,0.1559,-0.1336,-0.3154,-999.0,False,8
deepseek-v3,10766642,Pt(111)_ORR,*OO → *OOH → *OOHOH → *OOHO → *O → *OH → *H2O → *,False,1,*OOH,*OOHOH,hydroxylation,1,2.1481,-0.0837,-0.322,2.3864,-999.0,False,8
deepseek-v3,10766642,Pt(111)_ORR,*OO → *OOH → *OOHOH → *OOHO → *O → *OH → *H2O → *,False,2,*OOHOH,*OOHO,bond_dissociation,0,0.4698,-0.1708,0.1701,0.1289,-999.0,False,8
deepseek-v3,10766642,Pt(111)_ORR,*OO → *OOH → *OOHOH → *OOHO → *O → *OH → *H2O → *,False,3,*OOHO,*O,bond_dissociation,0,-4.9306,0.3252,0.3716,-4.977,-999.0,False,8
deepseek-v3,10766642,Pt(111)_ORR,*OO → *OOH → *OOHOH → *OOHO → *O → *OH → *H2O → *,False,4,*O,*OH,protonation,-1,-0.5752,0.1477,-0.1621,-0.2654,-999.0,False,8
deepseek-v3,10766642,Pt(111)_ORR,*OO → *OOH → *OOHOH → *OOHO → *O → *OH → *H2O → *,False,5,*OH,*H2O,protonation,-1,-1.1367,0.1385,-0.0371,-0.9611,-999.0,False,8
deepseek-v3,10766642,Pt(111)_ORR,*OO → *OOH → *OOHOH → *OOHO → *O → *OH → *H2O → *,False,6,*H2O,*,desorption,0,0.412,-0.0631,0.3386,0.0103,-999.0,False,8
deepseek-v3,10766642,Pt(111)_ORR,*OO → *OOOH → *OOHOH → *OOHO → *O → *OH → *H2O → *,False,0,*OO,*OOOH,hydroxylation,1,1.9953,-0.0989,-0.2735,2.1699,-999.0,False,9
deepseek-v3,10766642,Pt(111)_ORR,*OO → *OOOH → *OOHOH → *OOHO → *O → *OH → *H2O → *,False,1,*OOOH,*OOHOH,protonation,-1,-0.4522,0.1711,-0.182,-0.099,-999.0,False,9
deepseek-v3,10766642,Pt(111)_ORR,*OO → *OOOH → *OOHOH → *OOHO → *O → *OH → *H2O → *,False,2,*OOHOH,*OOHO,bond_dissociation,0,0.4698,-0.1708,0.1701,0.1289,-999.0,False,9
deepseek-v3,10766642,Pt(111)_ORR,*OO → *OOOH → *OOHOH → *OOHO → *O → *OH → *H2O → *,False,3,*OOHO,*O,bond_dissociation,0,-4.9306,0.3252,0.3716,-4.977,-999.0,False,9
deepseek-v3,10766642,Pt(111)_ORR,*OO → *OOOH → *OOHOH → *OOHO → *O → *OH → *H2O → *,False,4,*O,*OH,protonation,-1,-0.5752,0.1477,-0.1621,-0.2654,-999.0,False,9
deepseek-v3,10766642,Pt(111)_ORR,*OO → *OOOH → *OOHOH → *OOHO → *O → *OH → *H2O → *,False,5,*OH,*H2O,protonation,-1,-1.1367,0.1385,-0.0371,-0.9611,-999.0,False,9
deepseek-v3,10766642,Pt(111)_ORR,*OO → *OOOH → *OOHOH → *OOHO → *O → *OH → *H2O → *,False,6,*H2O,*,desorption,0,0.412,-0.0631,0.3386,0.0103,-999.0,False,9
deepseek-v3,10766642,Pt(111)_ORR,*OO → *OOOH → *OOHOH → *OOH → *O(OH)H → *OH → *H2O → *,False,0,*OO,*OOOH,hydroxylation,1,1.9953,-0.0989,-0.2735,2.1699,-999.0,False,10
deepseek-v3,10766642,Pt(111)_ORR,*OO → *OOOH → *OOHOH → *OOH → *O(OH)H → *OH → *H2O → *,False,1,*OOOH,*OOHOH,protonation,-1,-0.4522,0.1711,-0.182,-0.099,-999.0,False,10
deepseek-v3,10766642,Pt(111)_ORR,*OO → *OOOH → *OOHOH → *OOH → *O(OH)H → *OH → *H2O → *,False,2,*OOHOH,*OOH,dehydroxylation,0,-2.1481,0.0837,0.322,-2.3864,-999.0,False,10
deepseek-v3,10766642,Pt(111)_ORR,*OO → *OOOH → *OOHOH → *OOH → *O(OH)H → *OH → *H2O → *,False,3,*OOH,*O(OH)H,protonation,-1,-0.7221,0.1475,-0.1268,-0.4477,-999.0,False,10
deepseek-v3,10766642,Pt(111)_ORR,*OO → *OOOH → *OOHOH → *OOH → *O(OH)H → *OH → *H2O → *,False,4,*O(OH)H,*OH,dehydroxylation,0,-2.1659,0.0709,0.1844,-2.2794,-999.0,False,10
deepseek-v3,10766642,Pt(111)_ORR,*OO → *OOOH → *OOHOH → *OOH → *O(OH)H → *OH → *H2O → *,False,5,*OH,*H2O,protonation,-1,-1.1367,0.1385,-0.0371,-0.9611,-999.0,False,10
deepseek-v3,10766642,Pt(111)_ORR,*OO → *OOOH → *OOHOH → *OOH → *O(OH)H → *OH → *H2O → *,False,6,*H2O,*,desorption,0,0.412,-0.0631,0.3386,0.0103,-999.0,False,10
deepseek-v3,10766642,Pt(111)_ORR,*OO → *OOOH → *OOHOH → *OOH → *O(OH)H → *OH → *H2O → *,False,0,*OO,*OOOH,hydroxylation,1,1.9953,-0.0989,-0.2735,2.1699,-999.0,False,11
deepseek-v3,10766642,Pt(111)_ORR,*OO → *OOOH → *OOHOH → *OOH → *O(OH)H → *OH → *H2O → *,False,1,*OOOH,*OOHOH,protonation,-1,-0.4522,0.1711,-0.182,-0.099,-999.0,False,11
deepseek-v3,10766642,Pt(111)_ORR,*OO → *OOOH → *OOHOH → *OOH → *O(OH)H → *OH → *H2O → *,False,2,*OOHOH,*OOH,bond_dissociation,0,-2.1481,0.0837,0.322,-2.3864,-999.0,False,11
deepseek-v3,10766642,Pt(111)_ORR,*OO → *OOOH → *OOHOH → *OOH → *O(OH)H → *OH → *H2O → *,False,3,*OOH,*O(OH)H,protonation,-1,-0.7221,0.1475,-0.1268,-0.4477,-999.0,False,11
deepseek-v3,10766642,Pt(111)_ORR,*OO → *OOOH → *OOHOH → *OOH → *O(OH)H → *OH → *H2O → *,False,4,*O(OH)H,*OH,dehydroxylation,0,-2.1659,0.0709,0.1844,-2.2794,-999.0,False,11
deepseek-v3,10766642,Pt(111)_ORR,*OO → *OOOH → *OOHOH → *OOH → *O(OH)H → *OH → *H2O → *,False,5,*OH,*H2O,protonation,-1,-1.1367,0.1385,-0.0371,-0.9611,-999.0,False,11
deepseek-v3,10766642,Pt(111)_ORR,*OO → *OOOH → *OOHOH → *OOH → *O(OH)H → *OH → *H2O → *,False,6,*H2O,*,desorption,0,0.412,-0.0631,0.3386,0.0103,-999.0,False,11
deepseek-v3,10766642,Pt(111)_ORR,*OO → *OOOH → *OOHOH → *OOH → *O(OH)H → *H → *H2O → *,False,0,*OO,*OOOH,hydroxylation,1,1.9953,-0.0989,-0.2735,2.1699,-999.0,False,12
deepseek-v3,10766642,Pt(111)_ORR,*OO → *OOOH → *OOHOH → *OOH → *O(OH)H → *H → *H2O → *,False,1,*OOOH,*OOHOH,protonation,-1,-0.4522,0.1711,-0.182,-0.099,-999.0,False,12
deepseek-v3,10766642,Pt(111)_ORR,*OO → *OOOH → *OOHOH → *OOH → *O(OH)H → *H → *H2O → *,False,2,*OOHOH,*OOH,dehydroxylation,0,-2.1481,0.0837,0.322,-2.3864,-999.0,False,12
deepseek-v3,10766642,Pt(111)_ORR,*OO → *OOOH → *OOHOH → *OOH → *O(OH)H → *H → *H2O → *,False,3,*OOH,*O(OH)H,protonation,-1,-0.7221,0.1475,-0.1268,-0.4477,-999.0,False,12
deepseek-v3,10766642,Pt(111)_ORR,*OO → *OOOH → *OOHOH → *OOH → *O(OH)H → *H → *H2O → *,False,4,*O(OH)H,*H,desorption,0,-3.3239,0.1932,0.3133,-3.4439,-999.0,False,12
deepseek-v3,10766642,Pt(111)_ORR,*OO → *OOOH → *OOHOH → *OOH → *O(OH)H → *H → *H2O → *,False,5,*H,*H2O,hydroxylation,1,0.0212,0.0162,-0.166,0.2034,-999.0,False,12
deepseek-v3,10766642,Pt(111)_ORR,*OO → *OOOH → *OOHOH → *OOH → *O(OH)H → *H → *H2O → *,False,6,*H2O,*,desorption,0,0.412,-0.0631,0.3386,0.0103,-999.0,False,12
deepseek-v3,10766642,Pt(111)_ORR,*OO → *OOOH → *OOHOH → *OOH → *O(OH)H → *H → *H2O → *,False,0,*OO,*OOOH,hydroxylation,1,1.9953,-0.0989,-0.2735,2.1699,-999.0,False,13
deepseek-v3,10766642,Pt(111)_ORR,*OO → *OOOH → *OOHOH → *OOH → *O(OH)H → *H → *H2O → *,False,1,*OOOH,*OOHOH,protonation,-1,-0.4522,0.1711,-0.182,-0.099,-999.0,False,13
deepseek-v3,10766642,Pt(111)_ORR,*OO → *OOOH → *OOHOH → *OOH → *O(OH)H → *H → *H2O → *,False,2,*OOHOH,*OOH,bond_dissociation,0,-2.1481,0.0837,0.322,-2.3864,-999.0,False,13
deepseek-v3,10766642,Pt(111)_ORR,*OO → *OOOH → *OOHOH → *OOH → *O(OH)H → *H → *H2O → *,False,3,*OOH,*O(OH)H,protonation,-1,-0.7221,0.1475,-0.1268,-0.4477,-999.0,False,13
deepseek-v3,10766642,Pt(111)_ORR,*OO → *OOOH → *OOHOH → *OOH → *O(OH)H → *H → *H2O → *,False,4,*O(OH)H,*H,desorption,0,-3.3239,0.1932,0.3133,-3.4439,-999.0,False,13
deepseek-v3,10766642,Pt(111)_ORR,*OO → *OOOH → *OOHOH → *OOH → *O(OH)H → *H → *H2O → *,False,5,*H,*H2O,hydroxylation,1,0.0212,0.0162,-0.166,0.2034,-999.0,False,13
deepseek-v3,10766642,Pt(111)_ORR,*OO → *OOOH → *OOHOH → *OOH → *O(OH)H → *H → *H2O → *,False,6,*H2O,*,desorption,0,0.412,-0.0631,0.3386,0.0103,-999.0,False,13
deepseek-v3,10766642,Pt(111)_ORR,*OO → *OOOH → *OOHOH → *OOH → *O → *OH → *H2O → *,False,0,*OO,*OOOH,hydroxylation,1,1.9953,-0.0989,-0.2735,2.1699,-999.0,False,14
deepseek-v3,10766642,Pt(111)_ORR,*OO → *OOOH → *OOHOH → *OOH → *O → *OH → *H2O → *,False,1,*OOOH,*OOHOH,protonation,-1,-0.4522,0.1711,-0.182,-0.099,-999.0,False,14
deepseek-v3,10766642,Pt(111)_ORR,*OO → *OOOH → *OOHOH → *OOH → *O → *OH → *H2O → *,False,2,*OOHOH,*OOH,dehydroxylation,0,-2.1481,0.0837,0.322,-2.3864,-999.0,False,14
deepseek-v3,10766642,Pt(111)_ORR,*OO → *OOOH → *OOHOH → *OOH → *O → *OH → *H2O → *,False,3,*OOH,*O,dehydroxylation,0,-2.3128,0.0707,0.2197,-2.4617,-999.0,False,14
deepseek-v3,10766642,Pt(111)_ORR,*OO → *OOOH → *OOHOH → *OOH → *O → *OH → *H2O → *,False,4,*O,*OH,protonation,-1,-0.5752,0.1477,-0.1621,-0.2654,-999.0,False,14
deepseek-v3,10766642,Pt(111)_ORR,*OO → *OOOH → *OOHOH → *OOH → *O → *OH → *H2O → *,False,5,*OH,*H2O,protonation,-1,-1.1367,0.1385,-0.0371,-0.9611,-999.0,False,14
deepseek-v3,10766642,Pt(111)_ORR,*OO → *OOOH → *OOHOH → *OOH → *O → *OH → *H2O → *,False,6,*H2O,*,desorption,0,0.412,-0.0631,0.3386,0.0103,-999.0,False,14
deepseek-v3,10766642,Pt(111)_ORR,*OO → *OOOH → *OOHOH → *OOH → *O → *OH → *H2O → *,False,0,*OO,*OOOH,hydroxylation,1,1.9953,-0.0989,-0.2735,2.1699,-999.0,False,15
deepseek-v3,10766642,Pt(111)_ORR,*OO → *OOOH → *OOHOH → *OOH → *O → *OH → *H2O → *,False,1,*OOOH,*OOHOH,protonation,-1,-0.4522,0.1711,-0.182,-0.099,-999.0,False,15
deepseek-v3,10766642,Pt(111)_ORR,*OO → *OOOH → *OOHOH → *OOH → *O → *OH → *H2O → *,False,2,*OOHOH,*OOH,dehydroxylation,0,-2.1481,0.0837,0.322,-2.3864,-999.0,False,15
deepseek-v3,10766642,Pt(111)_ORR,*OO → *OOOH → *OOHOH → *OOH → *O → *OH → *H2O → *,False,3,*OOH,*O,bond_dissociation,0,-2.3128,0.0707,0.2197,-2.4617,-999.0,False,15
deepseek-v3,10766642,Pt(111)_ORR,*OO → *OOOH → *OOHOH → *OOH → *O → *OH → *H2O → *,False,4,*O,*OH,protonation,-1,-0.5752,0.1477,-0.1621,-0.2654,-999.0,False,15
deepseek-v3,10766642,Pt(111)_ORR,*OO → *OOOH → *OOHOH → *OOH → *O → *OH → *H2O → *,False,5,*OH,*H2O,protonation,-1,-1.1367,0.1385,-0.0371,-0.9611,-999.0,False,15
deepseek-v3,10766642,Pt(111)_ORR,*OO → *OOOH → *OOHOH → *OOH → *O → *OH → *H2O → *,False,6,*H2O,*,desorption,0,0.412,-0.0631,0.3386,0.0103,-999.0,False,15
deepseek-v3,10766642,Pt(111)_ORR,*OO → *OOOH → *OOHOH → *OOH → *O → *OH → *H2O → *,False,0,*OO,*OOOH,hydroxylation,1,1.9953,-0.0989,-0.2735,2.1699,-999.0,False,16
deepseek-v3,10766642,Pt(111)_ORR,*OO → *OOOH → *OOHOH → *OOH → *O → *OH → *H2O → *,False,1,*OOOH,*OOHOH,protonation,-1,-0.4522,0.1711,-0.182,-0.099,-999.0,False,16
deepseek-v3,10766642,Pt(111)_ORR,*OO → *OOOH → *OOHOH → *OOH → *O → *OH → *H2O → *,False,2,*OOHOH,*OOH,bond_dissociation,0,-2.1481,0.0837,0.322,-2.3864,-999.0,False,16
deepseek-v3,10766642,Pt(111)_ORR,*OO → *OOOH → *OOHOH → *OOH → *O → *OH → *H2O → *,False,3,*OOH,*O,dehydroxylation,0,-2.3128,0.0707,0.2197,-2.4617,-999.0,False,16
deepseek-v3,10766642,Pt(111)_ORR,*OO → *OOOH → *OOHOH → *OOH → *O → *OH → *H2O → *,False,4,*O,*OH,protonation,-1,-0.5752,0.1477,-0.1621,-0.2654,-999.0,False,16
deepseek-v3,10766642,Pt(111)_ORR,*OO → *OOOH → *OOHOH → *OOH → *O → *OH → *H2O → *,False,5,*OH,*H2O,protonation,-1,-1.1367,0.1385,-0.0371,-0.9611,-999.0,False,16
deepseek-v3,10766642,Pt(111)_ORR,*OO → *OOOH → *OOHOH → *OOH → *O → *OH → *H2O → *,False,6,*H2O,*,desorption,0,0.412,-0.0631,0.3386,0.0103,-999.0,False,16
deepseek-v3,10766642,Pt(111)_ORR,*OO → *OOOH → *OOHOH → *OOH → *O → *OH → *H2O → *,False,0,*OO,*OOOH,hydroxylation,1,1.9953,-0.0989,-0.2735,2.1699,-999.0,False,17
deepseek-v3,10766642,Pt(111)_ORR,*OO → *OOOH → *OOHOH → *OOH → *O → *OH → *H2O → *,False,1,*OOOH,*OOHOH,protonation,-1,-0.4522,0.1711,-0.182,-0.099,-999.0,False,17
deepseek-v3,10766642,Pt(111)_ORR,*OO → *OOOH → *OOHOH → *OOH → *O → *OH → *H2O → *,False,2,*OOHOH,*OOH,bond_dissociation,0,-2.1481,0.0837,0.322,-2.3864,-999.0,False,17
deepseek-v3,10766642,Pt(111)_ORR,*OO → *OOOH → *OOHOH → *OOH → *O → *OH → *H2O → *,False,3,*OOH,*O,bond_dissociation,0,-2.3128,0.0707,0.2197,-2.4617,-999.0,False,17
deepseek-v3,10766642,Pt(111)_ORR,*OO → *OOOH → *OOHOH → *OOH → *O → *OH → *H2O → *,False,4,*O,*OH,protonation,-1,-0.5752,0.1477,-0.1621,-0.2654,-999.0,False,17
deepseek-v3,10766642,Pt(111)_ORR,*OO → *OOOH → *OOHOH → *OOH → *O → *OH → *H2O → *,False,5,*OH,*H2O,protonation,-1,-1.1367,0.1385,-0.0371,-0.9611,-999.0,False,17
deepseek-v3,10766642,Pt(111)_ORR,*OO → *OOOH → *OOHOH → *OOH → *O → *OH → *H2O → *,False,6,*H2O,*,desorption,0,0.412,-0.0631,0.3386,0.0103,-999.0,False,17
deepseek-v3,10766642,Pt(111)_ORR,*OO → *OOOH → *O → *OOH → *O(OH)H → *OH → *H2O → *,False,0,*OO,*OOOH,hydroxylation,1,1.9953,-0.0989,-0.2735,2.1699,-999.0,False,18
deepseek-v3,10766642,Pt(111)_ORR,*OO → *OOOH → *O → *OOH → *O(OH)H → *OH → *H2O → *,False,1,*OOOH,*O,bond_dissociation,0,-4.913,0.3255,0.3596,-4.9471,-999.0,False,18
deepseek-v3,10766642,Pt(111)_ORR,*OO → *OOOH → *O → *OOH → *O(OH)H → *OH → *H2O → *,False,2,*O,*OOH,hydroxylation,1,2.3128,-0.0707,-0.2197,2.4617,-999.0,False,18
deepseek-v3,10766642,Pt(111)_ORR,*OO → *OOOH → *O → *OOH → *O(OH)H → *OH → *H2O → *,False,3,*OOH,*O(OH)H,protonation,-1,-0.7221,0.1475,-0.1268,-0.4477,-999.0,False,18
deepseek-v3,10766642,Pt(111)_ORR,*OO → *OOOH → *O → *OOH → *O(OH)H → *OH → *H2O → *,False,4,*O(OH)H,*OH,dehydroxylation,0,-2.1659,0.0709,0.1844,-2.2794,-999.0,False,18
deepseek-v3,10766642,Pt(111)_ORR,*OO → *OOOH → *O → *OOH → *O(OH)H → *OH → *H2O → *,False,5,*OH,*H2O,protonation,-1,-1.1367,0.1385,-0.0371,-0.9611,-999.0,False,18
deepseek-v3,10766642,Pt(111)_ORR,*OO → *OOOH → *O → *OOH → *O(OH)H → *OH → *H2O → *,False,6,*H2O,*,desorption,0,0.412,-0.0631,0.3386,0.0103,-999.0,False,18
deepseek-v3,10766642,Pt(111)_ORR,*OO → *OOOH → *O → *OOH → *O(OH)H → *H → *H2O → *,False,0,*OO,*OOOH,hydroxylation,1,1.9953,-0.0989,-0.2735,2.1699,-999.0,False,19
deepseek-v3,10766642,Pt(111)_ORR,*OO → *OOOH → *O → *OOH → *O(OH)H → *H → *H2O → *,False,1,*OOOH,*O,bond_dissociation,0,-4.913,0.3255,0.3596,-4.9471,-999.0,False,19
deepseek-v3,10766642,Pt(111)_ORR,*OO → *OOOH → *O → *OOH → *O(OH)H → *H → *H2O → *,False,2,*O,*OOH,hydroxylation,1,2.3128,-0.0707,-0.2197,2.4617,-999.0,False,19
deepseek-v3,10766642,Pt(111)_ORR,*OO → *OOOH → *O → *OOH → *O(OH)H → *H → *H2O → *,False,3,*OOH,*O(OH)H,protonation,-1,-0.7221,0.1475,-0.1268,-0.4477,-999.0,False,19
deepseek-v3,10766642,Pt(111)_ORR,*OO → *OOOH → *O → *OOH → *O(OH)H → *H → *H2O → *,False,4,*O(OH)H,*H,desorption,0,-3.3239,0.1932,0.3133,-3.4439,-999.0,False,19
deepseek-v3,10766642,Pt(111)_ORR,*OO → *OOOH → *O → *OOH → *O(OH)H → *H → *H2O → *,False,5,*H,*H2O,hydroxylation,1,0.0212,0.0162,-0.166,0.2034,-999.0,False,19
deepseek-v3,10766642,Pt(111)_ORR,*OO → *OOOH → *O → *OOH → *O(OH)H → *H → *H2O → *,False,6,*H2O,*,desorption,0,0.412,-0.0631,0.3386,0.0103,-999.0,False,19
deepseek-v3,10766642,Pt(111)_ORR,*OO → *OOOH → *OOHOH → *OOHO → *OOH → *O(OH)H → *OH → *H2O → *,False,0,*OO,*OOOH,hydroxylation,1,1.9953,-0.0989,-0.2735,2.1699,-999.0,False,20
deepseek-v3,10766642,Pt(111)_ORR,*OO → *OOOH → *OOHOH → *OOHO → *OOH → *O(OH)H → *OH → *H2O → *,False,1,*OOOH,*OOHOH,protonation,-1,-0.4522,0.1711,-0.182,-0.099,-999.0,False,20
deepseek-v3,10766642,Pt(111)_ORR,*OO → *OOOH → *OOHOH → *OOHO → *OOH → *O(OH)H → *OH → *H2O → *,False,2,*OOHOH,*OOHO,bond_dissociation,0,0.4698,-0.1708,0.1701,0.1289,-999.0,False,20
deepseek-v3,10766642,Pt(111)_ORR,*OO → *OOOH → *OOHOH → *OOHO → *OOH → *O(OH)H → *OH → *H2O → *,False,3,*OOHO,*OOH,bond_dissociation,0,-2.6179,0.2545,0.1519,-2.5153,-999.0,False,20
deepseek-v3,10766642,Pt(111)_ORR,*OO → *OOOH → *OOHOH → *OOHO → *OOH → *O(OH)H → *OH → *H2O → *,False,4,*OOH,*O(OH)H,protonation,-1,-0.7221,0.1475,-0.1268,-0.4477,-999.0,False,20
deepseek-v3,10766642,Pt(111)_ORR,*OO → *OOOH → *OOHOH → *OOHO → *OOH → *O(OH)H → *OH → *H2O → *,False,5,*O(OH)H,*OH,dehydroxylation,0,-2.1659,0.0709,0.1844,-2.2794,-999.0,False,20
deepseek-v3,10766642,Pt(111)_ORR,*OO → *OOOH → *OOHOH → *OOHO → *OOH → *O(OH)H → *OH → *H2O → *,False,6,*OH,*H2O,protonation,-1,-1.1367,0.1385,-0.0371,-0.9611,-999.0,False,20
deepseek-v3,10766642,Pt(111)_ORR,*OO → *OOOH → *OOHOH → *OOHO → *OOH → *O(OH)H → *OH → *H2O → *,False,7,*H2O,*,desorption,0,0.412,-0.0631,0.3386,0.0103,-999.0,False,20
deepseek-v3,10766642,Pt(111)_ORR,*OO → *OOOH → *OOHOH → *OOHO → *OOH → *O(OH)H → *H → *H2O → *,False,0,*OO,*OOOH,hydroxylation,1,1.9953,-0.0989,-0.2735,2.1699,-999.0,False,21
deepseek-v3,10766642,Pt(111)_ORR,*OO → *OOOH → *OOHOH → *OOHO → *OOH → *O(OH)H → *H → *H2O → *,False,1,*OOOH,*OOHOH,protonation,-1,-0.4522,0.1711,-0.182,-0.099,-999.0,False,21
deepseek-v3,10766642,Pt(111)_ORR,*OO → *OOOH → *OOHOH → *OOHO → *OOH → *O(OH)H → *H → *H2O → *,False,2,*OOHOH,*OOHO,bond_dissociation,0,0.4698,-0.1708,0.1701,0.1289,-999.0,False,21
deepseek-v3,10766642,Pt(111)_ORR,*OO → *OOOH → *OOHOH → *OOHO → *OOH → *O(OH)H → *H → *H2O → *,False,3,*OOHO,*OOH,bond_dissociation,0,-2.6179,0.2545,0.1519,-2.5153,-999.0,False,21
deepseek-v3,10766642,Pt(111)_ORR,*OO → *OOOH → *OOHOH → *OOHO → *OOH → *O(OH)H → *H → *H2O → *,False,4,*OOH,*O(OH)H,protonation,-1,-0.7221,0.1475,-0.1268,-0.4477,-999.0,False,21
deepseek-v3,10766642,Pt(111)_ORR,*OO → *OOOH → *OOHOH → *OOHO → *OOH → *O(OH)H → *H → *H2O → *,False,5,*O(OH)H,*H,desorption,0,-3.3239,0.1932,0.3133,-3.4439,-999.0,False,21
deepseek-v3,10766642,Pt(111)_ORR,*OO → *OOOH → *OOHOH → *OOHO → *OOH → *O(OH)H → *H → *H2O → *,False,6,*H,*H2O,hydroxylation,1,0.0212,0.0162,-0.166,0.2034,-999.0,False,21
deepseek-v3,10766642,Pt(111)_ORR,*OO → *OOOH → *OOHOH → *OOHO → *OOH → *O(OH)H → *H → *H2O → *,False,7,*H2O,*,desorption,0,0.412,-0.0631,0.3386,0.0103,-999.0,False,21
deepseek-v3,10766642,Pt(111)_ORR,*OO → *OOOH → *OOHOH → *OOHO → *OOH → *O → *OH → *H2O → *,False,0,*OO,*OOOH,hydroxylation,1,1.9953,-0.0989,-0.2735,2.1699,-999.0,False,22
deepseek-v3,10766642,Pt(111)_ORR,*OO → *OOOH → *OOHOH → *OOHO → *OOH → *O → *OH → *H2O → *,False,1,*OOOH,*OOHOH,protonation,-1,-0.4522,0.1711,-0.182,-0.099,-999.0,False,22
deepseek-v3,10766642,Pt(111)_ORR,*OO → *OOOH → *OOHOH → *OOHO → *OOH → *O → *OH → *H2O → *,False,2,*OOHOH,*OOHO,bond_dissociation,0,0.4698,-0.1708,0.1701,0.1289,-999.0,False,22
deepseek-v3,10766642,Pt(111)_ORR,*OO → *OOOH → *OOHOH → *OOHO → *OOH → *O → *OH → *H2O → *,False,3,*OOHO,*OOH,bond_dissociation,0,-2.6179,0.2545,0.1519,-2.5153,-999.0,False,22
deepseek-v3,10766642,Pt(111)_ORR,*OO → *OOOH → *OOHOH → *OOHO → *OOH → *O → *OH → *H2O → *,False,4,*OOH,*O,dehydroxylation,0,-2.3128,0.0707,0.2197,-2.4617,-999.0,False,22
deepseek-v3,10766642,Pt(111)_ORR,*OO → *OOOH → *OOHOH → *OOHO → *OOH → *O → *OH → *H2O → *,False,5,*O,*OH,protonation,-1,-0.5752,0.1477,-0.1621,-0.2654,-999.0,False,22
deepseek-v3,10766642,Pt(111)_ORR,*OO → *OOOH → *OOHOH → *OOHO → *OOH → *O → *OH → *H2O → *,False,6,*OH,*H2O,protonation,-1,-1.1367,0.1385,-0.0371,-0.9611,-999.0,False,22
deepseek-v3,10766642,Pt(111)_ORR,*OO → *OOOH → *OOHOH → *OOHO → *OOH → *O → *OH → *H2O → *,False,7,*H2O,*,desorption,0,0.412,-0.0631,0.3386,0.0103,-999.0,False,22
deepseek-v3,10766642,Pt(111)_ORR,*OO → *OOOH → *OOHOH → *OOHO → *OOH → *O → *OH → *H2O → *,False,0,*OO,*OOOH,hydroxylation,1,1.9953,-0.0989,-0.2735,2.1699,-999.0,False,23
deepseek-v3,10766642,Pt(111)_ORR,*OO → *OOOH → *OOHOH → *OOHO → *OOH → *O → *OH → *H2O → *,False,1,*OOOH,*OOHOH,protonation,-1,-0.4522,0.1711,-0.182,-0.099,-999.0,False,23
deepseek-v3,10766642,Pt(111)_ORR,*OO → *OOOH → *OOHOH → *OOHO → *OOH → *O → *OH → *H2O → *,False,2,*OOHOH,*OOHO,bond_dissociation,0,0.4698,-0.1708,0.1701,0.1289,-999.0,False,23
deepseek-v3,10766642,Pt(111)_ORR,*OO → *OOOH → *OOHOH → *OOHO → *OOH → *O → *OH → *H2O → *,False,3,*OOHO,*OOH,bond_dissociation,0,-2.6179,0.2545,0.1519,-2.5153,-999.0,False,23
deepseek-v3,10766642,Pt(111)_ORR,*OO → *OOOH → *OOHOH → *OOHO → *OOH → *O → *OH → *H2O → *,False,4,*OOH,*O,bond_dissociation,0,-2.3128,0.0707,0.2197,-2.4617,-999.0,False,23
deepseek-v3,10766642,Pt(111)_ORR,*OO → *OOOH → *OOHOH → *OOHO → *OOH → *O → *OH → *H2O → *,False,5,*O,*OH,protonation,-1,-0.5752,0.1477,-0.1621,-0.2654,-999.0,False,23
deepseek-v3,10766642,Pt(111)_ORR,*OO → *OOOH → *OOHOH → *OOHO → *OOH → *O → *OH → *H2O → *,False,6,*OH,*H2O,protonation,-1,-1.1367,0.1385,-0.0371,-0.9611,-999.0,False,23
deepseek-v3,10766642,Pt(111)_ORR,*OO → *OOOH → *OOHOH → *OOHO → *OOH → *O → *OH → *H2O → *,False,7,*H2O,*,desorption,0,0.412,-0.0631,0.3386,0.0103,-999.0,False,23
deepseek-v3,10766643,Pt(111)_HER,* → *H → *,False,0,*,*H,protonation,-1,-0.4332,0.047,-0.1726,-0.2136,-999.0,False,0
deepseek-v3,10766643,Pt(111)_HER,* → *H → *,False,1,*H,*,deprotonation,1,0.4332,-0.047,0.1726,0.2136,-999.0,False,0
deepseek-v3,10766643,Pt(111)_HER,* → *H → *H2 → *,True,0,*,*H,protonation,-1,-0.4332,0.047,-0.1726,-0.2136,0.1458,True,1
deepseek-v3,10766643,Pt(111)_HER,* → *H → *H2 → *,True,1,*H,*H2,protonation,-1,-0.3271,-0.01,-0.1912,-0.1458,0.1458,True,1
deepseek-v3,10766643,Pt(111)_HER,* → *H → *H2 → *,True,2,*H2,*,product_desorption,0,0.7603,-0.037,0.3638,0.3594,0.1458,True,1
deepseek-v3,10766643,Pt(111)_HER,* → *H → *H2O → *,False,0,*,*H,protonation,-1,-0.4332,0.047,-0.1726,-0.2136,-999.0,False,2
deepseek-v3,10766643,Pt(111)_HER,* → *H → *H2O → *,False,1,*H,*H2O,hydroxylation,1,0.0211,0.0147,-0.2622,0.2979,-999.0,False,2
deepseek-v3,10766643,Pt(111)_HER,* → *H → *H2O → *,False,2,*H2O,*,unknown,0,0.4122,-0.0617,0.4348,-0.0843,-999.0,False,2
deepseek-v3,10766643,Pt(111)_HER,* → *OH → *H2O → *,False,0,*,*OH,hydroxylation,1,0.727,-0.0759,-0.3008,0.9519,-999.0,False,3
deepseek-v3,10766643,Pt(111)_HER,* → *OH → *H2O → *,False,1,*OH,*H2O,protonation,-1,-1.1392,0.1376,-0.1339,-0.8676,-999.0,False,3
deepseek-v3,10766643,Pt(111)_HER,* → *OH → *H2O → *,False,2,*H2O,*,unknown,0,0.4122,-0.0617,0.4348,-0.0843,-999.0,False,3
deepseek-v3,10766643,Pt(111)_HER,* → *OH → *O → *,False,0,*,*OH,hydroxylation,1,0.727,-0.0759,-0.3008,0.9519,-999.0,False,4
deepseek-v3,10766643,Pt(111)_HER,* → *OH → *O → *,False,1,*OH,*O,deprotonation,1,0.5729,-0.1471,0.1614,0.2644,-999.0,False,4
deepseek-v3,10766643,Pt(111)_HER,* → *OH → *O → *,False,2,*O,*,unknown,0,-1.2999,0.2231,0.1394,-1.2163,-999.0,False,4
deepseek-v3,10766643,Au(110)_CO2RR,*CO2 → *COOH → *CO → *,False,0,*CO2,*COOH,protonation,-1,0.3528,0.1535,-0.2396,0.7459,-0.7459,True,0
deepseek-v3,10766643,Au(110)_CO2RR,*CO2 → *COOH → *CO → *,False,1,*COOH,*CO,reductive_dehydration,-1,-0.1867,0.0117,0.2929,-0.4678,-0.7459,True,0
deepseek-v3,10766643,Au(110)_CO2RR,*CO2 → *COOH → *CO → *,False,2,*CO,*,desorption,0,0.7528,-0.0555,0.4412,0.2562,-0.7459,True,0
deepseek-v3,10766643,Au(110)_CO2RR,*CO2 → *CHO2 → *CO → *,True,0,*CO2,*CHO2,protonation,-1,0.1739,0.1443,-0.2328,0.5509,-0.5509,True,1
deepseek-v3,10766643,Au(110)_CO2RR,*CO2 → *CHO2 → *CO → *,True,1,*CHO2,*CO,reductive_dehydration,-1,-0.0077,0.0209,0.2861,-0.2729,-0.5509,True,1
deepseek-v3,10766643,Au(110)_CO2RR,*CO2 → *CHO2 → *CO → *,True,2,*CO,*,desorption,0,0.7528,-0.0555,0.4412,0.2562,-0.5509,True,1
deepseek-v3,10766643,Au(110)_CO2RR,*CO2 → *OCHO → *CHO → *CO → *,False,0,*CO2,*OCHO,protonation,-1,0.1477,0.1486,-0.2382,0.5345,-999.0,False,2
deepseek-v3,10766643,Au(110)_CO2RR,*CO2 → *OCHO → *CHO → *CO → *,False,1,*OCHO,*CHO,bond_dissociation,0,0.1732,0.137,0.1295,0.1807,-999.0,False,2
deepseek-v3,10766643,Au(110)_CO2RR,*CO2 → *OCHO → *CHO → *CO → *,False,2,*CHO,*CO,deprotonation,1,-0.1548,-0.1204,0.162,-0.4372,-999.0,False,2
deepseek-v3,10766643,Au(110)_CO2RR,*CO2 → *OCHO → *CHO → *CO → *,False,3,*CO,*,desorption,0,0.7528,-0.0555,0.4412,0.2562,-999.0,False,2
deepseek-v3,10766643,Au(110)_CO2RR,*CO2 → *COOH → *CO(OH)H → *CO → *,False,0,*CO2,*COOH,protonation,-1,0.3528,0.1535,-0.2396,0.7459,-0.7459,True,3
deepseek-v3,10766643,Au(110)_CO2RR,*CO2 → *COOH → *CO(OH)H → *CO → *,False,1,*COOH,*CO(OH)H,protonation,-1,-0.6486,0.1548,-0.1188,-0.3749,-0.7459,True,3
deepseek-v3,10766643,Au(110)_CO2RR,*CO2 → *COOH → *CO(OH)H → *CO → *,False,2,*CO(OH)H,*CO,bond_dissociation,0,0.4619,-0.1431,0.4117,-0.0929,-0.7459,True,3
deepseek-v3,10766643,Au(110)_CO2RR,*CO2 → *COOH → *CO(OH)H → *CO → *,False,3,*CO,*,desorption,0,0.7528,-0.0555,0.4412,0.2562,-0.7459,True,3
deepseek-v3,10766643,Au(110)_CO2RR,*CO2 → *COOH → *CH(O)OH → *CO → *,False,0,*CO2,*COOH,protonation,-1,0.3528,0.1535,-0.2396,0.7459,-0.7459,True,4
deepseek-v3,10766643,Au(110)_CO2RR,*CO2 → *COOH → *CH(O)OH → *CO → *,False,1,*COOH,*CH(O)OH,protonation,-1,-0.6486,0.155,-0.1204,-0.3731,-0.7459,True,4
deepseek-v3,10766643,Au(110)_CO2RR,*CO2 → *COOH → *CH(O)OH → *CO → *,False,2,*CH(O)OH,*CO,bond_dissociation,0,0.4619,-0.1433,0.4133,-0.0947,-0.7459,True,4
deepseek-v3,10766643,Au(110)_CO2RR,*CO2 → *COOH → *CH(O)OH → *CO → *,False,3,*CO,*,desorption,0,0.7528,-0.0555,0.4412,0.2562,-0.7459,True,4
deepseek-v3,10766643,Au(110)_CO2RR,*CO2 → *CHO2 → *CHO → *CO → *,False,0,*CO2,*CHO2,protonation,-1,0.1739,0.1443,-0.2328,0.5509,-999.0,False,5
deepseek-v3,10766643,Au(110)_CO2RR,*CO2 → *CHO2 → *CHO → *CO → *,False,1,*CHO2,*CHO,bond_dissociation,0,0.1471,0.1413,0.1241,0.1643,-999.0,False,5
deepseek-v3,10766643,Au(110)_CO2RR,*CO2 → *CHO2 → *CHO → *CO → *,False,2,*CHO,*CO,deprotonation,1,-0.1548,-0.1204,0.162,-0.4372,-999.0,False,5
deepseek-v3,10766643,Au(110)_CO2RR,*CO2 → *CHO2 → *CHO → *CO → *,False,3,*CO,*,desorption,0,0.7528,-0.0555,0.4412,0.2562,-999.0,False,5
deepseek-v3,10766643,Au(110)_CO2RR,*CO2 → *COOH → *CO(OH)H → *COH → *CO → *,False,0,*CO2,*COOH,protonation,-1,0.3528,0.1535,-0.2396,0.7459,-0.7459,True,6
deepseek-v3,10766643,Au(110)_CO2RR,*CO2 → *COOH → *CO(OH)H → *COH → *CO → *,False,1,*COOH,*CO(OH)H,protonation,-1,-0.6486,0.1548,-0.1188,-0.3749,-0.7459,True,6
deepseek-v3,10766643,Au(110)_CO2RR,*CO2 → *COOH → *CO(OH)H → *COH → *CO → *,False,2,*CO(OH)H,*COH,dehydroxylation,0,1.5336,0.0302,0.2076,1.3561,-0.7459,True,6
deepseek-v3,10766643,Au(110)_CO2RR,*CO2 → *COOH → *CO(OH)H → *COH → *CO → *,False,3,*COH,*CO,bond_dissociation,0,-1.0716,-0.1733,0.2041,-1.449,-0.7459,True,6
deepseek-v3,10766643,Au(110)_CO2RR,*CO2 → *COOH → *CO(OH)H → *COH → *CO → *,False,4,*CO,*,desorption,0,0.7528,-0.0555,0.4412,0.2562,-0.7459,True,6
deepseek-v3,10766643,Au(110)_CO2RR,*CO2 → *COOH → *CO(OH)H → *COH → *CO → *,False,0,*CO2,*COOH,protonation,-1,0.3528,0.1535,-0.2396,0.7459,-0.7459,True,7
deepseek-v3,10766643,Au(110)_CO2RR,*CO2 → *COOH → *CO(OH)H → *COH → *CO → *,False,1,*COOH,*CO(OH)H,protonation,-1,-0.6486,0.1548,-0.1188,-0.3749,-0.7459,True,7
deepseek-v3,10766643,Au(110)_CO2RR,*CO2 → *COOH → *CO(OH)H → *COH → *CO → *,False,2,*CO(OH)H,*COH,bond_dissociation,0,1.5336,0.0302,0.2076,1.3561,-0.7459,True,7
deepseek-v3,10766643,Au(110)_CO2RR,*CO2 → *COOH → *CO(OH)H → *COH → *CO → *,False,3,*COH,*CO,bond_dissociation,0,-1.0716,-0.1733,0.2041,-1.449,-0.7459,True,7
deepseek-v3,10766643,Au(110)_CO2RR,*CO2 → *COOH → *CO(OH)H → *COH → *CO → *,False,4,*CO,*,desorption,0,0.7528,-0.0555,0.4412,0.2562,-0.7459,True,7
deepseek-v3,10766643,Au(110)_CO2RR,*CO2 → *COOH → *CH(O)OH → *CHO → *CO → *,False,0,*CO2,*COOH,protonation,-1,0.3528,0.1535,-0.2396,0.7459,-0.7459,True,8
deepseek-v3,10766643,Au(110)_CO2RR,*CO2 → *COOH → *CH(O)OH → *CHO → *CO → *,False,1,*COOH,*CH(O)OH,protonation,-1,-0.6486,0.155,-0.1204,-0.3731,-0.7459,True,8
deepseek-v3,10766643,Au(110)_CO2RR,*CO2 → *COOH → *CH(O)OH → *CHO → *CO → *,False,2,*CH(O)OH,*CHO,dehydroxylation,0,0.6167,-0.0229,0.2513,0.3425,-0.7459,True,8
deepseek-v3,10766643,Au(110)_CO2RR,*CO2 → *COOH → *CH(O)OH → *CHO → *CO → *,False,3,*CHO,*CO,bond_dissociation,0,-0.1548,-0.1204,0.162,-0.4372,-0.7459,True,8
deepseek-v3,10766643,Au(110)_CO2RR,*CO2 → *COOH → *CH(O)OH → *CHO → *CO → *,False,4,*CO,*,desorption,0,0.7528,-0.0555,0.4412,0.2562,-0.7459,True,8
deepseek-v3,10766643,Au(110)_CO2RR,*CO2 → *COOH → *CH(O)OH → *CHO → *CO → *,False,0,*CO2,*COOH,protonation,-1,0.3528,0.1535,-0.2396,0.7459,-0.7459,True,9
deepseek-v3,10766643,Au(110)_CO2RR,*CO2 → *COOH → *CH(O)OH → *CHO → *CO → *,False,1,*COOH,*CH(O)OH,protonation,-1,-0.6486,0.155,-0.1204,-0.3731,-0.7459,True,9
deepseek-v3,10766643,Au(110)_CO2RR,*CO2 → *COOH → *CH(O)OH → *CHO → *CO → *,False,2,*CH(O)OH,*CHO,bond_dissociation,0,0.6167,-0.0229,0.2513,0.3425,-0.7459,True,9
deepseek-v3,10766643,Au(110)_CO2RR,*CO2 → *COOH → *CH(O)OH → *CHO → *CO → *,False,3,*CHO,*CO,bond_dissociation,0,-0.1548,-0.1204,0.162,-0.4372,-0.7459,True,9
deepseek-v3,10766643,Au(110)_CO2RR,*CO2 → *COOH → *CH(O)OH → *CHO → *CO → *,False,4,*CO,*,desorption,0,0.7528,-0.0555,0.4412,0.2562,-0.7459,True,9
deepseek-v3,10766643,Au(110)_CO2RR,*CO2 → *CHO2 → *CH2O2 → *CHO → *CO → *,False,0,*CO2,*CHO2,protonation,-1,0.1739,0.1443,-0.2328,0.5509,-0.5509,True,10
deepseek-v3,10766643,Au(110)_CO2RR,*CO2 → *CHO2 → *CH2O2 → *CHO → *CO → *,False,1,*CHO2,*CH2O2,protonation,-1,-0.4696,0.1643,-0.1299,-0.1754,-0.5509,True,10
deepseek-v3,10766643,Au(110)_CO2RR,*CO2 → *CHO2 → *CH2O2 → *CHO → *CO → *,False,2,*CH2O2,*CHO,dehydroxylation,0,0.6167,-0.0229,0.254,0.3398,-0.5509,True,10
deepseek-v3,10766643,Au(110)_CO2RR,*CO2 → *CHO2 → *CH2O2 → *CHO → *CO → *,False,3,*CHO,*CO,bond_dissociation,0,-0.1548,-0.1204,0.162,-0.4372,-0.5509,True,10
deepseek-v3,10766643,Au(110)_CO2RR,*CO2 → *CHO2 → *CH2O2 → *CHO → *CO → *,False,4,*CO,*,desorption,0,0.7528,-0.0555,0.4412,0.2562,-0.5509,True,10
deepseek-v3,10766643,Au(110)_CO2RR,*CO2 → *CHO2 → *CH2O2 → *CHO → *CO → *,False,0,*CO2,*CHO2,protonation,-1,0.1739,0.1443,-0.2328,0.5509,-0.5509,True,11
deepseek-v3,10766643,Au(110)_CO2RR,*CO2 → *CHO2 → *CH2O2 → *CHO → *CO → *,False,1,*CHO2,*CH2O2,protonation,-1,-0.4696,0.1643,-0.1299,-0.1754,-0.5509,True,11
deepseek-v3,10766643,Au(110)_CO2RR,*CO2 → *CHO2 → *CH2O2 → *CHO → *CO → *,False,2,*CH2O2,*CHO,bond_dissociation,0,0.6167,-0.0229,0.254,0.3398,-0.5509,True,11
deepseek-v3,10766643,Au(110)_CO2RR,*CO2 → *CHO2 → *CH2O2 → *CHO → *CO → *,False,3,*CHO,*CO,bond_dissociation,0,-0.1548,-0.1204,0.162,-0.4372,-0.5509,True,11
deepseek-v3,10766643,Au(110)_CO2RR,*CO2 → *CHO2 → *CH2O2 → *CHO → *CO → *,False,4,*CO,*,desorption,0,0.7528,-0.0555,0.4412,0.2562,-0.5509,True,11
deepseek-v3,10766643,Au(110)_CO2RR,*CO2 → *CHO2 → *CH2O2 → *COH → *CO → *,False,0,*CO2,*CHO2,protonation,-1,0.1739,0.1443,-0.2328,0.5509,-0.5509,True,12
deepseek-v3,10766643,Au(110)_CO2RR,*CO2 → *CHO2 → *CH2O2 → *COH → *CO → *,False,1,*CHO2,*CH2O2,protonation,-1,-0.4696,0.1643,-0.1299,-0.1754,-0.5509,True,12
deepseek-v3,10766643,Au(110)_CO2RR,*CO2 → *CHO2 → *CH2O2 → *COH → *CO → *,False,2,*CH2O2,*COH,dehydroxylation,0,1.5335,0.0299,0.2119,1.3515,-0.5509,True,12
deepseek-v3,10766643,Au(110)_CO2RR,*CO2 → *CHO2 → *CH2O2 → *COH → *CO → *,False,3,*COH,*CO,bond_dissociation,0,-1.0716,-0.1733,0.2041,-1.449,-0.5509,True,12
deepseek-v3,10766643,Au(110)_CO2RR,*CO2 → *CHO2 → *CH2O2 → *COH → *CO → *,False,4,*CO,*,desorption,0,0.7528,-0.0555,0.4412,0.2562,-0.5509,True,12
deepseek-v3,10766643,Au(110)_CO2RR,*CO2 → *CHO2 → *CHO2H → *CHO → *CO → *,False,0,*CO2,*CHO2,protonation,-1,0.1739,0.1443,-0.2328,0.5509,-0.5509,True,13
deepseek-v3,10766643,Au(110)_CO2RR,*CO2 → *CHO2 → *CHO2H → *CHO → *CO → *,False,1,*CHO2,*CHO2H,protonation,-1,-0.478,0.1649,-0.1347,-0.1784,-0.5509,True,13
deepseek-v3,10766643,Au(110)_CO2RR,*CO2 → *CHO2 → *CHO2H → *CHO → *CO → *,False,2,*CHO2H,*CHO,bond_dissociation,0,0.6251,-0.0236,0.2588,0.3427,-0.5509,True,13
deepseek-v3,10766643,Au(110)_CO2RR,*CO2 → *CHO2 → *CHO2H → *CHO → *CO → *,False,3,*CHO,*CO,bond_dissociation,0,-0.1548,-0.1204,0.162,-0.4372,-0.5509,True,13
deepseek-v3,10766643,Au(110)_CO2RR,*CO2 → *CHO2 → *CHO2H → *CHO → *CO → *,False,4,*CO,*,desorption,0,0.7528,-0.0555,0.4412,0.2562,-0.5509,True,13
deepseek-v3,10766643,Au(110)_CO2RR,*CO2 → *CHO2 → *CHO2H → *CHO → *CO → *,False,0,*CO2,*CHO2,protonation,-1,0.1739,0.1443,-0.2328,0.5509,-0.5509,True,14
deepseek-v3,10766643,Au(110)_CO2RR,*CO2 → *CHO2 → *CHO2H → *CHO → *CO → *,False,1,*CHO2,*CHO2H,protonation,-1,-0.478,0.1649,-0.1347,-0.1784,-0.5509,True,14
deepseek-v3,10766643,Au(110)_CO2RR,*CO2 → *CHO2 → *CHO2H → *CHO → *CO → *,False,2,*CHO2H,*CHO,dehydroxylation,0,0.6251,-0.0236,0.2588,0.3427,-0.5509,True,14
deepseek-v3,10766643,Au(110)_CO2RR,*CO2 → *CHO2 → *CHO2H → *CHO → *CO → *,False,3,*CHO,*CO,bond_dissociation,0,-0.1548,-0.1204,0.162,-0.4372,-0.5509,True,14
deepseek-v3,10766643,Au(110)_CO2RR,*CO2 → *CHO2 → *CHO2H → *CHO → *CO → *,False,4,*CO,*,desorption,0,0.7528,-0.0555,0.4412,0.2562,-0.5509,True,14
deepseek-v3,10766643,Au(110)_CO2RR,*CO2 → *CHO2 → *CHO2H → *COH → *CO → *,False,0,*CO2,*CHO2,protonation,-1,0.1739,0.1443,-0.2328,0.5509,-0.5509,True,15
deepseek-v3,10766643,Au(110)_CO2RR,*CO2 → *CHO2 → *CHO2H → *COH → *CO → *,False,1,*CHO2,*CHO2H,protonation,-1,-0.478,0.1649,-0.1347,-0.1784,-0.5509,True,15
deepseek-v3,10766643,Au(110)_CO2RR,*CO2 → *CHO2 → *CHO2H → *COH → *CO → *,False,2,*CHO2H,*COH,dehydroxylation,0,1.542,0.0292,0.2167,1.3545,-0.5509,True,15
deepseek-v3,10766643,Au(110)_CO2RR,*CO2 → *CHO2 → *CHO2H → *COH → *CO → *,False,3,*COH,*CO,bond_dissociation,0,-1.0716,-0.1733,0.2041,-1.449,-0.5509,True,15
deepseek-v3,10766643,Au(110)_CO2RR,*CO2 → *CHO2 → *CHO2H → *COH → *CO → *,False,4,*CO,*,desorption,0,0.7528,-0.0555,0.4412,0.2562,-0.5509,True,15
deepseek-v3,10766643,Au(110)_CO2RR,*CO2 → *CHO2 → *CHO2H → *COH → *CO → *,False,0,*CO2,*CHO2,protonation,-1,0.1739,0.1443,-0.2328,0.5509,-0.5509,True,16
deepseek-v3,10766643,Au(110)_CO2RR,*CO2 → *CHO2 → *CHO2H → *COH → *CO → *,False,1,*CHO2,*CHO2H,protonation,-1,-0.478,0.1649,-0.1347,-0.1784,-0.5509,True,16
deepseek-v3,10766643,Au(110)_CO2RR,*CO2 → *CHO2 → *CHO2H → *COH → *CO → *,False,2,*CHO2H,*COH,bond_dissociation,0,1.542,0.0292,0.2167,1.3545,-0.5509,True,16
deepseek-v3,10766643,Au(110)_CO2RR,*CO2 → *CHO2 → *CHO2H → *COH → *CO → *,False,3,*COH,*CO,bond_dissociation,0,-1.0716,-0.1733,0.2041,-1.449,-0.5509,True,16
deepseek-v3,10766643,Au(110)_CO2RR,*CO2 → *CHO2 → *CHO2H → *COH → *CO → *,False,4,*CO,*,desorption,0,0.7528,-0.0555,0.4412,0.2562,-0.5509,True,16
deepseek-v3,10766643,Au(110)_CO2RR,*CO2 → *CHO2 → *OCH2O → *OCHO → *CHO → *CO → *,False,0,*CO2,*CHO2,protonation,-1,0.1739,0.1443,-0.2328,0.5509,-999.0,False,17
deepseek-v3,10766643,Au(110)_CO2RR,*CO2 → *CHO2 → *OCH2O → *OCHO → *CHO → *CO → *,False,1,*CHO2,*OCH2O,cc_coupling,0,-0.4769,0.1651,-0.1326,-0.1793,-999.0,False,17
deepseek-v3,10766643,Au(110)_CO2RR,*CO2 → *CHO2 → *OCH2O → *OCHO → *CHO → *CO → *,False,2,*OCH2O,*OCHO,deprotonation,1,0.4508,-0.1608,0.1271,0.1629,-999.0,False,17
deepseek-v3,10766643,Au(110)_CO2RR,*CO2 → *CHO2 → *OCH2O → *OCHO → *CHO → *CO → *,False,3,*OCHO,*CHO,bond_dissociation,0,0.1732,0.137,0.1295,0.1807,-999.0,False,17
deepseek-v3,10766643,Au(110)_CO2RR,*CO2 → *CHO2 → *OCH2O → *OCHO → *CHO → *CO → *,False,4,*CHO,*CO,bond_dissociation,0,-0.1548,-0.1204,0.162,-0.4372,-999.0,False,17
deepseek-v3,10766643,Au(110)_CO2RR,*CO2 → *CHO2 → *OCH2O → *OCHO → *CHO → *CO → *,False,5,*CO,*,desorption,0,0.7528,-0.0555,0.4412,0.2562,-999.0,False,17
deepseek-v3,10766643,Au(110)_CO2RR,*CO2 → *CHO2 → *OCH2O → *OCHO → *CHO → *CO → *,False,0,*CO2,*CHO2,protonation,-1,0.1739,0.1443,-0.2328,0.5509,-999.0,False,18
deepseek-v3,10766643,Au(110)_CO2RR,*CO2 → *CHO2 → *OCH2O → *OCHO → *CHO → *CO → *,False,1,*CHO2,*OCH2O,cc_coupling,0,-0.4769,0.1651,-0.1326,-0.1793,-999.0,False,18
deepseek-v3,10766643,Au(110)_CO2RR,*CO2 → *CHO2 → *OCH2O → *OCHO → *CHO → *CO → *,False,2,*OCH2O,*OCHO,bond_dissociation,0,0.4508,-0.1608,0.1271,0.1629,-999.0,False,18
deepseek-v3,10766643,Au(110)_CO2RR,*CO2 → *CHO2 → *OCH2O → *OCHO → *CHO → *CO → *,False,3,*OCHO,*CHO,bond_dissociation,0,0.1732,0.137,0.1295,0.1807,-999.0,False,18
deepseek-v3,10766643,Au(110)_CO2RR,*CO2 → *CHO2 → *OCH2O → *OCHO → *CHO → *CO → *,False,4,*CHO,*CO,deprotonation,1,-0.1548,-0.1204,0.162,-0.4372,-999.0,False,18
deepseek-v3,10766643,Au(110)_CO2RR,*CO2 → *CHO2 → *OCH2O → *OCHO → *CHO → *CO → *,False,5,*CO,*,desorption,0,0.7528,-0.0555,0.4412,0.2562,-999.0,False,18
deepseek-v3,10766643,Au(110)_CO2RR,*CO2 → *CHO2 → *OCH2O → *OCHO → *CHO → *CO → *,False,0,*CO2,*CHO2,protonation,-1,0.1739,0.1443,-0.2328,0.5509,-0.5509,True,19
deepseek-v3,10766643,Au(110)_CO2RR,*CO2 → *CHO2 → *OCH2O → *OCHO → *CHO → *CO → *,False,1,*CHO2,*OCH2O,protonation,-1,-0.4769,0.1651,-0.1326,-0.1793,-0.5509,True,19
deepseek-v3,10766643,Au(110)_CO2RR,*CO2 → *CHO2 → *OCH2O → *OCHO → *CHO → *CO → *,False,2,*OCH2O,*OCHO,bond_dissociation,0,0.4508,-0.1608,0.1271,0.1629,-0.5509,True,19
deepseek-v3,10766643,Au(110)_CO2RR,*CO2 → *CHO2 → *OCH2O → *OCHO → *CHO → *CO → *,False,3,*OCHO,*CHO,bond_dissociation,0,0.1732,0.137,0.1295,0.1807,-0.5509,True,19
deepseek-v3,10766643,Au(110)_CO2RR,*CO2 → *CHO2 → *OCH2O → *OCHO → *CHO → *CO → *,False,4,*CHO,*CO,bond_dissociation,0,-0.1548,-0.1204,0.162,-0.4372,-0.5509,True,19
deepseek-v3,10766643,Au(110)_CO2RR,*CO2 → *CHO2 → *OCH2O → *OCHO → *CHO → *CO → *,False,5,*CO,*,desorption,0,0.7528,-0.0555,0.4412,0.2562,-0.5509,True,19
deepseek-v3,10766643,Pt(111)_ORR,*OO → *OOH → *O → *OH → *H2O → *,True,0,*OO,*OOH,protonation,-1,-0.606,0.1568,-0.1362,-0.313,0.313,True,0
deepseek-v3,10766643,Pt(111)_ORR,*OO → *OOH → *O → *OH → *H2O → *,True,1,*OOH,*O,reductive_dehydration,-1,-2.3117,0.0698,0.2223,-2.4642,0.313,True,0
deepseek-v3,10766643,Pt(111)_ORR,*OO → *OOH → *O → *OH → *H2O → *,True,2,*O,*OH,protonation,-1,-0.5625,0.1193,-0.0773,-0.3659,0.313,True,0
deepseek-v3,10766643,Pt(111)_ORR,*OO → *OOH → *O → *OH → *H2O → *,True,3,*OH,*H2O,protonation,-1,-1.1496,0.1652,-0.2157,-0.7687,0.313,True,0
deepseek-v3,10766643,Pt(111)_ORR,*OO → *OOH → *O → *OH → *H2O → *,True,4,*H2O,*,product_desorption,0,0.4121,-0.0614,0.4324,-0.0816,0.313,True,0
deepseek-v3,10766643,Pt(111)_ORR,*OO → *OOH → *O(OH)H → *O → *OH → *H2O → *,False,0,*OO,*OOH,protonation,-1,-0.606,0.1568,-0.1362,-0.313,0.313,True,1
deepseek-v3,10766643,Pt(111)_ORR,*OO → *OOH → *O(OH)H → *O → *OH → *H2O → *,False,1,*OOH,*O(OH)H,protonation,-1,-0.721,0.1466,-0.1242,-0.4502,0.313,True,1
deepseek-v3,10766643,Pt(111)_ORR,*OO → *OOH → *O(OH)H → *O → *OH → *H2O → *,False,2,*O(OH)H,*O,bond_dissociation,0,-1.5907,-0.0768,0.3465,-2.014,0.313,True,1
deepseek-v3,10766643,Pt(111)_ORR,*OO → *OOH → *O(OH)H → *O → *OH → *H2O → *,False,3,*O,*OH,protonation,-1,-0.5625,0.1193,-0.0773,-0.3659,0.313,True,1
deepseek-v3,10766643,Pt(111)_ORR,*OO → *OOH → *O(OH)H → *O → *OH → *H2O → *,False,4,*OH,*H2O,protonation,-1,-1.1496,0.1652,-0.2157,-0.7687,0.313,True,1
deepseek-v3,10766643,Pt(111)_ORR,*OO → *OOH → *O(OH)H → *O → *OH → *H2O → *,False,5,*H2O,*,product_desorption,0,0.4121,-0.0614,0.4324,-0.0816,0.313,True,1
deepseek-v3,10766644,Pt(111)_HER,* → *H → *H2 → *,True,0,*,*H,protonation,-1,-0.4332,0.047,-0.1726,-0.2137,0.1458,True,0
deepseek-v3,10766644,Pt(111)_HER,* → *H → *H2 → *,True,1,*H,*H2,protonation,-1,-0.3271,-0.0099,-0.1913,-0.1458,0.1458,True,0
deepseek-v3,10766644,Pt(111)_HER,* → *H → *H2 → *,True,2,*H2,*,product_desorption,0,0.7603,-0.037,0.3638,0.3594,0.1458,True,0
deepseek-v3,10766644,Au(110)_CO2RR,*CO2 → *COOH → *CO → *,False,0,*CO2,*COOH,protonation,-1,0.3649,0.1511,-0.2206,0.7366,-0.7366,True,0
deepseek-v3,10766644,Au(110)_CO2RR,*CO2 → *COOH → *CO → *,False,1,*COOH,*CO,reductive_dehydration,-1,-0.1991,0.0142,0.2837,-0.4686,-0.7366,True,0
deepseek-v3,10766644,Au(110)_CO2RR,*CO2 → *COOH → *CO → *,False,2,*CO,*,desorption,0,0.753,-0.0557,0.4321,0.2652,-0.7366,True,0
deepseek-v3,10766644,Au(110)_CO2RR,*CO2 → *CHO2 → *CO → *,True,0,*CO2,*CHO2,protonation,-1,0.1725,0.1441,-0.2336,0.5503,-0.5503,True,1
deepseek-v3,10766644,Au(110)_CO2RR,*CO2 → *CHO2 → *CO → *,True,1,*CHO2,*CO,reductive_dehydration,-1,-0.0068,0.0212,0.2968,-0.2823,-0.5503,True,1
deepseek-v3,10766644,Au(110)_CO2RR,*CO2 → *CHO2 → *CO → *,True,2,*CO,*,desorption,0,0.753,-0.0557,0.4321,0.2652,-0.5503,True,1
deepseek-v3,10766644,Pt(111)_ORR,*OO → *OOH → *O → *OH → *H2O → *,True,0,*OO,*OOH,protonation,-1,-0.6047,0.156,-0.1338,-0.3149,0.2654,True,0
deepseek-v3,10766644,Pt(111)_ORR,*OO → *OOH → *O → *OH → *H2O → *,True,1,*OOH,*O,reductive_dehydration,-1,-2.3129,0.0706,0.2199,-2.4623,0.2654,True,0
deepseek-v3,10766644,Pt(111)_ORR,*OO → *OOH → *O → *OH → *H2O → *,True,2,*O,*OH,protonation,-1,-0.5752,0.1477,-0.1621,-0.2654,0.2654,True,0
deepseek-v3,10766644,Pt(111)_ORR,*OO → *OOH → *O → *OH → *H2O → *,True,3,*OH,*H2O,protonation,-1,-1.1369,0.1382,-0.0611,-0.9376,0.2654,True,0
deepseek-v3,10766644,Pt(111)_ORR,*OO → *OOH → *O → *OH → *H2O → *,True,4,*H2O,*,desorption,0,0.4122,-0.0628,0.3626,-0.0132,0.2654,True,0
deepseek-v3,10766644,Pt(111)_ORR,*OO → *OOH → *OOH2 → *O → *OH → *H2O → *,False,0,*OO,*OOH,protonation,-1,-0.6047,0.156,-0.1338,-0.3149,0.2654,True,1
deepseek-v3,10766644,Pt(111)_ORR,*OO → *OOH → *OOH2 → *O → *OH → *H2O → *,False,1,*OOH,*OOH2,protonation,-1,-0.7222,0.1474,-0.1266,-0.4483,0.2654,True,1
deepseek-v3,10766644,Pt(111)_ORR,*OO → *OOH → *OOH2 → *O → *OH → *H2O → *,False,2,*OOH2,*O,bond_dissociation,0,-1.5907,-0.0768,0.3465,-2.014,0.2654,True,1
deepseek-v3,10766644,Pt(111)_ORR,*OO → *OOH → *OOH2 → *O → *OH → *H2O → *,False,3,*O,*OH,protonation,-1,-0.5752,0.1477,-0.1621,-0.2654,0.2654,True,1
deepseek-v3,10766644,Pt(111)_ORR,*OO → *OOH → *OOH2 → *O → *OH → *H2O → *,False,4,*OH,*H2O,protonation,-1,-1.1369,0.1382,-0.0611,-0.9376,0.2654,True,1
deepseek-v3,10766644,Pt(111)_ORR,*OO → *OOH → *OOH2 → *O → *OH → *H2O → *,False,5,*H2O,*,desorption,0,0.4122,-0.0628,0.3626,-0.0132,0.2654,True,1
deepseek-v3,10766645,Pt(111)_HER,* → *H → *H2 → *,True,0,*,*H,protonation,-1,-0.4332,0.047,-0.1726,-0.2137,0.1458,True,0
deepseek-v3,10766645,Pt(111)_HER,* → *H → *H2 → *,True,1,*H,*H2,protonation,-1,-0.3271,-0.01,-0.1912,-0.1458,0.1458,True,0
deepseek-v3,10766645,Pt(111)_HER,* → *H → *H2 → *,True,2,*H2,*,product_desorption,0,0.7603,-0.037,0.3638,0.3595,0.1458,True,0
deepseek-v3,10766645,Au(110)_CO2RR,*CO2 → *COOH → *CO → *,True,0,*CO2,*COOH,protonation,-1,0.3331,0.1538,-0.2611,0.7479,-0.7479,True,0
deepseek-v3,10766645,Au(110)_CO2RR,*CO2 → *COOH → *CO → *,True,1,*COOH,*CO,reductive_dehydration,-1,-0.1658,0.0108,0.3261,-0.4812,-0.7479,True,0
deepseek-v3,10766645,Au(110)_CO2RR,*CO2 → *COOH → *CO → *,True,2,*CO,*,desorption,0,0.7533,-0.0552,0.438,0.2601,-0.7479,True,0
deepseek-v3,10766645,Au(111)_ORR,*OO → *OOH → *O(OH)H → *OH → *H2O → *,True,0,*OO,*OOH,protonation,-1,-0.9266,0.1464,-0.212,-0.5682,0.5682,True,0
deepseek-v3,10766645,Au(111)_ORR,*OO → *OOH → *O(OH)H → *OH → *H2O → *,True,1,*OOH,*O(OH)H,protonation,-1,-1.2179,0.1755,-0.1446,-0.8977,0.5682,True,0
deepseek-v3,10766645,Au(111)_ORR,*OO → *OOH → *O(OH)H → *OH → *H2O → *,True,2,*O(OH)H,*OH,reductive_dehydration,-1,-2.0215,0.0579,0.2302,-2.1939,0.5682,True,0
deepseek-v3,10766645,Au(111)_ORR,*OO → *OOH → *O(OH)H → *OH → *H2O → *,True,3,*OH,*H2O,protonation,-1,-1.3327,0.1336,-0.1275,-1.0716,0.5682,True,0
deepseek-v3,10766645,Au(111)_ORR,*OO → *OOH → *O(OH)H → *OH → *H2O → *,True,4,*H2O,*,desorption,0,0.2799,-0.0418,0.4083,-0.1703,0.5682,True,0
deepseek-v3,10766645,Au(111)_ORR,*OO → *OOH → *O → *OH → *H2O → *,False,0,*OO,*OOH,protonation,-1,-0.9266,0.1464,-0.212,-0.5682,0.5682,True,1
deepseek-v3,10766645,Au(111)_ORR,*OO → *OOH → *O → *OH → *H2O → *,False,1,*OOH,*O,reductive_dehydration,-1,-1.9231,0.0921,0.2368,-2.0678,0.5682,True,1
deepseek-v3,10766645,Au(111)_ORR,*OO → *OOH → *O → *OH → *H2O → *,False,2,*O,*OH,protonation,-1,-1.3163,0.1414,-0.1512,-1.0238,0.5682,True,1
deepseek-v3,10766645,Au(111)_ORR,*OO → *OOH → *O → *OH → *H2O → *,False,3,*OH,*H2O,protonation,-1,-1.3327,0.1336,-0.1275,-1.0716,0.5682,True,1
deepseek-v3,10766645,Au(111)_ORR,*OO → *OOH → *O → *OH → *H2O → *,False,4,*H2O,*,desorption,0,0.2799,-0.0418,0.4083,-0.1703,0.5682,True,1
deepseek-v3,10766645,Au(111)_ORR,*OO → *OOH → *O(OH)H → *O → *OH → *H2O → *,False,0,*OO,*OOH,protonation,-1,-0.9266,0.1464,-0.212,-0.5682,0.5682,True,2
deepseek-v3,10766645,Au(111)_ORR,*OO → *OOH → *O(OH)H → *O → *OH → *H2O → *,False,1,*OOH,*O(OH)H,protonation,-1,-1.2179,0.1755,-0.1446,-0.8977,0.5682,True,2
deepseek-v3,10766645,Au(111)_ORR,*OO → *OOH → *O(OH)H → *O → *OH → *H2O → *,False,2,*O(OH)H,*O,bond_dissociation,0,-0.7052,-0.0835,0.3814,-1.1701,0.5682,True,2
deepseek-v3,10766645,Au(111)_ORR,*OO → *OOH → *O(OH)H → *O → *OH → *H2O → *,False,3,*O,*OH,protonation,-1,-1.3163,0.1414,-0.1512,-1.0238,0.5682,True,2
deepseek-v3,10766645,Au(111)_ORR,*OO → *OOH → *O(OH)H → *O → *OH → *H2O → *,False,4,*OH,*H2O,protonation,-1,-1.3327,0.1336,-0.1275,-1.0716,0.5682,True,2
deepseek-v3,10766645,Au(111)_ORR,*OO → *OOH → *O(OH)H → *O → *OH → *H2O → *,False,5,*H2O,*,desorption,0,0.2799,-0.0418,0.4083,-0.1703,0.5682,True,2
deepseek-v3,10766645,Pt(111)_ORR,*OO → *OOH → *OOH2 → *OH → *H2O → *,True,0,*OO,*OOH,protonation,-1,-0.6048,0.1564,-0.1348,-0.3136,0.3136,True,0
deepseek-v3,10766645,Pt(111)_ORR,*OO → *OOH → *OOH2 → *OH → *H2O → *,True,1,*OOH,*OOH2,protonation,-1,-0.7222,0.147,-0.1256,-0.4496,0.3136,True,0
deepseek-v3,10766645,Pt(111)_ORR,*OO → *OOH → *OOH2 → *OH → *H2O → *,True,2,*OOH2,*OH,reductive_dehydration,-1,-2.166,0.071,0.1843,-2.2793,0.3136,True,0
deepseek-v3,10766645,Pt(111)_ORR,*OO → *OOH → *OOH2 → *OH → *H2O → *,True,3,*OH,*H2O,protonation,-1,-1.1369,0.1371,-0.1369,-0.8629,0.3136,True,0
deepseek-v3,10766645,Pt(111)_ORR,*OO → *OOH → *OOH2 → *OH → *H2O → *,True,4,*H2O,*,product_desorption,0,0.4122,-0.0618,0.4385,-0.0881,0.3136,True,0
deepseek-v3,10766645,Pt(111)_ORR,*OO → *OOH → *O → *OH → *H2O → *,False,0,*OO,*OOH,protonation,-1,-0.6048,0.1564,-0.1348,-0.3136,0.2653,True,1
deepseek-v3,10766645,Pt(111)_ORR,*OO → *OOH → *O → *OH → *H2O → *,False,1,*OOH,*O,reductive_dehydration,-1,-2.3129,0.0702,0.2209,-2.4636,0.2653,True,1
deepseek-v3,10766645,Pt(111)_ORR,*OO → *OOH → *O → *OH → *H2O → *,False,2,*O,*OH,protonation,-1,-0.5753,0.1478,-0.1622,-0.2653,0.2653,True,1
deepseek-v3,10766645,Pt(111)_ORR,*OO → *OOH → *O → *OH → *H2O → *,False,3,*OH,*H2O,protonation,-1,-1.1369,0.1371,-0.1369,-0.8629,0.2653,True,1
deepseek-v3,10766645,Pt(111)_ORR,*OO → *OOH → *O → *OH → *H2O → *,False,4,*H2O,*,product_desorption,0,0.4122,-0.0618,0.4385,-0.0881,0.2653,True,1
deepseek-v3,10766645,Pt(111)_ORR,*OO → *OOH → *OOHOH → *O → *OH → *H2O → *,False,0,*OO,*OOH,protonation,-1,-0.6048,0.1564,-0.1348,-0.3136,-999.0,False,2
deepseek-v3,10766645,Pt(111)_ORR,*OO → *OOH → *OOHOH → *O → *OH → *H2O → *,False,1,*OOH,*OOHOH,hydroxylation,1,2.1479,-0.0843,-0.3207,2.3844,-999.0,False,2
deepseek-v3,10766645,Pt(111)_ORR,*OO → *OOH → *OOHOH → *O → *OH → *H2O → *,False,2,*OOHOH,*O,desorption,0,-4.4608,0.1545,0.5416,-4.848,-999.0,False,2
deepseek-v3,10766645,Pt(111)_ORR,*OO → *OOH → *OOHOH → *O → *OH → *H2O → *,False,3,*O,*OH,protonation,-1,-0.5753,0.1478,-0.1622,-0.2653,-999.0,False,2
deepseek-v3,10766645,Pt(111)_ORR,*OO → *OOH → *OOHOH → *O → *OH → *H2O → *,False,4,*OH,*H2O,protonation,-1,-1.1369,0.1371,-0.1369,-0.8629,-999.0,False,2
deepseek-v3,10766645,Pt(111)_ORR,*OO → *OOH → *OOHOH → *O → *OH → *H2O → *,False,5,*H2O,*,product_desorption,0,0.4122,-0.0618,0.4385,-0.0881,-999.0,False,2
deepseek-v3,10766646,Pt(111)_HER,* → *H → *,False,0,*,*H,protonation,-1,-0.4332,0.047,-0.1726,-0.2137,-999.0,False,0
deepseek-v3,10766646,Pt(111)_HER,* → *H → *,False,1,*H,*,deprotonation,1,0.4332,-0.047,0.1726,0.2137,-999.0,False,0
deepseek-v3,10766646,Pt(111)_HER,* → *H → *H2 → *,True,0,*,*H,protonation,-1,-0.4332,0.047,-0.1726,-0.2137,0.1458,True,1
deepseek-v3,10766646,Pt(111)_HER,* → *H → *H2 → *,True,1,*H,*H2,protonation,-1,-0.3271,-0.01,-0.1912,-0.1458,0.1458,True,1
deepseek-v3,10766646,Pt(111)_HER,* → *H → *H2 → *,True,2,*H2,*,product_desorption,0,0.7603,-0.037,0.3638,0.3595,0.1458,True,1
deepseek-v3,10766646,Au(110)_CO2RR,*CO2 → *COOH → *CO → *,False,0,*CO2,*COOH,protonation,-1,0.3612,0.151,-0.2134,0.7256,-0.7256,True,0
deepseek-v3,10766646,Au(110)_CO2RR,*CO2 → *COOH → *CO → *,False,1,*COOH,*CO,reductive_dehydration,-1,-0.1951,0.0146,0.2663,-0.4469,-0.7256,True,0
deepseek-v3,10766646,Au(110)_CO2RR,*CO2 → *COOH → *CO → *,False,2,*CO,*,desorption,0,0.7527,-0.0559,0.4425,0.2543,-0.7256,True,0
deepseek-v3,10766646,Au(110)_CO2RR,*CO2 → *COOH → *COOH2 → *CO → *,False,0,*CO2,*COOH,protonation,-1,0.3612,0.151,-0.2134,0.7256,-0.7256,True,1
deepseek-v3,10766646,Au(110)_CO2RR,*CO2 → *COOH → *COOH2 → *CO → *,False,1,*COOH,*COOH2,protonation,-1,-0.6571,0.1574,-0.1455,-0.3542,-0.7256,True,1
deepseek-v3,10766646,Au(110)_CO2RR,*CO2 → *COOH → *COOH2 → *CO → *,False,2,*COOH2,*CO,bond_dissociation,0,0.462,-0.1429,0.4119,-0.0927,-0.7256,True,1
deepseek-v3,10766646,Au(110)_CO2RR,*CO2 → *COOH → *COOH2 → *CO → *,False,3,*CO,*,desorption,0,0.7527,-0.0559,0.4425,0.2543,-0.7256,True,1
deepseek-v3,10766646,Au(110)_CO2RR,*CO2 → *OCHO → *HCOOH → *CHO → *CO → *,True,0,*CO2,*OCHO,protonation,-1,0.1727,0.1436,-0.2349,0.5512,-0.5512,True,2
deepseek-v3,10766646,Au(110)_CO2RR,*CO2 → *OCHO → *HCOOH → *CHO → *CO → *,True,1,*OCHO,*HCOOH,protonation,-1,-0.4686,0.1648,-0.1243,-0.1795,-0.5512,True,2
deepseek-v3,10766646,Au(110)_CO2RR,*CO2 → *OCHO → *HCOOH → *CHO → *CO → *,True,2,*HCOOH,*CHO,bond_dissociation,0,0.6158,-0.025,0.2497,0.341,-0.5512,True,2
deepseek-v3,10766646,Au(110)_CO2RR,*CO2 → *OCHO → *HCOOH → *CHO → *CO → *,True,3,*CHO,*CO,bond_dissociation,0,-0.1538,-0.1178,0.1624,-0.434,-0.5512,True,2
deepseek-v3,10766646,Au(110)_CO2RR,*CO2 → *OCHO → *HCOOH → *CHO → *CO → *,True,4,*CO,*,desorption,0,0.7527,-0.0559,0.4425,0.2543,-0.5512,True,2
deepseek-v3,10766646,Au(110)_CO2RR,*CO2 → *OCHO → *OCHO_1 → *OCH-CO → *CHO → *CO → *,False,0,*CO2,*OCHO,protonation,-1,0.1727,0.1436,-0.2349,0.5512,-999.0,False,3
deepseek-v3,10766646,Au(110)_CO2RR,*CO2 → *OCHO → *OCHO_1 → *OCH-CO → *CHO → *CO → *,False,1,*OCHO,*OCHO_1,bond_dissociation,0,-0.0214,0.0044,-0.0055,-0.0115,-999.0,False,3
deepseek-v3,10766646,Au(110)_CO2RR,*CO2 → *OCHO → *OCHO_1 → *OCH-CO → *CHO → *CO → *,False,2,*OCHO_1,*OCH-CO,cc_coupling,0,-0.2633,0.2576,-0.3693,0.3636,-999.0,False,3
deepseek-v3,10766646,Au(110)_CO2RR,*CO2 → *OCHO → *OCHO_1 → *OCH-CO → *CHO → *CO → *,False,3,*OCH-CO,*CHO,bond_dissociation,0,0.4318,-0.1222,0.5001,-0.1906,-999.0,False,3
deepseek-v3,10766646,Au(110)_CO2RR,*CO2 → *OCHO → *OCHO_1 → *OCH-CO → *CHO → *CO → *,False,4,*CHO,*CO,deprotonation,1,-0.1538,-0.1178,0.1624,-0.434,-999.0,False,3
deepseek-v3,10766646,Au(110)_CO2RR,*CO2 → *OCHO → *OCHO_1 → *OCH-CO → *CHO → *CO → *,False,5,*CO,*,desorption,0,0.7527,-0.0559,0.4425,0.2543,-999.0,False,3
deepseek-v3,10766646,Au(110)_CO2RR,*CO2 → *OCHO → *OCHO_1 → *OCH-CHO → *CHO → *CO → *,False,0,*CO2,*OCHO,protonation,-1,0.1727,0.1436,-0.2349,0.5512,-999.0,False,4
deepseek-v3,10766646,Au(110)_CO2RR,*CO2 → *OCHO → *OCHO_1 → *OCH-CHO → *CHO → *CO → *,False,1,*OCHO,*OCHO_1,bond_dissociation,0,-0.0214,0.0044,-0.0055,-0.0115,-999.0,False,4
deepseek-v3,10766646,Au(110)_CO2RR,*CO2 → *OCHO → *OCHO_1 → *OCH-CHO → *CHO → *CO → *,False,2,*OCHO_1,*OCH-CHO,cc_coupling,0,-0.5725,0.4186,-0.5707,0.4168,-999.0,False,4
deepseek-v3,10766646,Au(110)_CO2RR,*CO2 → *OCHO → *OCHO_1 → *OCH-CHO → *CHO → *CO → *,False,3,*OCH-CHO,*CHO,bond_dissociation,0,0.741,-0.2832,0.7016,-0.2438,-999.0,False,4
deepseek-v3,10766646,Au(110)_CO2RR,*CO2 → *OCHO → *OCHO_1 → *OCH-CHO → *CHO → *CO → *,False,4,*CHO,*CO,deprotonation,1,-0.1538,-0.1178,0.1624,-0.434,-999.0,False,4
deepseek-v3,10766646,Au(110)_CO2RR,*CO2 → *OCHO → *OCHO_1 → *OCH-CHO → *CHO → *CO → *,False,5,*CO,*,desorption,0,0.7527,-0.0559,0.4425,0.2543,-999.0,False,4
deepseek-v3,10766646,Au(110)_CO2RR,*CO2 → *OCHO → *OCHO_1 → *OCH-CO → *OCH-CHO → *CHO → *CO → *,False,0,*CO2,*OCHO,protonation,-1,0.1727,0.1436,-0.2349,0.5512,-0.5512,True,5
deepseek-v3,10766646,Au(110)_CO2RR,*CO2 → *OCHO → *OCHO_1 → *OCH-CO → *OCH-CHO → *CHO → *CO → *,False,1,*OCHO,*OCHO_1,bond_dissociation,0,-0.0214,0.0044,-0.0055,-0.0115,-0.5512,True,5
deepseek-v3,10766646,Au(110)_CO2RR,*CO2 → *OCHO → *OCHO_1 → *OCH-CO → *OCH-CHO → *CHO → *CO → *,False,2,*OCHO_1,*OCH-CO,cc_coupling,0,-0.2633,0.2576,-0.3693,0.3636,-0.5512,True,5
deepseek-v3,10766646,Au(110)_CO2RR,*CO2 → *OCHO → *OCHO_1 → *OCH-CO → *OCH-CHO → *CHO → *CO → *,False,3,*OCH-CO,*OCH-CHO,protonation,-1,-0.3092,0.161,-0.2014,0.0532,-0.5512,True,5
deepseek-v3,10766646,Au(110)_CO2RR,*CO2 → *OCHO → *OCHO_1 → *OCH-CO → *OCH-CHO → *CHO → *CO → *,False,4,*OCH-CHO,*CHO,bond_dissociation,0,0.741,-0.2832,0.7016,-0.2438,-0.5512,True,5
deepseek-v3,10766646,Au(110)_CO2RR,*CO2 → *OCHO → *OCHO_1 → *OCH-CO → *OCH-CHO → *CHO → *CO → *,False,5,*CHO,*CO,bond_dissociation,0,-0.1538,-0.1178,0.1624,-0.434,-0.5512,True,5
deepseek-v3,10766646,Au(110)_CO2RR,*CO2 → *OCHO → *OCHO_1 → *OCH-CO → *OCH-CHO → *CHO → *CO → *,False,6,*CO,*,desorption,0,0.7527,-0.0559,0.4425,0.2543,-0.5512,True,5
deepseek-v3,10766646,Pt(111)_ORR,*OO → *OOH → *OOHOH → *O → *OH → *H2O → *,True,0,*OO,*OOH,protonation,-1,-0.6059,0.1567,-0.1373,-0.3118,-999.0,False,0
deepseek-v3,10766646,Pt(111)_ORR,*OO → *OOH → *OOHOH → *O → *OH → *H2O → *,True,1,*OOH,*OOHOH,hydroxylation,1,2.1491,-0.0846,-0.3179,2.3824,-999.0,False,0
deepseek-v3,10766646,Pt(111)_ORR,*OO → *OOH → *OOHOH → *O → *OH → *H2O → *,True,2,*OOHOH,*O,bond_dissociation,0,-4.4608,0.1545,0.5414,-4.8478,-999.0,False,0
deepseek-v3,10766646,Pt(111)_ORR,*OO → *OOH → *OOHOH → *O → *OH → *H2O → *,True,3,*O,*OH,protonation,-1,-0.5753,0.1478,-0.1623,-0.2652,-999.0,False,0
deepseek-v3,10766646,Pt(111)_ORR,*OO → *OOH → *OOHOH → *O → *OH → *H2O → *,True,4,*OH,*H2O,protonation,-1,-1.1369,0.1379,-0.0594,-0.9395,-999.0,False,0
deepseek-v3,10766646,Pt(111)_ORR,*OO → *OOH → *OOHOH → *O → *OH → *H2O → *,True,5,*H2O,*,desorption,0,0.4122,-0.0627,0.3611,-0.0116,-999.0,False,0
deepseek-v3,10766646,Pt(111)_ORR,*OO → *OOOH → *OOHOH → *O → *OH → *H2O → *,False,0,*OO,*OOOH,hydroxylation,1,1.9958,-0.0993,-0.2737,2.1701,-999.0,False,1
deepseek-v3,10766646,Pt(111)_ORR,*OO → *OOOH → *OOHOH → *O → *OH → *H2O → *,False,1,*OOOH,*OOHOH,protonation,-1,-0.4526,0.1714,-0.1816,-0.0995,-999.0,False,1
deepseek-v3,10766646,Pt(111)_ORR,*OO → *OOOH → *OOHOH → *O → *OH → *H2O → *,False,2,*OOHOH,*O,bond_dissociation,0,-4.4608,0.1545,0.5414,-4.8478,-999.0,False,1
deepseek-v3,10766646,Pt(111)_ORR,*OO → *OOOH → *OOHOH → *O → *OH → *H2O → *,False,3,*O,*OH,protonation,-1,-0.5753,0.1478,-0.1623,-0.2652,-999.0,False,1
deepseek-v3,10766646,Pt(111)_ORR,*OO → *OOOH → *OOHOH → *O → *OH → *H2O → *,False,4,*OH,*H2O,protonation,-1,-1.1369,0.1379,-0.0594,-0.9395,-999.0,False,1
deepseek-v3,10766646,Pt(111)_ORR,*OO → *OOOH → *OOHOH → *O → *OH → *H2O → *,False,5,*H2O,*,desorption,0,0.4122,-0.0627,0.3611,-0.0116,-999.0,False,1
deepseek-v3,10766646,Pt(111)_ORR,*OO → *OOOH → *OOHOH → *OOH → *O → *OH → *H2O → *,False,0,*OO,*OOOH,hydroxylation,1,1.9958,-0.0993,-0.2737,2.1701,-999.0,False,2
deepseek-v3,10766646,Pt(111)_ORR,*OO → *OOOH → *OOHOH → *OOH → *O → *OH → *H2O → *,False,1,*OOOH,*OOHOH,protonation,-1,-0.4526,0.1714,-0.1816,-0.0995,-999.0,False,2
deepseek-v3,10766646,Pt(111)_ORR,*OO → *OOOH → *OOHOH → *OOH → *O → *OH → *H2O → *,False,2,*OOHOH,*OOH,dehydroxylation,0,-2.1491,0.0846,0.3179,-2.3824,-999.0,False,2
deepseek-v3,10766646,Pt(111)_ORR,*OO → *OOOH → *OOHOH → *OOH → *O → *OH → *H2O → *,False,3,*OOH,*O,dehydroxylation,0,-2.3118,0.0699,0.2234,-2.4653,-999.0,False,2
deepseek-v3,10766646,Pt(111)_ORR,*OO → *OOOH → *OOHOH → *OOH → *O → *OH → *H2O → *,False,4,*O,*OH,protonation,-1,-0.5753,0.1478,-0.1623,-0.2652,-999.0,False,2
deepseek-v3,10766646,Pt(111)_ORR,*OO → *OOOH → *OOHOH → *OOH → *O → *OH → *H2O → *,False,5,*OH,*H2O,protonation,-1,-1.1369,0.1379,-0.0594,-0.9395,-999.0,False,2
deepseek-v3,10766646,Pt(111)_ORR,*OO → *OOOH → *OOHOH → *OOH → *O → *OH → *H2O → *,False,6,*H2O,*,desorption,0,0.4122,-0.0627,0.3611,-0.0116,-999.0,False,2
deepseek-v3,10766646,Pt(111)_ORR,*OO → *OOOH → *OOHOH → *OOH → *O → *OH → *H2O → *,False,0,*OO,*OOOH,hydroxylation,1,1.9958,-0.0993,-0.2737,2.1701,-999.0,False,3
deepseek-v3,10766646,Pt(111)_ORR,*OO → *OOOH → *OOHOH → *OOH → *O → *OH → *H2O → *,False,1,*OOOH,*OOHOH,protonation,-1,-0.4526,0.1714,-0.1816,-0.0995,-999.0,False,3
deepseek-v3,10766646,Pt(111)_ORR,*OO → *OOOH → *OOHOH → *OOH → *O → *OH → *H2O → *,False,2,*OOHOH,*OOH,dehydroxylation,0,-2.1491,0.0846,0.3179,-2.3824,-999.0,False,3
deepseek-v3,10766646,Pt(111)_ORR,*OO → *OOOH → *OOHOH → *OOH → *O → *OH → *H2O → *,False,3,*OOH,*O,bond_dissociation,0,-2.3118,0.0699,0.2234,-2.4653,-999.0,False,3
deepseek-v3,10766646,Pt(111)_ORR,*OO → *OOOH → *OOHOH → *OOH → *O → *OH → *H2O → *,False,4,*O,*OH,protonation,-1,-0.5753,0.1478,-0.1623,-0.2652,-999.0,False,3
deepseek-v3,10766646,Pt(111)_ORR,*OO → *OOOH → *OOHOH → *OOH → *O → *OH → *H2O → *,False,5,*OH,*H2O,protonation,-1,-1.1369,0.1379,-0.0594,-0.9395,-999.0,False,3
deepseek-v3,10766646,Pt(111)_ORR,*OO → *OOOH → *OOHOH → *OOH → *O → *OH → *H2O → *,False,6,*H2O,*,desorption,0,0.4122,-0.0627,0.3611,-0.0116,-999.0,False,3
deepseek-v3,10766646,Pt(111)_ORR,*OO → *OOOH → *OOHOH → *OOH → *O → *OH → *H2O → *,False,0,*OO,*OOOH,hydroxylation,1,1.9958,-0.0993,-0.2737,2.1701,-999.0,False,4
deepseek-v3,10766646,Pt(111)_ORR,*OO → *OOOH → *OOHOH → *OOH → *O → *OH → *H2O → *,False,1,*OOOH,*OOHOH,protonation,-1,-0.4526,0.1714,-0.1816,-0.0995,-999.0,False,4
deepseek-v3,10766646,Pt(111)_ORR,*OO → *OOOH → *OOHOH → *OOH → *O → *OH → *H2O → *,False,2,*OOHOH,*OOH,bond_dissociation,0,-2.1491,0.0846,0.3179,-2.3824,-999.0,False,4
deepseek-v3,10766646,Pt(111)_ORR,*OO → *OOOH → *OOHOH → *OOH → *O → *OH → *H2O → *,False,3,*OOH,*O,dehydroxylation,0,-2.3118,0.0699,0.2234,-2.4653,-999.0,False,4
deepseek-v3,10766646,Pt(111)_ORR,*OO → *OOOH → *OOHOH → *OOH → *O → *OH → *H2O → *,False,4,*O,*OH,protonation,-1,-0.5753,0.1478,-0.1623,-0.2652,-999.0,False,4
deepseek-v3,10766646,Pt(111)_ORR,*OO → *OOOH → *OOHOH → *OOH → *O → *OH → *H2O → *,False,5,*OH,*H2O,protonation,-1,-1.1369,0.1379,-0.0594,-0.9395,-999.0,False,4
deepseek-v3,10766646,Pt(111)_ORR,*OO → *OOOH → *OOHOH → *OOH → *O → *OH → *H2O → *,False,6,*H2O,*,desorption,0,0.4122,-0.0627,0.3611,-0.0116,-999.0,False,4
deepseek-v3,10766646,Pt(111)_ORR,*OO → *OOOH → *OOHOH → *OOH → *O → *OH → *H2O → *,False,0,*OO,*OOOH,hydroxylation,1,1.9958,-0.0993,-0.2737,2.1701,-999.0,False,5
deepseek-v3,10766646,Pt(111)_ORR,*OO → *OOOH → *OOHOH → *OOH → *O → *OH → *H2O → *,False,1,*OOOH,*OOHOH,protonation,-1,-0.4526,0.1714,-0.1816,-0.0995,-999.0,False,5
deepseek-v3,10766646,Pt(111)_ORR,*OO → *OOOH → *OOHOH → *OOH → *O → *OH → *H2O → *,False,2,*OOHOH,*OOH,bond_dissociation,0,-2.1491,0.0846,0.3179,-2.3824,-999.0,False,5
deepseek-v3,10766646,Pt(111)_ORR,*OO → *OOOH → *OOHOH → *OOH → *O → *OH → *H2O → *,False,3,*OOH,*O,bond_dissociation,0,-2.3118,0.0699,0.2234,-2.4653,-999.0,False,5
deepseek-v3,10766646,Pt(111)_ORR,*OO → *OOOH → *OOHOH → *OOH → *O → *OH → *H2O → *,False,4,*O,*OH,protonation,-1,-0.5753,0.1478,-0.1623,-0.2652,-999.0,False,5
deepseek-v3,10766646,Pt(111)_ORR,*OO → *OOOH → *OOHOH → *OOH → *O → *OH → *H2O → *,False,5,*OH,*H2O,protonation,-1,-1.1369,0.1379,-0.0594,-0.9395,-999.0,False,5
deepseek-v3,10766646,Pt(111)_ORR,*OO → *OOOH → *OOHOH → *OOH → *O → *OH → *H2O → *,False,6,*H2O,*,desorption,0,0.4122,-0.0627,0.3611,-0.0116,-999.0,False,5
deepseek-v3,10766647,Pt(111)_HER,* → *H → *,False,0,*,*H,protonation,-1,-0.4332,0.047,-0.1726,-0.2137,-999.0,False,0
deepseek-v3,10766647,Pt(111)_HER,* → *H → *,False,1,*H,*,deprotonation,1,0.4332,-0.047,0.1726,0.2137,-999.0,False,0
deepseek-v3,10766647,Pt(111)_HER,* → *H → *H2 → *,True,0,*,*H,protonation,-1,-0.4332,0.047,-0.1726,-0.2137,0.1458,True,1
deepseek-v3,10766647,Pt(111)_HER,* → *H → *H2 → *,True,1,*H,*H2,protonation,-1,-0.3271,-0.0099,-0.1913,-0.1458,0.1458,True,1
deepseek-v3,10766647,Pt(111)_HER,* → *H → *H2 → *,True,2,*H2,*,product_desorption,0,0.7603,-0.037,0.3638,0.3594,0.1458,True,1
deepseek-v3,10766647,Au(110)_CO2RR,*CO2 → *COOH → *CO → *,False,0,*CO2,*COOH,protonation,-1,0.3579,0.1515,-0.2237,0.7331,-0.7331,True,0
deepseek-v3,10766647,Au(110)_CO2RR,*CO2 → *COOH → *CO → *,False,1,*COOH,*CO,reductive_dehydration,-1,-0.1923,0.0134,0.2808,-0.4598,-0.7331,True,0
deepseek-v3,10766647,Au(110)_CO2RR,*CO2 → *COOH → *CO → *,False,2,*CO,*,desorption,0,0.7533,-0.0552,0.438,0.2601,-0.7331,True,0
deepseek-v3,10766647,Au(110)_CO2RR,*CO2 → *COOH → *COOH2 → *CO → *,False,0,*CO2,*COOH,protonation,-1,0.3579,0.1515,-0.2237,0.7331,-0.7331,True,1
deepseek-v3,10766647,Au(110)_CO2RR,*CO2 → *COOH → *COOH2 → *CO → *,False,1,*COOH,*COOH2,protonation,-1,-0.6535,0.1569,-0.1353,-0.3613,-0.7331,True,1
deepseek-v3,10766647,Au(110)_CO2RR,*CO2 → *COOH → *COOH2 → *CO → *,False,2,*COOH2,*CO,bond_dissociation,0,0.4611,-0.1435,0.4161,-0.0984,-0.7331,True,1
deepseek-v3,10766647,Au(110)_CO2RR,*CO2 → *COOH → *COOH2 → *CO → *,False,3,*CO,*,desorption,0,0.7533,-0.0552,0.438,0.2601,-0.7331,True,1
deepseek-v3,10766647,Au(110)_CO2RR,*CO2 → *COOH → *OCO → *CO → *,False,0,*CO2,*COOH,protonation,-1,0.3579,0.1515,-0.2237,0.7331,-999.0,False,2
deepseek-v3,10766647,Au(110)_CO2RR,*CO2 → *COOH → *OCO → *CO → *,False,1,*COOH,*OCO,deprotonation,1,2.0108,-0.1887,0.119,1.7032,-999.0,False,2
deepseek-v3,10766647,Au(110)_CO2RR,*CO2 → *COOH → *OCO → *CO → *,False,2,*OCO,*CO,bond_dissociation,0,-2.2031,0.2021,0.1619,-2.1629,-999.0,False,2
deepseek-v3,10766647,Au(110)_CO2RR,*CO2 → *COOH → *OCO → *CO → *,False,3,*CO,*,desorption,0,0.7533,-0.0552,0.438,0.2601,-999.0,False,2
deepseek-v3,10766647,Au(110)_CO2RR,*CO2 → *OCHO → *OCO → *CO → *,False,0,*CO2,*OCHO,protonation,-1,0.1465,0.1486,-0.2351,0.5302,-999.0,False,3
deepseek-v3,10766647,Au(110)_CO2RR,*CO2 → *OCHO → *OCO → *CO → *,False,1,*OCHO,*OCO,deprotonation,1,2.2222,-0.1857,0.1303,1.9061,-999.0,False,3
deepseek-v3,10766647,Au(110)_CO2RR,*CO2 → *OCHO → *OCO → *CO → *,False,2,*OCO,*CO,bond_dissociation,0,-2.2031,0.2021,0.1619,-2.1629,-999.0,False,3
deepseek-v3,10766647,Au(110)_CO2RR,*CO2 → *OCHO → *OCO → *CO → *,False,3,*CO,*,desorption,0,0.7533,-0.0552,0.438,0.2601,-999.0,False,3
deepseek-v3,10766647,Au(110)_CO2RR,*CO2 → *OCHO → *CHO → *CO → *,False,0,*CO2,*OCHO,protonation,-1,0.1465,0.1486,-0.2351,0.5302,-999.0,False,4
deepseek-v3,10766647,Au(110)_CO2RR,*CO2 → *OCHO → *CHO → *CO → *,False,1,*OCHO,*CHO,bond_dissociation,0,0.1695,0.135,0.1228,0.1816,-999.0,False,4
deepseek-v3,10766647,Au(110)_CO2RR,*CO2 → *OCHO → *CHO → *CO → *,False,2,*CHO,*CO,deprotonation,1,-0.1505,-0.1186,0.1694,-0.4384,-999.0,False,4
deepseek-v3,10766647,Au(110)_CO2RR,*CO2 → *OCHO → *CHO → *CO → *,False,3,*CO,*,desorption,0,0.7533,-0.0552,0.438,0.2601,-999.0,False,4
deepseek-v3,10766647,Au(110)_CO2RR,*CO2 → *OCHO → *OCO → *COOH → *CO → *,True,0,*CO2,*OCHO,protonation,-1,0.1465,0.1486,-0.2351,0.5302,-0.5302,True,5
deepseek-v3,10766647,Au(110)_CO2RR,*CO2 → *OCHO → *OCO → *COOH → *CO → *,True,1,*OCHO,*OCO,bond_dissociation,0,2.2222,-0.1857,0.1303,1.9061,-0.5302,True,5
deepseek-v3,10766647,Au(110)_CO2RR,*CO2 → *OCHO → *OCO → *COOH → *CO → *,True,2,*OCO,*COOH,protonation,-1,-2.0108,0.1887,-0.119,-1.7032,-0.5302,True,5
deepseek-v3,10766647,Au(110)_CO2RR,*CO2 → *OCHO → *OCO → *COOH → *CO → *,True,3,*COOH,*CO,bond_dissociation,0,-0.1923,0.0134,0.2808,-0.4598,-0.5302,True,5
deepseek-v3,10766647,Au(110)_CO2RR,*CO2 → *OCHO → *OCO → *COOH → *CO → *,True,4,*CO,*,desorption,0,0.7533,-0.0552,0.438,0.2601,-0.5302,True,5
deepseek-v3,10766647,Au(111)_ORR,*OO → *OOH → *O(OH2) → *OH → *H2O → *,True,0,*OO,*OOH,protonation,-1,-0.9257,0.1461,-0.2093,-0.5704,0.5704,True,0
deepseek-v3,10766647,Au(111)_ORR,*OO → *OOH → *O(OH2) → *OH → *H2O → *,True,1,*OOH,*O(OH2),protonation,-1,-1.2179,0.1758,-0.1461,-0.896,0.5704,True,0
deepseek-v3,10766647,Au(111)_ORR,*OO → *OOH → *O(OH2) → *OH → *H2O → *,True,2,*O(OH2),*OH,reductive_dehydration,-1,-2.0222,0.0582,0.23,-2.1941,0.5704,True,0
deepseek-v3,10766647,Au(111)_ORR,*OO → *OOH → *O(OH2) → *OH → *H2O → *,True,3,*OH,*H2O,protonation,-1,-1.3318,0.1309,-0.1181,-1.0828,0.5704,True,0
deepseek-v3,10766647,Au(111)_ORR,*OO → *OOH → *O(OH2) → *OH → *H2O → *,True,4,*H2O,*,desorption,0,0.2796,-0.0393,0.3992,-0.1589,0.5704,True,0
deepseek-v3,10766647,Au(111)_ORR,*OO → *OOH → *O → *OH → *H2O → *,False,0,*OO,*OOH,protonation,-1,-0.9257,0.1461,-0.2093,-0.5704,0.5704,True,1
deepseek-v3,10766647,Au(111)_ORR,*OO → *OOH → *O → *OH → *H2O → *,False,1,*OOH,*O,reductive_dehydration,-1,-1.923,0.0923,0.2353,-2.066,0.5704,True,1
deepseek-v3,10766647,Au(111)_ORR,*OO → *OOH → *O → *OH → *H2O → *,False,2,*O,*OH,protonation,-1,-1.317,0.1416,-0.1514,-1.0241,0.5704,True,1
deepseek-v3,10766647,Au(111)_ORR,*OO → *OOH → *O → *OH → *H2O → *,False,3,*OH,*H2O,protonation,-1,-1.3318,0.1309,-0.1181,-1.0828,0.5704,True,1
deepseek-v3,10766647,Au(111)_ORR,*OO → *OOH → *O → *OH → *H2O → *,False,4,*H2O,*,desorption,0,0.2796,-0.0393,0.3992,-0.1589,0.5704,True,1
deepseek-v3,10766647,Au(111)_ORR,*OO → *OOH → *O(OH2) → *O → *OH → *H2O → *,False,0,*OO,*OOH,protonation,-1,-0.9257,0.1461,-0.2093,-0.5704,0.5704,True,2
deepseek-v3,10766647,Au(111)_ORR,*OO → *OOH → *O(OH2) → *O → *OH → *H2O → *,False,1,*OOH,*O(OH2),protonation,-1,-1.2179,0.1758,-0.1461,-0.896,0.5704,True,2
deepseek-v3,10766647,Au(111)_ORR,*OO → *OOH → *O(OH2) → *O → *OH → *H2O → *,False,2,*O(OH2),*O,bond_dissociation,0,-0.7052,-0.0835,0.3814,-1.17,0.5704,True,2
deepseek-v3,10766647,Au(111)_ORR,*OO → *OOH → *O(OH2) → *O → *OH → *H2O → *,False,3,*O,*OH,protonation,-1,-1.317,0.1416,-0.1514,-1.0241,0.5704,True,2
deepseek-v3,10766647,Au(111)_ORR,*OO → *OOH → *O(OH2) → *O → *OH → *H2O → *,False,4,*OH,*H2O,protonation,-1,-1.3318,0.1309,-0.1181,-1.0828,0.5704,True,2
deepseek-v3,10766647,Au(111)_ORR,*OO → *OOH → *O(OH2) → *O → *OH → *H2O → *,False,5,*H2O,*,desorption,0,0.2796,-0.0393,0.3992,-0.1589,0.5704,True,2
deepseek-v3,10766647,Au(111)_ORR,*OO → *OOH → *OOH(OH) → *O → *OH → *H2O → *,False,0,*OO,*OOH,protonation,-1,-0.9257,0.1461,-0.2093,-0.5704,-999.0,False,3
deepseek-v3,10766647,Au(111)_ORR,*OO → *OOH → *OOH(OH) → *O → *OH → *H2O → *,False,1,*OOH,*OOH(OH),hydroxylation,1,1.5603,-0.0417,-0.2383,1.757,-999.0,False,3
deepseek-v3,10766647,Au(111)_ORR,*OO → *OOH → *OOH(OH) → *O → *OH → *H2O → *,False,2,*OOH(OH),*O,bond_dissociation,0,-3.4834,0.134,0.4736,-3.823,-999.0,False,3
deepseek-v3,10766647,Au(111)_ORR,*OO → *OOH → *OOH(OH) → *O → *OH → *H2O → *,False,3,*O,*OH,protonation,-1,-1.317,0.1416,-0.1514,-1.0241,-999.0,False,3
deepseek-v3,10766647,Au(111)_ORR,*OO → *OOH → *OOH(OH) → *O → *OH → *H2O → *,False,4,*OH,*H2O,protonation,-1,-1.3318,0.1309,-0.1181,-1.0828,-999.0,False,3
deepseek-v3,10766647,Au(111)_ORR,*OO → *OOH → *OOH(OH) → *O → *OH → *H2O → *,False,5,*H2O,*,desorption,0,0.2796,-0.0393,0.3992,-0.1589,-999.0,False,3
deepseek-v3,10766647,Au(111)_ORR,*OO → *O → *OOH → *O(OH2) → *OH → *H2O → *,False,0,*OO,*O,bond_dissociation,0,-2.8488,0.2384,0.026,-2.6364,-999.0,False,4
deepseek-v3,10766647,Au(111)_ORR,*OO → *O → *OOH → *O(OH2) → *OH → *H2O → *,False,1,*O,*OOH,hydroxylation,1,1.923,-0.0923,-0.2353,2.066,-999.0,False,4
deepseek-v3,10766647,Au(111)_ORR,*OO → *O → *OOH → *O(OH2) → *OH → *H2O → *,False,2,*OOH,*O(OH2),protonation,-1,-1.2179,0.1758,-0.1461,-0.896,-999.0,False,4
deepseek-v3,10766647,Au(111)_ORR,*OO → *O → *OOH → *O(OH2) → *OH → *H2O → *,False,3,*O(OH2),*OH,reductive_dehydration,-1,-2.0222,0.0582,0.23,-2.1941,-999.0,False,4
deepseek-v3,10766647,Au(111)_ORR,*OO → *O → *OOH → *O(OH2) → *OH → *H2O → *,False,4,*OH,*H2O,protonation,-1,-1.3318,0.1309,-0.1181,-1.0828,-999.0,False,4
deepseek-v3,10766647,Au(111)_ORR,*OO → *O → *OOH → *O(OH2) → *OH → *H2O → *,False,5,*H2O,*,desorption,0,0.2796,-0.0393,0.3992,-0.1589,-999.0,False,4
deepseek-v3,10766647,Pt(111)_ORR,*OO → *OOH → *O → *OH → *H2O → *,True,0,*OO,*OOH,protonation,-1,-0.5926,0.1537,-0.1194,-0.3195,0.2654,True,0
deepseek-v3,10766647,Pt(111)_ORR,*OO → *OOH → *O → *OH → *H2O → *,True,1,*OOH,*O,reductive_dehydration,-1,-2.3251,0.0729,0.2056,-2.4577,0.2654,True,0
deepseek-v3,10766647,Pt(111)_ORR,*OO → *OOH → *O → *OH → *H2O → *,True,2,*O,*OH,protonation,-1,-0.5752,0.1477,-0.1621,-0.2654,0.2654,True,0
deepseek-v3,10766647,Pt(111)_ORR,*OO → *OOH → *O → *OH → *H2O → *,True,3,*OH,*H2O,protonation,-1,-1.1365,0.1377,-0.0574,-0.9414,0.2654,True,0
deepseek-v3,10766647,Pt(111)_ORR,*OO → *OOH → *O → *OH → *H2O → *,True,4,*H2O,*,product_desorption,0,0.4118,-0.0623,0.3589,-0.0094,0.2654,True,0
deepseek-v3,10766647,Pt(111)_ORR,*OO → *OOH → *OOHOH → *O → *OH → *H2O → *,False,0,*OO,*OOH,protonation,-1,-0.5926,0.1537,-0.1194,-0.3195,-999.0,False,1
deepseek-v3,10766647,Pt(111)_ORR,*OO → *OOH → *OOHOH → *O → *OH → *H2O → *,False,1,*OOH,*OOHOH,hydroxylation,1,2.1358,-0.0815,-0.3361,2.3904,-999.0,False,1
deepseek-v3,10766647,Pt(111)_ORR,*OO → *OOH → *OOHOH → *O → *OH → *H2O → *,False,2,*OOHOH,*O,bond_dissociation,0,-4.4608,0.1544,0.5416,-4.8481,-999.0,False,1
deepseek-v3,10766647,Pt(111)_ORR,*OO → *OOH → *OOHOH → *O → *OH → *H2O → *,False,3,*O,*OH,protonation,-1,-0.5752,0.1477,-0.1621,-0.2654,-999.0,False,1
deepseek-v3,10766647,Pt(111)_ORR,*OO → *OOH → *OOHOH → *O → *OH → *H2O → *,False,4,*OH,*H2O,protonation,-1,-1.1365,0.1377,-0.0574,-0.9414,-999.0,False,1
deepseek-v3,10766647,Pt(111)_ORR,*OO → *OOH → *OOHOH → *O → *OH → *H2O → *,False,5,*H2O,*,product_desorption,0,0.4118,-0.0623,0.3589,-0.0094,-999.0,False,1
deepseek-v3,10766647,Pt(111)_ORR,*OO → *OOOH → *OOHOH → *O → *OH → *H2O → *,False,0,*OO,*OOOH,hydroxylation,1,1.9954,-0.0991,-0.2725,2.1688,-999.0,False,2
deepseek-v3,10766647,Pt(111)_ORR,*OO → *OOOH → *OOHOH → *O → *OH → *H2O → *,False,1,*OOOH,*OOHOH,protonation,-1,-0.4522,0.1713,-0.183,-0.0979,-999.0,False,2
deepseek-v3,10766647,Pt(111)_ORR,*OO → *OOOH → *OOHOH → *O → *OH → *H2O → *,False,2,*OOHOH,*O,bond_dissociation,0,-4.4608,0.1544,0.5416,-4.8481,-999.0,False,2
deepseek-v3,10766647,Pt(111)_ORR,*OO → *OOOH → *OOHOH → *O → *OH → *H2O → *,False,3,*O,*OH,protonation,-1,-0.5752,0.1477,-0.1621,-0.2654,-999.0,False,2
deepseek-v3,10766647,Pt(111)_ORR,*OO → *OOOH → *OOHOH → *O → *OH → *H2O → *,False,4,*OH,*H2O,protonation,-1,-1.1365,0.1377,-0.0574,-0.9414,-999.0,False,2
deepseek-v3,10766647,Pt(111)_ORR,*OO → *OOOH → *OOHOH → *O → *OH → *H2O → *,False,5,*H2O,*,product_desorption,0,0.4118,-0.0623,0.3589,-0.0094,-999.0,False,2
deepseek-v3,10766647,Pt(111)_ORR,*OO → *OOOH → *OOHOH → *OOH → *O → *OH → *H2O → *,False,0,*OO,*OOOH,hydroxylation,1,1.9954,-0.0991,-0.2725,2.1688,-999.0,False,3
deepseek-v3,10766647,Pt(111)_ORR,*OO → *OOOH → *OOHOH → *OOH → *O → *OH → *H2O → *,False,1,*OOOH,*OOHOH,protonation,-1,-0.4522,0.1713,-0.183,-0.0979,-999.0,False,3
deepseek-v3,10766647,Pt(111)_ORR,*OO → *OOOH → *OOHOH → *OOH → *O → *OH → *H2O → *,False,2,*OOHOH,*OOH,dehydroxylation,0,-2.1358,0.0815,0.3361,-2.3904,-999.0,False,3
deepseek-v3,10766647,Pt(111)_ORR,*OO → *OOOH → *OOHOH → *OOH → *O → *OH → *H2O → *,False,3,*OOH,*O,dehydroxylation,0,-2.3251,0.0729,0.2056,-2.4577,-999.0,False,3
deepseek-v3,10766647,Pt(111)_ORR,*OO → *OOOH → *OOHOH → *OOH → *O → *OH → *H2O → *,False,4,*O,*OH,protonation,-1,-0.5752,0.1477,-0.1621,-0.2654,-999.0,False,3
deepseek-v3,10766647,Pt(111)_ORR,*OO → *OOOH → *OOHOH → *OOH → *O → *OH → *H2O → *,False,5,*OH,*H2O,protonation,-1,-1.1365,0.1377,-0.0574,-0.9414,-999.0,False,3
deepseek-v3,10766647,Pt(111)_ORR,*OO → *OOOH → *OOHOH → *OOH → *O → *OH → *H2O → *,False,6,*H2O,*,product_desorption,0,0.4118,-0.0623,0.3589,-0.0094,-999.0,False,3
deepseek-v3,10766647,Pt(111)_ORR,*OO → *OOOH → *OOHOH → *OOH → *O → *OH → *H2O → *,False,0,*OO,*OOOH,hydroxylation,1,1.9954,-0.0991,-0.2725,2.1688,-999.0,False,4
deepseek-v3,10766647,Pt(111)_ORR,*OO → *OOOH → *OOHOH → *OOH → *O → *OH → *H2O → *,False,1,*OOOH,*OOHOH,protonation,-1,-0.4522,0.1713,-0.183,-0.0979,-999.0,False,4
deepseek-v3,10766647,Pt(111)_ORR,*OO → *OOOH → *OOHOH → *OOH → *O → *OH → *H2O → *,False,2,*OOHOH,*OOH,dehydroxylation,0,-2.1358,0.0815,0.3361,-2.3904,-999.0,False,4
deepseek-v3,10766647,Pt(111)_ORR,*OO → *OOOH → *OOHOH → *OOH → *O → *OH → *H2O → *,False,3,*OOH,*O,bond_dissociation,0,-2.3251,0.0729,0.2056,-2.4577,-999.0,False,4
deepseek-v3,10766647,Pt(111)_ORR,*OO → *OOOH → *OOHOH → *OOH → *O → *OH → *H2O → *,False,4,*O,*OH,protonation,-1,-0.5752,0.1477,-0.1621,-0.2654,-999.0,False,4
deepseek-v3,10766647,Pt(111)_ORR,*OO → *OOOH → *OOHOH → *OOH → *O → *OH → *H2O → *,False,5,*OH,*H2O,protonation,-1,-1.1365,0.1377,-0.0574,-0.9414,-999.0,False,4
deepseek-v3,10766647,Pt(111)_ORR,*OO → *OOOH → *OOHOH → *OOH → *O → *OH → *H2O → *,False,6,*H2O,*,product_desorption,0,0.4118,-0.0623,0.3589,-0.0094,-999.0,False,4
deepseek-v3,10766647,Pt(111)_ORR,*OO → *OOOH → *OOHOH → *OOH → *O → *OH → *H2O → *,False,0,*OO,*OOOH,hydroxylation,1,1.9954,-0.0991,-0.2725,2.1688,-999.0,False,5
deepseek-v3,10766647,Pt(111)_ORR,*OO → *OOOH → *OOHOH → *OOH → *O → *OH → *H2O → *,False,1,*OOOH,*OOHOH,protonation,-1,-0.4522,0.1713,-0.183,-0.0979,-999.0,False,5
deepseek-v3,10766647,Pt(111)_ORR,*OO → *OOOH → *OOHOH → *OOH → *O → *OH → *H2O → *,False,2,*OOHOH,*OOH,bond_dissociation,0,-2.1358,0.0815,0.3361,-2.3904,-999.0,False,5
deepseek-v3,10766647,Pt(111)_ORR,*OO → *OOOH → *OOHOH → *OOH → *O → *OH → *H2O → *,False,3,*OOH,*O,dehydroxylation,0,-2.3251,0.0729,0.2056,-2.4577,-999.0,False,5
deepseek-v3,10766647,Pt(111)_ORR,*OO → *OOOH → *OOHOH → *OOH → *O → *OH → *H2O → *,False,4,*O,*OH,protonation,-1,-0.5752,0.1477,-0.1621,-0.2654,-999.0,False,5
deepseek-v3,10766647,Pt(111)_ORR,*OO → *OOOH → *OOHOH → *OOH → *O → *OH → *H2O → *,False,5,*OH,*H2O,protonation,-1,-1.1365,0.1377,-0.0574,-0.9414,-999.0,False,5
deepseek-v3,10766647,Pt(111)_ORR,*OO → *OOOH → *OOHOH → *OOH → *O → *OH → *H2O → *,False,6,*H2O,*,product_desorption,0,0.4118,-0.0623,0.3589,-0.0094,-999.0,False,5
deepseek-v3,10766647,Pt(111)_ORR,*OO → *OOOH → *OOHOH → *OOH → *O → *OH → *H2O → *,False,0,*OO,*OOOH,hydroxylation,1,1.9954,-0.0991,-0.2725,2.1688,-999.0,False,6
deepseek-v3,10766647,Pt(111)_ORR,*OO → *OOOH → *OOHOH → *OOH → *O → *OH → *H2O → *,False,1,*OOOH,*OOHOH,protonation,-1,-0.4522,0.1713,-0.183,-0.0979,-999.0,False,6
deepseek-v3,10766647,Pt(111)_ORR,*OO → *OOOH → *OOHOH → *OOH → *O → *OH → *H2O → *,False,2,*OOHOH,*OOH,bond_dissociation,0,-2.1358,0.0815,0.3361,-2.3904,-999.0,False,6
deepseek-v3,10766647,Pt(111)_ORR,*OO → *OOOH → *OOHOH → *OOH → *O → *OH → *H2O → *,False,3,*OOH,*O,bond_dissociation,0,-2.3251,0.0729,0.2056,-2.4577,-999.0,False,6
deepseek-v3,10766647,Pt(111)_ORR,*OO → *OOOH → *OOHOH → *OOH → *O → *OH → *H2O → *,False,4,*O,*OH,protonation,-1,-0.5752,0.1477,-0.1621,-0.2654,-999.0,False,6
deepseek-v3,10766647,Pt(111)_ORR,*OO → *OOOH → *OOHOH → *OOH → *O → *OH → *H2O → *,False,5,*OH,*H2O,protonation,-1,-1.1365,0.1377,-0.0574,-0.9414,-999.0,False,6
deepseek-v3,10766647,Pt(111)_ORR,*OO → *OOOH → *OOHOH → *OOH → *O → *OH → *H2O → *,False,6,*H2O,*,product_desorption,0,0.4118,-0.0623,0.3589,-0.0094,-999.0,False,6
deepseek-v3,10766647,Pt(111)_ORR,*OO → *OOOH → *OOHOH → *OOH → *O → *OH → *H2O → *,False,0,*OO,*OOOH,hydroxylation,1,1.9954,-0.0991,-0.2725,2.1688,-999.0,False,7
deepseek-v3,10766647,Pt(111)_ORR,*OO → *OOOH → *OOHOH → *OOH → *O → *OH → *H2O → *,False,1,*OOOH,*OOHOH,protonation,-1,-0.4522,0.1713,-0.183,-0.0979,-999.0,False,7
deepseek-v3,10766647,Pt(111)_ORR,*OO → *OOOH → *OOHOH → *OOH → *O → *OH → *H2O → *,False,2,*OOHOH,*OOH,desorption,0,-2.1358,0.0815,0.3361,-2.3904,-999.0,False,7
deepseek-v3,10766647,Pt(111)_ORR,*OO → *OOOH → *OOHOH → *OOH → *O → *OH → *H2O → *,False,3,*OOH,*O,dehydroxylation,0,-2.3251,0.0729,0.2056,-2.4577,-999.0,False,7
deepseek-v3,10766647,Pt(111)_ORR,*OO → *OOOH → *OOHOH → *OOH → *O → *OH → *H2O → *,False,4,*O,*OH,protonation,-1,-0.5752,0.1477,-0.1621,-0.2654,-999.0,False,7
deepseek-v3,10766647,Pt(111)_ORR,*OO → *OOOH → *OOHOH → *OOH → *O → *OH → *H2O → *,False,5,*OH,*H2O,protonation,-1,-1.1365,0.1377,-0.0574,-0.9414,-999.0,False,7
deepseek-v3,10766647,Pt(111)_ORR,*OO → *OOOH → *OOHOH → *OOH → *O → *OH → *H2O → *,False,6,*H2O,*,product_desorption,0,0.4118,-0.0623,0.3589,-0.0094,-999.0,False,7
deepseek-v3,10766647,Pt(111)_ORR,*OO → *OOOH → *OOHOH → *OOH → *O → *OH → *H2O → *,False,0,*OO,*OOOH,hydroxylation,1,1.9954,-0.0991,-0.2725,2.1688,-999.0,False,8
deepseek-v3,10766647,Pt(111)_ORR,*OO → *OOOH → *OOHOH → *OOH → *O → *OH → *H2O → *,False,1,*OOOH,*OOHOH,protonation,-1,-0.4522,0.1713,-0.183,-0.0979,-999.0,False,8
deepseek-v3,10766647,Pt(111)_ORR,*OO → *OOOH → *OOHOH → *OOH → *O → *OH → *H2O → *,False,2,*OOHOH,*OOH,desorption,0,-2.1358,0.0815,0.3361,-2.3904,-999.0,False,8
deepseek-v3,10766647,Pt(111)_ORR,*OO → *OOOH → *OOHOH → *OOH → *O → *OH → *H2O → *,False,3,*OOH,*O,bond_dissociation,0,-2.3251,0.0729,0.2056,-2.4577,-999.0,False,8
deepseek-v3,10766647,Pt(111)_ORR,*OO → *OOOH → *OOHOH → *OOH → *O → *OH → *H2O → *,False,4,*O,*OH,protonation,-1,-0.5752,0.1477,-0.1621,-0.2654,-999.0,False,8
deepseek-v3,10766647,Pt(111)_ORR,*OO → *OOOH → *OOHOH → *OOH → *O → *OH → *H2O → *,False,5,*OH,*H2O,protonation,-1,-1.1365,0.1377,-0.0574,-0.9414,-999.0,False,8
deepseek-v3,10766647,Pt(111)_ORR,*OO → *OOOH → *OOHOH → *OOH → *O → *OH → *H2O → *,False,6,*H2O,*,product_desorption,0,0.4118,-0.0623,0.3589,-0.0094,-999.0,False,8
deepseek-v3,10766647,Pt(111)_ORR,*OO → *OOOH → *O → *OOH → *OOHOH → *OH → *H2O → *,False,0,*OO,*OOOH,hydroxylation,1,1.9954,-0.0991,-0.2725,2.1688,-999.0,False,9
deepseek-v3,10766647,Pt(111)_ORR,*OO → *OOOH → *O → *OOH → *OOHOH → *OH → *H2O → *,False,1,*OOOH,*O,bond_dissociation,0,-4.9131,0.3257,0.3586,-4.946,-999.0,False,9
deepseek-v3,10766647,Pt(111)_ORR,*OO → *OOOH → *O → *OOH → *OOHOH → *OH → *H2O → *,False,2,*O,*OOH,hydroxylation,1,2.3251,-0.0729,-0.2056,2.4577,-999.0,False,9
deepseek-v3,10766647,Pt(111)_ORR,*OO → *OOOH → *O → *OOH → *OOHOH → *OH → *H2O → *,False,3,*OOH,*OOHOH,hydroxylation,1,2.1358,-0.0815,-0.3361,2.3904,-999.0,False,9
deepseek-v3,10766647,Pt(111)_ORR,*OO → *OOOH → *O → *OOH → *OOHOH → *OH → *H2O → *,False,4,*OOHOH,*OH,desorption,0,-5.0361,0.3021,0.3795,-5.1135,-999.0,False,9
deepseek-v3,10766647,Pt(111)_ORR,*OO → *OOOH → *O → *OOH → *OOHOH → *OH → *H2O → *,False,5,*OH,*H2O,protonation,-1,-1.1365,0.1377,-0.0574,-0.9414,-999.0,False,9
deepseek-v3,10766647,Pt(111)_ORR,*OO → *OOOH → *O → *OOH → *OOHOH → *OH → *H2O → *,False,6,*H2O,*,product_desorption,0,0.4118,-0.0623,0.3589,-0.0094,-999.0,False,9
deepseek-v3,10766648,Pt(111)_HER,* → *H → *,False,0,*,*H,protonation,-1,-0.4332,0.047,-0.1726,-0.2137,-999.0,False,0
deepseek-v3,10766648,Pt(111)_HER,* → *H → *,False,1,*H,*,deprotonation,1,0.4332,-0.047,0.1726,0.2137,-999.0,False,0
deepseek-v3,10766648,Pt(111)_HER,* → *H → *H2 → *,True,0,*,*H,protonation,-1,-0.4332,0.047,-0.1726,-0.2137,0.1458,True,1
deepseek-v3,10766648,Pt(111)_HER,* → *H → *H2 → *,True,1,*H,*H2,protonation,-1,-0.3271,-0.01,-0.1913,-0.1458,0.1458,True,1
deepseek-v3,10766648,Pt(111)_HER,* → *H → *H2 → *,True,2,*H2,*,product_desorption,0,0.7603,-0.037,0.3638,0.3594,0.1458,True,1
deepseek-v3,10766648,Au(110)_CO2RR,*CO2 → *COOH → *CO → *,True,0,*CO2,*COOH,protonation,-1,0.3066,0.15,-0.2927,0.7493,-0.7493,True,0
deepseek-v3,10766648,Au(110)_CO2RR,*CO2 → *COOH → *CO → *,True,1,*COOH,*CO,reductive_dehydration,-1,-0.1412,0.0149,0.3499,-0.4762,-0.7493,True,0
deepseek-v3,10766648,Au(110)_CO2RR,*CO2 → *COOH → *CO → *,True,2,*CO,*,desorption,0,0.7533,-0.0552,0.438,0.2601,-0.7493,True,0
deepseek-v3,10766648,Au(111)_ORR,*OO → *OOH → *OOH2 → *OH → *H2O → *,True,0,*OO,*OOH,protonation,-1,-0.9266,0.1465,-0.2115,-0.5687,0.5687,True,0
deepseek-v3,10766648,Au(111)_ORR,*OO → *OOH → *OOH2 → *OH → *H2O → *,True,1,*OOH,*OOH2,protonation,-1,-1.2178,0.1755,-0.1445,-0.8979,0.5687,True,0
deepseek-v3,10766648,Au(111)_ORR,*OO → *OOH → *OOH2 → *OH → *H2O → *,True,2,*OOH2,*OH,reductive_dehydration,-1,-2.0222,0.0582,0.2301,-2.1941,0.5687,True,0
deepseek-v3,10766648,Au(111)_ORR,*OO → *OOH → *OOH2 → *OH → *H2O → *,True,3,*OH,*H2O,protonation,-1,-1.3318,0.1311,-0.1192,-1.0815,0.5687,True,0
deepseek-v3,10766648,Au(111)_ORR,*OO → *OOH → *OOH2 → *OH → *H2O → *,True,4,*H2O,*,desorption,0,0.2796,-0.0395,0.4003,-0.1602,0.5687,True,0
deepseek-v3,10766648,Au(111)_ORR,*OO → *OOH → *O → *OH → *H2O → *,False,0,*OO,*OOH,protonation,-1,-0.9266,0.1465,-0.2115,-0.5687,0.5687,True,1
deepseek-v3,10766648,Au(111)_ORR,*OO → *OOH → *O → *OH → *H2O → *,False,1,*OOH,*O,reductive_dehydration,-1,-1.923,0.0921,0.237,-2.0679,0.5687,True,1
deepseek-v3,10766648,Au(111)_ORR,*OO → *OOH → *O → *OH → *H2O → *,False,2,*O,*OH,protonation,-1,-1.317,0.1416,-0.1514,-1.0241,0.5687,True,1
deepseek-v3,10766648,Au(111)_ORR,*OO → *OOH → *O → *OH → *H2O → *,False,3,*OH,*H2O,protonation,-1,-1.3318,0.1311,-0.1192,-1.0815,0.5687,True,1
deepseek-v3,10766648,Au(111)_ORR,*OO → *OOH → *O → *OH → *H2O → *,False,4,*H2O,*,desorption,0,0.2796,-0.0395,0.4003,-0.1602,0.5687,True,1
deepseek-v3,10766648,Au(111)_ORR,*OO → *OOH → *OOH2 → *O → *OH → *H2O → *,False,0,*OO,*OOH,protonation,-1,-0.9266,0.1465,-0.2115,-0.5687,0.5687,True,2
deepseek-v3,10766648,Au(111)_ORR,*OO → *OOH → *OOH2 → *O → *OH → *H2O → *,False,1,*OOH,*OOH2,protonation,-1,-1.2178,0.1755,-0.1445,-0.8979,0.5687,True,2
deepseek-v3,10766648,Au(111)_ORR,*OO → *OOH → *OOH2 → *O → *OH → *H2O → *,False,2,*OOH2,*O,bond_dissociation,0,-0.7052,-0.0835,0.3814,-1.1701,0.5687,True,2
deepseek-v3,10766648,Au(111)_ORR,*OO → *OOH → *OOH2 → *O → *OH → *H2O → *,False,3,*O,*OH,protonation,-1,-1.317,0.1416,-0.1514,-1.0241,0.5687,True,2
deepseek-v3,10766648,Au(111)_ORR,*OO → *OOH → *OOH2 → *O → *OH → *H2O → *,False,4,*OH,*H2O,protonation,-1,-1.3318,0.1311,-0.1192,-1.0815,0.5687,True,2
deepseek-v3,10766648,Au(111)_ORR,*OO → *OOH → *OOH2 → *O → *OH → *H2O → *,False,5,*H2O,*,desorption,0,0.2796,-0.0395,0.4003,-0.1602,0.5687,True,2
deepseek-v3,10766648,Pt(111)_ORR,*OO → *OOH → *OOH2 → *OH → *H2O → *,True,0,*OO,*OOH,protonation,-1,-0.6047,0.1559,-0.1338,-0.3151,0.3151,True,0
deepseek-v3,10766648,Pt(111)_ORR,*OO → *OOH → *OOH2 → *OH → *H2O → *,True,1,*OOH,*OOH2,protonation,-1,-0.7223,0.1475,-0.1267,-0.4481,0.3151,True,0
deepseek-v3,10766648,Pt(111)_ORR,*OO → *OOH → *OOH2 → *OH → *H2O → *,True,2,*OOH2,*OH,reductive_dehydration,-1,-2.166,0.071,0.1842,-2.2792,0.3151,True,0
deepseek-v3,10766648,Pt(111)_ORR,*OO → *OOH → *OOH2 → *OH → *H2O → *,True,3,*OH,*H2O,protonation,-1,-1.1369,0.1366,-0.1353,-0.8649,0.3151,True,0
deepseek-v3,10766648,Pt(111)_ORR,*OO → *OOH → *OOH2 → *OH → *H2O → *,True,4,*H2O,*,product_desorption,0,0.4122,-0.0613,0.437,-0.0862,0.3151,True,0
deepseek-v3,10766648,Pt(111)_ORR,*OO → *OOH → *O → *OH → *H2O → *,False,0,*OO,*OOH,protonation,-1,-0.6047,0.1559,-0.1338,-0.3151,0.2652,True,1
deepseek-v3,10766648,Pt(111)_ORR,*OO → *OOH → *O → *OH → *H2O → *,False,1,*OOH,*O,reductive_dehydration,-1,-2.313,0.0707,0.2199,-2.4621,0.2652,True,1
deepseek-v3,10766648,Pt(111)_ORR,*OO → *OOH → *O → *OH → *H2O → *,False,2,*O,*OH,protonation,-1,-0.5753,0.1478,-0.1623,-0.2652,0.2652,True,1
deepseek-v3,10766648,Pt(111)_ORR,*OO → *OOH → *O → *OH → *H2O → *,False,3,*OH,*H2O,protonation,-1,-1.1369,0.1366,-0.1353,-0.8649,0.2652,True,1
deepseek-v3,10766648,Pt(111)_ORR,*OO → *OOH → *O → *OH → *H2O → *,False,4,*H2O,*,product_desorption,0,0.4122,-0.0613,0.437,-0.0862,0.2652,True,1
deepseek-v3,10766648,Pt(111)_ORR,*OO → *OOH → *OOH2 → *O → *OH → *H2O → *,False,0,*OO,*OOH,protonation,-1,-0.6047,0.1559,-0.1338,-0.3151,0.2652,True,2
deepseek-v3,10766648,Pt(111)_ORR,*OO → *OOH → *OOH2 → *O → *OH → *H2O → *,False,1,*OOH,*OOH2,protonation,-1,-0.7223,0.1475,-0.1267,-0.4481,0.2652,True,2
deepseek-v3,10766648,Pt(111)_ORR,*OO → *OOH → *OOH2 → *O → *OH → *H2O → *,False,2,*OOH2,*O,bond_dissociation,0,-1.5907,-0.0768,0.3465,-2.014,0.2652,True,2
deepseek-v3,10766648,Pt(111)_ORR,*OO → *OOH → *OOH2 → *O → *OH → *H2O → *,False,3,*O,*OH,protonation,-1,-0.5753,0.1478,-0.1623,-0.2652,0.2652,True,2
deepseek-v3,10766648,Pt(111)_ORR,*OO → *OOH → *OOH2 → *O → *OH → *H2O → *,False,4,*OH,*H2O,protonation,-1,-1.1369,0.1366,-0.1353,-0.8649,0.2652,True,2
deepseek-v3,10766648,Pt(111)_ORR,*OO → *OOH → *OOH2 → *O → *OH → *H2O → *,False,5,*H2O,*,product_desorption,0,0.4122,-0.0613,0.437,-0.0862,0.2652,True,2
deepseek-v3,10766648,Pt(111)_ORR,*OO → *OOH → *OOH2 → *O → *OH → *H2O → *,False,0,*OO,*OOH,protonation,-1,-0.6047,0.1559,-0.1338,-0.3151,0.2652,True,3
deepseek-v3,10766648,Pt(111)_ORR,*OO → *OOH → *OOH2 → *O → *OH → *H2O → *,False,1,*OOH,*OOH2,protonation,-1,-0.7223,0.1475,-0.1267,-0.4481,0.2652,True,3
deepseek-v3,10766648,Pt(111)_ORR,*OO → *OOH → *OOH2 → *O → *OH → *H2O → *,False,2,*OOH2,*O,desorption,0,-1.5907,-0.0768,0.3465,-2.014,0.2652,True,3
deepseek-v3,10766648,Pt(111)_ORR,*OO → *OOH → *OOH2 → *O → *OH → *H2O → *,False,3,*O,*OH,protonation,-1,-0.5753,0.1478,-0.1623,-0.2652,0.2652,True,3
deepseek-v3,10766648,Pt(111)_ORR,*OO → *OOH → *OOH2 → *O → *OH → *H2O → *,False,4,*OH,*H2O,protonation,-1,-1.1369,0.1366,-0.1353,-0.8649,0.2652,True,3
deepseek-v3,10766648,Pt(111)_ORR,*OO → *OOH → *OOH2 → *O → *OH → *H2O → *,False,5,*H2O,*,product_desorption,0,0.4122,-0.0613,0.437,-0.0862,0.2652,True,3
deepseek-v3,10766648,Pt(111)_ORR,*OO → *OOH → *OOHOH → *O → *OH → *H2O → *,False,0,*OO,*OOH,protonation,-1,-0.6047,0.1559,-0.1338,-0.3151,-999.0,False,4
deepseek-v3,10766648,Pt(111)_ORR,*OO → *OOH → *OOHOH → *O → *OH → *H2O → *,False,1,*OOH,*OOHOH,hydroxylation,1,2.1479,-0.0837,-0.3217,2.3859,-999.0,False,4
deepseek-v3,10766648,Pt(111)_ORR,*OO → *OOH → *OOHOH → *O → *OH → *H2O → *,False,2,*OOHOH,*O,desorption,0,-4.4608,0.1544,0.5415,-4.848,-999.0,False,4
deepseek-v3,10766648,Pt(111)_ORR,*OO → *OOH → *OOHOH → *O → *OH → *H2O → *,False,3,*O,*OH,protonation,-1,-0.5753,0.1478,-0.1623,-0.2652,-999.0,False,4
deepseek-v3,10766648,Pt(111)_ORR,*OO → *OOH → *OOHOH → *O → *OH → *H2O → *,False,4,*OH,*H2O,protonation,-1,-1.1369,0.1366,-0.1353,-0.8649,-999.0,False,4
deepseek-v3,10766648,Pt(111)_ORR,*OO → *OOH → *OOHOH → *O → *OH → *H2O → *,False,5,*H2O,*,product_desorption,0,0.4122,-0.0613,0.437,-0.0862,-999.0,False,4
deepseek-v3,10766648,Pt(111)_ORR,*OO → *OOH → *OOHOH → *O → *OH → *H2O → *,False,0,*OO,*OOH,protonation,-1,-0.6047,0.1559,-0.1338,-0.3151,-999.0,False,5
deepseek-v3,10766648,Pt(111)_ORR,*OO → *OOH → *OOHOH → *O → *OH → *H2O → *,False,1,*OOH,*OOHOH,hydroxylation,1,2.1479,-0.0837,-0.3217,2.3859,-999.0,False,5
deepseek-v3,10766648,Pt(111)_ORR,*OO → *OOH → *OOHOH → *O → *OH → *H2O → *,False,2,*OOHOH,*O,bond_dissociation,0,-4.4608,0.1544,0.5415,-4.848,-999.0,False,5
deepseek-v3,10766648,Pt(111)_ORR,*OO → *OOH → *OOHOH → *O → *OH → *H2O → *,False,3,*O,*OH,protonation,-1,-0.5753,0.1478,-0.1623,-0.2652,-999.0,False,5
deepseek-v3,10766648,Pt(111)_ORR,*OO → *OOH → *OOHOH → *O → *OH → *H2O → *,False,4,*OH,*H2O,protonation,-1,-1.1369,0.1366,-0.1353,-0.8649,-999.0,False,5
deepseek-v3,10766648,Pt(111)_ORR,*OO → *OOH → *OOHOH → *O → *OH → *H2O → *,False,5,*H2O,*,product_desorption,0,0.4122,-0.0613,0.437,-0.0862,-999.0,False,5
deepseek-v3,10766648,Pt(111)_ORR,*OO → *O → *OOH → *OOH2 → *OH → *H2O → *,False,0,*OO,*O,bond_dissociation,0,-2.9177,0.2266,0.0861,-2.7772,-999.0,False,6
deepseek-v3,10766648,Pt(111)_ORR,*OO → *O → *OOH → *OOH2 → *OH → *H2O → *,False,1,*O,*OOH,hydroxylation,1,2.313,-0.0707,-0.2199,2.4621,-999.0,False,6
deepseek-v3,10766648,Pt(111)_ORR,*OO → *O → *OOH → *OOH2 → *OH → *H2O → *,False,2,*OOH,*OOH2,protonation,-1,-0.7223,0.1475,-0.1267,-0.4481,-999.0,False,6
deepseek-v3,10766648,Pt(111)_ORR,*OO → *O → *OOH → *OOH2 → *OH → *H2O → *,False,3,*OOH2,*OH,reductive_dehydration,-1,-2.166,0.071,0.1842,-2.2792,-999.0,False,6
deepseek-v3,10766648,Pt(111)_ORR,*OO → *O → *OOH → *OOH2 → *OH → *H2O → *,False,4,*OH,*H2O,protonation,-1,-1.1369,0.1366,-0.1353,-0.8649,-999.0,False,6
deepseek-v3,10766648,Pt(111)_ORR,*OO → *O → *OOH → *OOH2 → *OH → *H2O → *,False,5,*H2O,*,product_desorption,0,0.4122,-0.0613,0.437,-0.0862,-999.0,False,6
deepseek-v3,10766648,Pt(111)_ORR,*OO → *OOOH → *OOHOH → *O → *OH → *H2O → *,False,0,*OO,*OOOH,hydroxylation,1,1.9943,-0.098,-0.2716,2.1679,-999.0,False,7
deepseek-v3,10766648,Pt(111)_ORR,*OO → *OOOH → *OOHOH → *O → *OH → *H2O → *,False,1,*OOOH,*OOHOH,protonation,-1,-0.4511,0.1702,-0.1838,-0.0971,-999.0,False,7
deepseek-v3,10766648,Pt(111)_ORR,*OO → *OOOH → *OOHOH → *O → *OH → *H2O → *,False,2,*OOHOH,*O,desorption,0,-4.4608,0.1544,0.5415,-4.848,-999.0,False,7
deepseek-v3,10766648,Pt(111)_ORR,*OO → *OOOH → *OOHOH → *O → *OH → *H2O → *,False,3,*O,*OH,protonation,-1,-0.5753,0.1478,-0.1623,-0.2652,-999.0,False,7
deepseek-v3,10766648,Pt(111)_ORR,*OO → *OOOH → *OOHOH → *O → *OH → *H2O → *,False,4,*OH,*H2O,protonation,-1,-1.1369,0.1366,-0.1353,-0.8649,-999.0,False,7
deepseek-v3,10766648,Pt(111)_ORR,*OO → *OOOH → *OOHOH → *O → *OH → *H2O → *,False,5,*H2O,*,product_desorption,0,0.4122,-0.0613,0.437,-0.0862,-999.0,False,7
deepseek-v3,10766648,Pt(111)_ORR,*OO → *OOOH → *OOHOH → *O → *OH → *H2O → *,False,0,*OO,*OOOH,hydroxylation,1,1.9943,-0.098,-0.2716,2.1679,-999.0,False,8
deepseek-v3,10766648,Pt(111)_ORR,*OO → *OOOH → *OOHOH → *O → *OH → *H2O → *,False,1,*OOOH,*OOHOH,protonation,-1,-0.4511,0.1702,-0.1838,-0.0971,-999.0,False,8
deepseek-v3,10766648,Pt(111)_ORR,*OO → *OOOH → *OOHOH → *O → *OH → *H2O → *,False,2,*OOHOH,*O,bond_dissociation,0,-4.4608,0.1544,0.5415,-4.848,-999.0,False,8
deepseek-v3,10766648,Pt(111)_ORR,*OO → *OOOH → *OOHOH → *O → *OH → *H2O → *,False,3,*O,*OH,protonation,-1,-0.5753,0.1478,-0.1623,-0.2652,-999.0,False,8
deepseek-v3,10766648,Pt(111)_ORR,*OO → *OOOH → *OOHOH → *O → *OH → *H2O → *,False,4,*OH,*H2O,protonation,-1,-1.1369,0.1366,-0.1353,-0.8649,-999.0,False,8
deepseek-v3,10766648,Pt(111)_ORR,*OO → *OOOH → *OOHOH → *O → *OH → *H2O → *,False,5,*H2O,*,product_desorption,0,0.4122,-0.0613,0.437,-0.0862,-999.0,False,8
deepseek-v3,10766648,Pt(111)_ORR,*OO → *OOOH → *OOH → *OOH2 → *OH → *H2O → *,False,0,*OO,*OOOH,hydroxylation,1,1.9943,-0.098,-0.2716,2.1679,-999.0,False,9
deepseek-v3,10766648,Pt(111)_ORR,*OO → *OOOH → *OOH → *OOH2 → *OH → *H2O → *,False,1,*OOOH,*OOH,bond_dissociation,0,-2.599,0.2539,0.1379,-2.483,-999.0,False,9
deepseek-v3,10766648,Pt(111)_ORR,*OO → *OOOH → *OOH → *OOH2 → *OH → *H2O → *,False,2,*OOH,*OOH2,protonation,-1,-0.7223,0.1475,-0.1267,-0.4481,-999.0,False,9
deepseek-v3,10766648,Pt(111)_ORR,*OO → *OOOH → *OOH → *OOH2 → *OH → *H2O → *,False,3,*OOH2,*OH,reductive_dehydration,-1,-2.166,0.071,0.1842,-2.2792,-999.0,False,9
deepseek-v3,10766648,Pt(111)_ORR,*OO → *OOOH → *OOH → *OOH2 → *OH → *H2O → *,False,4,*OH,*H2O,protonation,-1,-1.1369,0.1366,-0.1353,-0.8649,-999.0,False,9
deepseek-v3,10766648,Pt(111)_ORR,*OO → *OOOH → *OOH → *OOH2 → *OH → *H2O → *,False,5,*H2O,*,product_desorption,0,0.4122,-0.0613,0.437,-0.0862,-999.0,False,9
deepseek-v3,10766648,Pt(111)_ORR,*OO → *OOOH → *OOH → *O → *OH → *H2O → *,False,0,*OO,*OOOH,hydroxylation,1,1.9943,-0.098,-0.2716,2.1679,-999.0,False,10
deepseek-v3,10766648,Pt(111)_ORR,*OO → *OOOH → *OOH → *O → *OH → *H2O → *,False,1,*OOOH,*OOH,bond_dissociation,0,-2.599,0.2539,0.1379,-2.483,-999.0,False,10
deepseek-v3,10766648,Pt(111)_ORR,*OO → *OOOH → *OOH → *O → *OH → *H2O → *,False,2,*OOH,*O,reductive_dehydration,-1,-2.313,0.0707,0.2199,-2.4621,-999.0,False,10
deepseek-v3,10766648,Pt(111)_ORR,*OO → *OOOH → *OOH → *O → *OH → *H2O → *,False,3,*O,*OH,protonation,-1,-0.5753,0.1478,-0.1623,-0.2652,-999.0,False,10
deepseek-v3,10766648,Pt(111)_ORR,*OO → *OOOH → *OOH → *O → *OH → *H2O → *,False,4,*OH,*H2O,protonation,-1,-1.1369,0.1366,-0.1353,-0.8649,-999.0,False,10
deepseek-v3,10766648,Pt(111)_ORR,*OO → *OOOH → *OOH → *O → *OH → *H2O → *,False,5,*H2O,*,product_desorption,0,0.4122,-0.0613,0.437,-0.0862,-999.0,False,10
deepseek-v3,10766648,Pt(111)_ORR,*OO → *OOOH → *OOHOH → *OOH → *OOH2 → *OH → *H2O → *,False,0,*OO,*OOOH,hydroxylation,1,1.9943,-0.098,-0.2716,2.1679,-999.0,False,11
deepseek-v3,10766648,Pt(111)_ORR,*OO → *OOOH → *OOHOH → *OOH → *OOH2 → *OH → *H2O → *,False,1,*OOOH,*OOHOH,protonation,-1,-0.4511,0.1702,-0.1838,-0.0971,-999.0,False,11
deepseek-v3,10766648,Pt(111)_ORR,*OO → *OOOH → *OOHOH → *OOH → *OOH2 → *OH → *H2O → *,False,2,*OOHOH,*OOH,dehydroxylation,0,-2.1479,0.0837,0.3217,-2.3859,-999.0,False,11
deepseek-v3,10766648,Pt(111)_ORR,*OO → *OOOH → *OOHOH → *OOH → *OOH2 → *OH → *H2O → *,False,3,*OOH,*OOH2,protonation,-1,-0.7223,0.1475,-0.1267,-0.4481,-999.0,False,11
deepseek-v3,10766648,Pt(111)_ORR,*OO → *OOOH → *OOHOH → *OOH → *OOH2 → *OH → *H2O → *,False,4,*OOH2,*OH,dehydroxylation,0,-2.166,0.071,0.1842,-2.2792,-999.0,False,11
deepseek-v3,10766648,Pt(111)_ORR,*OO → *OOOH → *OOHOH → *OOH → *OOH2 → *OH → *H2O → *,False,5,*OH,*H2O,protonation,-1,-1.1369,0.1366,-0.1353,-0.8649,-999.0,False,11
deepseek-v3,10766648,Pt(111)_ORR,*OO → *OOOH → *OOHOH → *OOH → *OOH2 → *OH → *H2O → *,False,6,*H2O,*,product_desorption,0,0.4122,-0.0613,0.437,-0.0862,-999.0,False,11
deepseek-v3,10766648,Pt(111)_ORR,*OO → *OOOH → *OOHOH → *OOH → *OOH2 → *OH → *H2O → *,False,0,*OO,*OOOH,hydroxylation,1,1.9943,-0.098,-0.2716,2.1679,-999.0,False,12
deepseek-v3,10766648,Pt(111)_ORR,*OO → *OOOH → *OOHOH → *OOH → *OOH2 → *OH → *H2O → *,False,1,*OOOH,*OOHOH,protonation,-1,-0.4511,0.1702,-0.1838,-0.0971,-999.0,False,12
deepseek-v3,10766648,Pt(111)_ORR,*OO → *OOOH → *OOHOH → *OOH → *OOH2 → *OH → *H2O → *,False,2,*OOHOH,*OOH,dehydroxylation,0,-2.1479,0.0837,0.3217,-2.3859,-999.0,False,12
deepseek-v3,10766648,Pt(111)_ORR,*OO → *OOOH → *OOHOH → *OOH → *OOH2 → *OH → *H2O → *,False,3,*OOH,*OOH2,protonation,-1,-0.7223,0.1475,-0.1267,-0.4481,-999.0,False,12
deepseek-v3,10766648,Pt(111)_ORR,*OO → *OOOH → *OOHOH → *OOH → *OOH2 → *OH → *H2O → *,False,4,*OOH2,*OH,bond_dissociation,0,-2.166,0.071,0.1842,-2.2792,-999.0,False,12
deepseek-v3,10766648,Pt(111)_ORR,*OO → *OOOH → *OOHOH → *OOH → *OOH2 → *OH → *H2O → *,False,5,*OH,*H2O,protonation,-1,-1.1369,0.1366,-0.1353,-0.8649,-999.0,False,12
deepseek-v3,10766648,Pt(111)_ORR,*OO → *OOOH → *OOHOH → *OOH → *OOH2 → *OH → *H2O → *,False,6,*H2O,*,product_desorption,0,0.4122,-0.0613,0.437,-0.0862,-999.0,False,12
deepseek-v3,10766648,Pt(111)_ORR,*OO → *OOOH → *OOHOH → *OOH → *OOH2 → *OH → *H2O → *,False,0,*OO,*OOOH,hydroxylation,1,1.9943,-0.098,-0.2716,2.1679,-999.0,False,13
deepseek-v3,10766648,Pt(111)_ORR,*OO → *OOOH → *OOHOH → *OOH → *OOH2 → *OH → *H2O → *,False,1,*OOOH,*OOHOH,protonation,-1,-0.4511,0.1702,-0.1838,-0.0971,-999.0,False,13
deepseek-v3,10766648,Pt(111)_ORR,*OO → *OOOH → *OOHOH → *OOH → *OOH2 → *OH → *H2O → *,False,2,*OOHOH,*OOH,dehydroxylation,0,-2.1479,0.0837,0.3217,-2.3859,-999.0,False,13
deepseek-v3,10766648,Pt(111)_ORR,*OO → *OOOH → *OOHOH → *OOH → *OOH2 → *OH → *H2O → *,False,3,*OOH,*OOH2,protonation,-1,-0.7223,0.1475,-0.1267,-0.4481,-999.0,False,13
deepseek-v3,10766648,Pt(111)_ORR,*OO → *OOOH → *OOHOH → *OOH → *OOH2 → *OH → *H2O → *,False,4,*OOH2,*OH,desorption,0,-2.166,0.071,0.1842,-2.2792,-999.0,False,13
deepseek-v3,10766648,Pt(111)_ORR,*OO → *OOOH → *OOHOH → *OOH → *OOH2 → *OH → *H2O → *,False,5,*OH,*H2O,protonation,-1,-1.1369,0.1366,-0.1353,-0.8649,-999.0,False,13
deepseek-v3,10766648,Pt(111)_ORR,*OO → *OOOH → *OOHOH → *OOH → *OOH2 → *OH → *H2O → *,False,6,*H2O,*,product_desorption,0,0.4122,-0.0613,0.437,-0.0862,-999.0,False,13
deepseek-v3,10766648,Pt(111)_ORR,*OO → *OOOH → *OOHOH → *OOH → *OOH2 → *OH → *H2O → *,False,0,*OO,*OOOH,hydroxylation,1,1.9943,-0.098,-0.2716,2.1679,-999.0,False,14
deepseek-v3,10766648,Pt(111)_ORR,*OO → *OOOH → *OOHOH → *OOH → *OOH2 → *OH → *H2O → *,False,1,*OOOH,*OOHOH,protonation,-1,-0.4511,0.1702,-0.1838,-0.0971,-999.0,False,14
deepseek-v3,10766648,Pt(111)_ORR,*OO → *OOOH → *OOHOH → *OOH → *OOH2 → *OH → *H2O → *,False,2,*OOHOH,*OOH,bond_dissociation,0,-2.1479,0.0837,0.3217,-2.3859,-999.0,False,14
deepseek-v3,10766648,Pt(111)_ORR,*OO → *OOOH → *OOHOH → *OOH → *OOH2 → *OH → *H2O → *,False,3,*OOH,*OOH2,protonation,-1,-0.7223,0.1475,-0.1267,-0.4481,-999.0,False,14
deepseek-v3,10766648,Pt(111)_ORR,*OO → *OOOH → *OOHOH → *OOH → *OOH2 → *OH → *H2O → *,False,4,*OOH2,*OH,dehydroxylation,0,-2.166,0.071,0.1842,-2.2792,-999.0,False,14
deepseek-v3,10766648,Pt(111)_ORR,*OO → *OOOH → *OOHOH → *OOH → *OOH2 → *OH → *H2O → *,False,5,*OH,*H2O,protonation,-1,-1.1369,0.1366,-0.1353,-0.8649,-999.0,False,14
deepseek-v3,10766648,Pt(111)_ORR,*OO → *OOOH → *OOHOH → *OOH → *OOH2 → *OH → *H2O → *,False,6,*H2O,*,product_desorption,0,0.4122,-0.0613,0.437,-0.0862,-999.0,False,14
deepseek-v3,10766648,Pt(111)_ORR,*OO → *OOOH → *OOHOH → *OOH → *OOH2 → *OH → *H2O → *,False,0,*OO,*OOOH,hydroxylation,1,1.9943,-0.098,-0.2716,2.1679,-999.0,False,15
deepseek-v3,10766648,Pt(111)_ORR,*OO → *OOOH → *OOHOH → *OOH → *OOH2 → *OH → *H2O → *,False,1,*OOOH,*OOHOH,protonation,-1,-0.4511,0.1702,-0.1838,-0.0971,-999.0,False,15
deepseek-v3,10766648,Pt(111)_ORR,*OO → *OOOH → *OOHOH → *OOH → *OOH2 → *OH → *H2O → *,False,2,*OOHOH,*OOH,bond_dissociation,0,-2.1479,0.0837,0.3217,-2.3859,-999.0,False,15
deepseek-v3,10766648,Pt(111)_ORR,*OO → *OOOH → *OOHOH → *OOH → *OOH2 → *OH → *H2O → *,False,3,*OOH,*OOH2,protonation,-1,-0.7223,0.1475,-0.1267,-0.4481,-999.0,False,15
deepseek-v3,10766648,Pt(111)_ORR,*OO → *OOOH → *OOHOH → *OOH → *OOH2 → *OH → *H2O → *,False,4,*OOH2,*OH,bond_dissociation,0,-2.166,0.071,0.1842,-2.2792,-999.0,False,15
deepseek-v3,10766648,Pt(111)_ORR,*OO → *OOOH → *OOHOH → *OOH → *OOH2 → *OH → *H2O → *,False,5,*OH,*H2O,protonation,-1,-1.1369,0.1366,-0.1353,-0.8649,-999.0,False,15
deepseek-v3,10766648,Pt(111)_ORR,*OO → *OOOH → *OOHOH → *OOH → *OOH2 → *OH → *H2O → *,False,6,*H2O,*,product_desorption,0,0.4122,-0.0613,0.437,-0.0862,-999.0,False,15
deepseek-v3,10766648,Pt(111)_ORR,*OO → *OOOH → *OOHOH → *OOH → *OOH2 → *OH → *H2O → *,False,0,*OO,*OOOH,hydroxylation,1,1.9943,-0.098,-0.2716,2.1679,-999.0,False,16
deepseek-v3,10766648,Pt(111)_ORR,*OO → *OOOH → *OOHOH → *OOH → *OOH2 → *OH → *H2O → *,False,1,*OOOH,*OOHOH,protonation,-1,-0.4511,0.1702,-0.1838,-0.0971,-999.0,False,16
deepseek-v3,10766648,Pt(111)_ORR,*OO → *OOOH → *OOHOH → *OOH → *OOH2 → *OH → *H2O → *,False,2,*OOHOH,*OOH,bond_dissociation,0,-2.1479,0.0837,0.3217,-2.3859,-999.0,False,16
deepseek-v3,10766648,Pt(111)_ORR,*OO → *OOOH → *OOHOH → *OOH → *OOH2 → *OH → *H2O → *,False,3,*OOH,*OOH2,protonation,-1,-0.7223,0.1475,-0.1267,-0.4481,-999.0,False,16
deepseek-v3,10766648,Pt(111)_ORR,*OO → *OOOH → *OOHOH → *OOH → *OOH2 → *OH → *H2O → *,False,4,*OOH2,*OH,desorption,0,-2.166,0.071,0.1842,-2.2792,-999.0,False,16
deepseek-v3,10766648,Pt(111)_ORR,*OO → *OOOH → *OOHOH → *OOH → *OOH2 → *OH → *H2O → *,False,5,*OH,*H2O,protonation,-1,-1.1369,0.1366,-0.1353,-0.8649,-999.0,False,16
deepseek-v3,10766648,Pt(111)_ORR,*OO → *OOOH → *OOHOH → *OOH → *OOH2 → *OH → *H2O → *,False,6,*H2O,*,product_desorption,0,0.4122,-0.0613,0.437,-0.0862,-999.0,False,16
deepseek-v3,10766648,Pt(111)_ORR,*OO → *OOOH → *OOHOH → *OOH → *OOH2 → *OH → *H2O → *,False,0,*OO,*OOOH,hydroxylation,1,1.9943,-0.098,-0.2716,2.1679,-999.0,False,17
deepseek-v3,10766648,Pt(111)_ORR,*OO → *OOOH → *OOHOH → *OOH → *OOH2 → *OH → *H2O → *,False,1,*OOOH,*OOHOH,protonation,-1,-0.4511,0.1702,-0.1838,-0.0971,-999.0,False,17
deepseek-v3,10766648,Pt(111)_ORR,*OO → *OOOH → *OOHOH → *OOH → *OOH2 → *OH → *H2O → *,False,2,*OOHOH,*OOH,desorption,0,-2.1479,0.0837,0.3217,-2.3859,-999.0,False,17
deepseek-v3,10766648,Pt(111)_ORR,*OO → *OOOH → *OOHOH → *OOH → *OOH2 → *OH → *H2O → *,False,3,*OOH,*OOH2,protonation,-1,-0.7223,0.1475,-0.1267,-0.4481,-999.0,False,17
deepseek-v3,10766648,Pt(111)_ORR,*OO → *OOOH → *OOHOH → *OOH → *OOH2 → *OH → *H2O → *,False,4,*OOH2,*OH,dehydroxylation,0,-2.166,0.071,0.1842,-2.2792,-999.0,False,17
deepseek-v3,10766648,Pt(111)_ORR,*OO → *OOOH → *OOHOH → *OOH → *OOH2 → *OH → *H2O → *,False,5,*OH,*H2O,protonation,-1,-1.1369,0.1366,-0.1353,-0.8649,-999.0,False,17
deepseek-v3,10766648,Pt(111)_ORR,*OO → *OOOH → *OOHOH → *OOH → *OOH2 → *OH → *H2O → *,False,6,*H2O,*,product_desorption,0,0.4122,-0.0613,0.437,-0.0862,-999.0,False,17
deepseek-v3,10766648,Pt(111)_ORR,*OO → *OOOH → *OOHOH → *OOH → *OOH2 → *OH → *H2O → *,False,0,*OO,*OOOH,hydroxylation,1,1.9943,-0.098,-0.2716,2.1679,-999.0,False,18
deepseek-v3,10766648,Pt(111)_ORR,*OO → *OOOH → *OOHOH → *OOH → *OOH2 → *OH → *H2O → *,False,1,*OOOH,*OOHOH,protonation,-1,-0.4511,0.1702,-0.1838,-0.0971,-999.0,False,18
deepseek-v3,10766648,Pt(111)_ORR,*OO → *OOOH → *OOHOH → *OOH → *OOH2 → *OH → *H2O → *,False,2,*OOHOH,*OOH,desorption,0,-2.1479,0.0837,0.3217,-2.3859,-999.0,False,18
deepseek-v3,10766648,Pt(111)_ORR,*OO → *OOOH → *OOHOH → *OOH → *OOH2 → *OH → *H2O → *,False,3,*OOH,*OOH2,protonation,-1,-0.7223,0.1475,-0.1267,-0.4481,-999.0,False,18
deepseek-v3,10766648,Pt(111)_ORR,*OO → *OOOH → *OOHOH → *OOH → *OOH2 → *OH → *H2O → *,False,4,*OOH2,*OH,bond_dissociation,0,-2.166,0.071,0.1842,-2.2792,-999.0,False,18
deepseek-v3,10766648,Pt(111)_ORR,*OO → *OOOH → *OOHOH → *OOH → *OOH2 → *OH → *H2O → *,False,5,*OH,*H2O,protonation,-1,-1.1369,0.1366,-0.1353,-0.8649,-999.0,False,18
deepseek-v3,10766648,Pt(111)_ORR,*OO → *OOOH → *OOHOH → *OOH → *OOH2 → *OH → *H2O → *,False,6,*H2O,*,product_desorption,0,0.4122,-0.0613,0.437,-0.0862,-999.0,False,18
deepseek-v3,10766648,Pt(111)_ORR,*OO → *OOOH → *OOHOH → *OOH → *OOH2 → *OH → *H2O → *,False,0,*OO,*OOOH,hydroxylation,1,1.9943,-0.098,-0.2716,2.1679,-999.0,False,19
deepseek-v3,10766648,Pt(111)_ORR,*OO → *OOOH → *OOHOH → *OOH → *OOH2 → *OH → *H2O → *,False,1,*OOOH,*OOHOH,protonation,-1,-0.4511,0.1702,-0.1838,-0.0971,-999.0,False,19
deepseek-v3,10766648,Pt(111)_ORR,*OO → *OOOH → *OOHOH → *OOH → *OOH2 → *OH → *H2O → *,False,2,*OOHOH,*OOH,desorption,0,-2.1479,0.0837,0.3217,-2.3859,-999.0,False,19
deepseek-v3,10766648,Pt(111)_ORR,*OO → *OOOH → *OOHOH → *OOH → *OOH2 → *OH → *H2O → *,False,3,*OOH,*OOH2,protonation,-1,-0.7223,0.1475,-0.1267,-0.4481,-999.0,False,19
deepseek-v3,10766648,Pt(111)_ORR,*OO → *OOOH → *OOHOH → *OOH → *OOH2 → *OH → *H2O → *,False,4,*OOH2,*OH,desorption,0,-2.166,0.071,0.1842,-2.2792,-999.0,False,19
deepseek-v3,10766648,Pt(111)_ORR,*OO → *OOOH → *OOHOH → *OOH → *OOH2 → *OH → *H2O → *,False,5,*OH,*H2O,protonation,-1,-1.1369,0.1366,-0.1353,-0.8649,-999.0,False,19
deepseek-v3,10766648,Pt(111)_ORR,*OO → *OOOH → *OOHOH → *OOH → *OOH2 → *OH → *H2O → *,False,6,*H2O,*,product_desorption,0,0.4122,-0.0613,0.437,-0.0862,-999.0,False,19
deepseek-v3,10766648,Pt(111)_ORR,*OO → *OOOH → *OOHOH → *OOH → *O → *OH → *H2O → *,False,0,*OO,*OOOH,hydroxylation,1,1.9943,-0.098,-0.2716,2.1679,-999.0,False,20
deepseek-v3,10766648,Pt(111)_ORR,*OO → *OOOH → *OOHOH → *OOH → *O → *OH → *H2O → *,False,1,*OOOH,*OOHOH,protonation,-1,-0.4511,0.1702,-0.1838,-0.0971,-999.0,False,20
deepseek-v3,10766648,Pt(111)_ORR,*OO → *OOOH → *OOHOH → *OOH → *O → *OH → *H2O → *,False,2,*OOHOH,*OOH,dehydroxylation,0,-2.1479,0.0837,0.3217,-2.3859,-999.0,False,20
deepseek-v3,10766648,Pt(111)_ORR,*OO → *OOOH → *OOHOH → *OOH → *O → *OH → *H2O → *,False,3,*OOH,*O,dehydroxylation,0,-2.313,0.0707,0.2199,-2.4621,-999.0,False,20
deepseek-v3,10766648,Pt(111)_ORR,*OO → *OOOH → *OOHOH → *OOH → *O → *OH → *H2O → *,False,4,*O,*OH,protonation,-1,-0.5753,0.1478,-0.1623,-0.2652,-999.0,False,20
deepseek-v3,10766648,Pt(111)_ORR,*OO → *OOOH → *OOHOH → *OOH → *O → *OH → *H2O → *,False,5,*OH,*H2O,protonation,-1,-1.1369,0.1366,-0.1353,-0.8649,-999.0,False,20
deepseek-v3,10766648,Pt(111)_ORR,*OO → *OOOH → *OOHOH → *OOH → *O → *OH → *H2O → *,False,6,*H2O,*,product_desorption,0,0.4122,-0.0613,0.437,-0.0862,-999.0,False,20
deepseek-v3,10766648,Pt(111)_ORR,*OO → *OOOH → *OOHOH → *OOH → *O → *OH → *H2O → *,False,0,*OO,*OOOH,hydroxylation,1,1.9943,-0.098,-0.2716,2.1679,-999.0,False,21
deepseek-v3,10766648,Pt(111)_ORR,*OO → *OOOH → *OOHOH → *OOH → *O → *OH → *H2O → *,False,1,*OOOH,*OOHOH,protonation,-1,-0.4511,0.1702,-0.1838,-0.0971,-999.0,False,21
deepseek-v3,10766648,Pt(111)_ORR,*OO → *OOOH → *OOHOH → *OOH → *O → *OH → *H2O → *,False,2,*OOHOH,*OOH,dehydroxylation,0,-2.1479,0.0837,0.3217,-2.3859,-999.0,False,21
deepseek-v3,10766648,Pt(111)_ORR,*OO → *OOOH → *OOHOH → *OOH → *O → *OH → *H2O → *,False,3,*OOH,*O,bond_dissociation,0,-2.313,0.0707,0.2199,-2.4621,-999.0,False,21
deepseek-v3,10766648,Pt(111)_ORR,*OO → *OOOH → *OOHOH → *OOH → *O → *OH → *H2O → *,False,4,*O,*OH,protonation,-1,-0.5753,0.1478,-0.1623,-0.2652,-999.0,False,21
deepseek-v3,10766648,Pt(111)_ORR,*OO → *OOOH → *OOHOH → *OOH → *O → *OH → *H2O → *,False,5,*OH,*H2O,protonation,-1,-1.1369,0.1366,-0.1353,-0.8649,-999.0,False,21
deepseek-v3,10766648,Pt(111)_ORR,*OO → *OOOH → *OOHOH → *OOH → *O → *OH → *H2O → *,False,6,*H2O,*,product_desorption,0,0.4122,-0.0613,0.437,-0.0862,-999.0,False,21
deepseek-v3,10766648,Pt(111)_ORR,*OO → *OOOH → *OOHOH → *OOH → *O → *OH → *H2O → *,False,0,*OO,*OOOH,hydroxylation,1,1.9943,-0.098,-0.2716,2.1679,-999.0,False,22
deepseek-v3,10766648,Pt(111)_ORR,*OO → *OOOH → *OOHOH → *OOH → *O → *OH → *H2O → *,False,1,*OOOH,*OOHOH,protonation,-1,-0.4511,0.1702,-0.1838,-0.0971,-999.0,False,22
deepseek-v3,10766648,Pt(111)_ORR,*OO → *OOOH → *OOHOH → *OOH → *O → *OH → *H2O → *,False,2,*OOHOH,*OOH,bond_dissociation,0,-2.1479,0.0837,0.3217,-2.3859,-999.0,False,22
deepseek-v3,10766648,Pt(111)_ORR,*OO → *OOOH → *OOHOH → *OOH → *O → *OH → *H2O → *,False,3,*OOH,*O,dehydroxylation,0,-2.313,0.0707,0.2199,-2.4621,-999.0,False,22
deepseek-v3,10766648,Pt(111)_ORR,*OO → *OOOH → *OOHOH → *OOH → *O → *OH → *H2O → *,False,4,*O,*OH,protonation,-1,-0.5753,0.1478,-0.1623,-0.2652,-999.0,False,22
deepseek-v3,10766648,Pt(111)_ORR,*OO → *OOOH → *OOHOH → *OOH → *O → *OH → *H2O → *,False,5,*OH,*H2O,protonation,-1,-1.1369,0.1366,-0.1353,-0.8649,-999.0,False,22
deepseek-v3,10766648,Pt(111)_ORR,*OO → *OOOH → *OOHOH → *OOH → *O → *OH → *H2O → *,False,6,*H2O,*,product_desorption,0,0.4122,-0.0613,0.437,-0.0862,-999.0,False,22
deepseek-v3,10766648,Pt(111)_ORR,*OO → *OOOH → *OOHOH → *OOH → *O → *OH → *H2O → *,False,0,*OO,*OOOH,hydroxylation,1,1.9943,-0.098,-0.2716,2.1679,-999.0,False,23
deepseek-v3,10766648,Pt(111)_ORR,*OO → *OOOH → *OOHOH → *OOH → *O → *OH → *H2O → *,False,1,*OOOH,*OOHOH,protonation,-1,-0.4511,0.1702,-0.1838,-0.0971,-999.0,False,23
deepseek-v3,10766648,Pt(111)_ORR,*OO → *OOOH → *OOHOH → *OOH → *O → *OH → *H2O → *,False,2,*OOHOH,*OOH,bond_dissociation,0,-2.1479,0.0837,0.3217,-2.3859,-999.0,False,23
deepseek-v3,10766648,Pt(111)_ORR,*OO → *OOOH → *OOHOH → *OOH → *O → *OH → *H2O → *,False,3,*OOH,*O,bond_dissociation,0,-2.313,0.0707,0.2199,-2.4621,-999.0,False,23
deepseek-v3,10766648,Pt(111)_ORR,*OO → *OOOH → *OOHOH → *OOH → *O → *OH → *H2O → *,False,4,*O,*OH,protonation,-1,-0.5753,0.1478,-0.1623,-0.2652,-999.0,False,23
deepseek-v3,10766648,Pt(111)_ORR,*OO → *OOOH → *OOHOH → *OOH → *O → *OH → *H2O → *,False,5,*OH,*H2O,protonation,-1,-1.1369,0.1366,-0.1353,-0.8649,-999.0,False,23
deepseek-v3,10766648,Pt(111)_ORR,*OO → *OOOH → *OOHOH → *OOH → *O → *OH → *H2O → *,False,6,*H2O,*,product_desorption,0,0.4122,-0.0613,0.437,-0.0862,-999.0,False,23
deepseek-v3,10766648,Pt(111)_ORR,*OO → *OOOH → *OOHOH → *OOH → *O → *OH → *H2O → *,False,0,*OO,*OOOH,hydroxylation,1,1.9943,-0.098,-0.2716,2.1679,-999.0,False,24
deepseek-v3,10766648,Pt(111)_ORR,*OO → *OOOH → *OOHOH → *OOH → *O → *OH → *H2O → *,False,1,*OOOH,*OOHOH,protonation,-1,-0.4511,0.1702,-0.1838,-0.0971,-999.0,False,24
deepseek-v3,10766648,Pt(111)_ORR,*OO → *OOOH → *OOHOH → *OOH → *O → *OH → *H2O → *,False,2,*OOHOH,*OOH,desorption,0,-2.1479,0.0837,0.3217,-2.3859,-999.0,False,24
deepseek-v3,10766648,Pt(111)_ORR,*OO → *OOOH → *OOHOH → *OOH → *O → *OH → *H2O → *,False,3,*OOH,*O,dehydroxylation,0,-2.313,0.0707,0.2199,-2.4621,-999.0,False,24
deepseek-v3,10766648,Pt(111)_ORR,*OO → *OOOH → *OOHOH → *OOH → *O → *OH → *H2O → *,False,4,*O,*OH,protonation,-1,-0.5753,0.1478,-0.1623,-0.2652,-999.0,False,24
deepseek-v3,10766648,Pt(111)_ORR,*OO → *OOOH → *OOHOH → *OOH → *O → *OH → *H2O → *,False,5,*OH,*H2O,protonation,-1,-1.1369,0.1366,-0.1353,-0.8649,-999.0,False,24
deepseek-v3,10766648,Pt(111)_ORR,*OO → *OOOH → *OOHOH → *OOH → *O → *OH → *H2O → *,False,6,*H2O,*,product_desorption,0,0.4122,-0.0613,0.437,-0.0862,-999.0,False,24
deepseek-v3,10766648,Pt(111)_ORR,*OO → *OOOH → *OOHOH → *OOH → *O → *OH → *H2O → *,False,0,*OO,*OOOH,hydroxylation,1,1.9943,-0.098,-0.2716,2.1679,-999.0,False,25
deepseek-v3,10766648,Pt(111)_ORR,*OO → *OOOH → *OOHOH → *OOH → *O → *OH → *H2O → *,False,1,*OOOH,*OOHOH,protonation,-1,-0.4511,0.1702,-0.1838,-0.0971,-999.0,False,25
deepseek-v3,10766648,Pt(111)_ORR,*OO → *OOOH → *OOHOH → *OOH → *O → *OH → *H2O → *,False,2,*OOHOH,*OOH,desorption,0,-2.1479,0.0837,0.3217,-2.3859,-999.0,False,25
deepseek-v3,10766648,Pt(111)_ORR,*OO → *OOOH → *OOHOH → *OOH → *O → *OH → *H2O → *,False,3,*OOH,*O,bond_dissociation,0,-2.313,0.0707,0.2199,-2.4621,-999.0,False,25
deepseek-v3,10766648,Pt(111)_ORR,*OO → *OOOH → *OOHOH → *OOH → *O → *OH → *H2O → *,False,4,*O,*OH,protonation,-1,-0.5753,0.1478,-0.1623,-0.2652,-999.0,False,25
deepseek-v3,10766648,Pt(111)_ORR,*OO → *OOOH → *OOHOH → *OOH → *O → *OH → *H2O → *,False,5,*OH,*H2O,protonation,-1,-1.1369,0.1366,-0.1353,-0.8649,-999.0,False,25
deepseek-v3,10766648,Pt(111)_ORR,*OO → *OOOH → *OOHOH → *OOH → *O → *OH → *H2O → *,False,6,*H2O,*,product_desorption,0,0.4122,-0.0613,0.437,-0.0862,-999.0,False,25
deepseek-v3,10766648,Pt(111)_ORR,*OO → *OOOH → *OOH → *OOH2 → *O → *OH → *H2O → *,False,0,*OO,*OOOH,hydroxylation,1,1.9943,-0.098,-0.2716,2.1679,-999.0,False,26
deepseek-v3,10766648,Pt(111)_ORR,*OO → *OOOH → *OOH → *OOH2 → *O → *OH → *H2O → *,False,1,*OOOH,*OOH,bond_dissociation,0,-2.599,0.2539,0.1379,-2.483,-999.0,False,26
deepseek-v3,10766648,Pt(111)_ORR,*OO → *OOOH → *OOH → *OOH2 → *O → *OH → *H2O → *,False,2,*OOH,*OOH2,protonation,-1,-0.7223,0.1475,-0.1267,-0.4481,-999.0,False,26
deepseek-v3,10766648,Pt(111)_ORR,*OO → *OOOH → *OOH → *OOH2 → *O → *OH → *H2O → *,False,3,*OOH2,*O,bond_dissociation,0,-1.5907,-0.0768,0.3465,-2.014,-999.0,False,26
deepseek-v3,10766648,Pt(111)_ORR,*OO → *OOOH → *OOH → *OOH2 → *O → *OH → *H2O → *,False,4,*O,*OH,protonation,-1,-0.5753,0.1478,-0.1623,-0.2652,-999.0,False,26
deepseek-v3,10766648,Pt(111)_ORR,*OO → *OOOH → *OOH → *OOH2 → *O → *OH → *H2O → *,False,5,*OH,*H2O,protonation,-1,-1.1369,0.1366,-0.1353,-0.8649,-999.0,False,26
deepseek-v3,10766648,Pt(111)_ORR,*OO → *OOOH → *OOH → *OOH2 → *O → *OH → *H2O → *,False,6,*H2O,*,product_desorption,0,0.4122,-0.0613,0.437,-0.0862,-999.0,False,26
deepseek-v3,10766648,Pt(111)_ORR,*OO → *OOOH → *OOH → *OOH2 → *O → *OH → *H2O → *,False,0,*OO,*OOOH,hydroxylation,1,1.9943,-0.098,-0.2716,2.1679,-999.0,False,27
deepseek-v3,10766648,Pt(111)_ORR,*OO → *OOOH → *OOH → *OOH2 → *O → *OH → *H2O → *,False,1,*OOOH,*OOH,bond_dissociation,0,-2.599,0.2539,0.1379,-2.483,-999.0,False,27
deepseek-v3,10766648,Pt(111)_ORR,*OO → *OOOH → *OOH → *OOH2 → *O → *OH → *H2O → *,False,2,*OOH,*OOH2,protonation,-1,-0.7223,0.1475,-0.1267,-0.4481,-999.0,False,27
deepseek-v3,10766648,Pt(111)_ORR,*OO → *OOOH → *OOH → *OOH2 → *O → *OH → *H2O → *,False,3,*OOH2,*O,desorption,0,-1.5907,-0.0768,0.3465,-2.014,-999.0,False,27
deepseek-v3,10766648,Pt(111)_ORR,*OO → *OOOH → *OOH → *OOH2 → *O → *OH → *H2O → *,False,4,*O,*OH,protonation,-1,-0.5753,0.1478,-0.1623,-0.2652,-999.0,False,27
deepseek-v3,10766648,Pt(111)_ORR,*OO → *OOOH → *OOH → *OOH2 → *O → *OH → *H2O → *,False,5,*OH,*H2O,protonation,-1,-1.1369,0.1366,-0.1353,-0.8649,-999.0,False,27
deepseek-v3,10766648,Pt(111)_ORR,*OO → *OOOH → *OOH → *OOH2 → *O → *OH → *H2O → *,False,6,*H2O,*,product_desorption,0,0.4122,-0.0613,0.437,-0.0862,-999.0,False,27
deepseek-v3,10766648,Pt(111)_ORR,*OO → *OOOH → *OOH → *OOHOH → *O → *OH → *H2O → *,False,0,*OO,*OOOH,hydroxylation,1,1.9943,-0.098,-0.2716,2.1679,-999.0,False,28
deepseek-v3,10766648,Pt(111)_ORR,*OO → *OOOH → *OOH → *OOHOH → *O → *OH → *H2O → *,False,1,*OOOH,*OOH,bond_dissociation,0,-2.599,0.2539,0.1379,-2.483,-999.0,False,28
deepseek-v3,10766648,Pt(111)_ORR,*OO → *OOOH → *OOH → *OOHOH → *O → *OH → *H2O → *,False,2,*OOH,*OOHOH,hydroxylation,1,2.1479,-0.0837,-0.3217,2.3859,-999.0,False,28
deepseek-v3,10766648,Pt(111)_ORR,*OO → *OOOH → *OOH → *OOHOH → *O → *OH → *H2O → *,False,3,*OOHOH,*O,desorption,0,-4.4608,0.1544,0.5415,-4.848,-999.0,False,28
deepseek-v3,10766648,Pt(111)_ORR,*OO → *OOOH → *OOH → *OOHOH → *O → *OH → *H2O → *,False,4,*O,*OH,protonation,-1,-0.5753,0.1478,-0.1623,-0.2652,-999.0,False,28
deepseek-v3,10766648,Pt(111)_ORR,*OO → *OOOH → *OOH → *OOHOH → *O → *OH → *H2O → *,False,5,*OH,*H2O,protonation,-1,-1.1369,0.1366,-0.1353,-0.8649,-999.0,False,28
deepseek-v3,10766648,Pt(111)_ORR,*OO → *OOOH → *OOH → *OOHOH → *O → *OH → *H2O → *,False,6,*H2O,*,product_desorption,0,0.4122,-0.0613,0.437,-0.0862,-999.0,False,28
deepseek-v3,10766648,Pt(111)_ORR,*OO → *OOOH → *OOH → *OOHOH → *O → *OH → *H2O → *,False,0,*OO,*OOOH,hydroxylation,1,1.9943,-0.098,-0.2716,2.1679,-999.0,False,29
deepseek-v3,10766648,Pt(111)_ORR,*OO → *OOOH → *OOH → *OOHOH → *O → *OH → *H2O → *,False,1,*OOOH,*OOH,bond_dissociation,0,-2.599,0.2539,0.1379,-2.483,-999.0,False,29
deepseek-v3,10766648,Pt(111)_ORR,*OO → *OOOH → *OOH → *OOHOH → *O → *OH → *H2O → *,False,2,*OOH,*OOHOH,hydroxylation,1,2.1479,-0.0837,-0.3217,2.3859,-999.0,False,29
deepseek-v3,10766648,Pt(111)_ORR,*OO → *OOOH → *OOH → *OOHOH → *O → *OH → *H2O → *,False,3,*OOHOH,*O,bond_dissociation,0,-4.4608,0.1544,0.5415,-4.848,-999.0,False,29
deepseek-v3,10766648,Pt(111)_ORR,*OO → *OOOH → *OOH → *OOHOH → *O → *OH → *H2O → *,False,4,*O,*OH,protonation,-1,-0.5753,0.1478,-0.1623,-0.2652,-999.0,False,29
deepseek-v3,10766648,Pt(111)_ORR,*OO → *OOOH → *OOH → *OOHOH → *O → *OH → *H2O → *,False,5,*OH,*H2O,protonation,-1,-1.1369,0.1366,-0.1353,-0.8649,-999.0,False,29
deepseek-v3,10766648,Pt(111)_ORR,*OO → *OOOH → *OOH → *OOHOH → *O → *OH → *H2O → *,False,6,*H2O,*,product_desorption,0,0.4122,-0.0613,0.437,-0.0862,-999.0,False,29
deepseek-v3,10766649,Pt(111)_HER,* → *H → *,False,0,*,*H,protonation,-1,-0.4332,0.047,-0.1726,-0.2137,-999.0,False,0
deepseek-v3,10766649,Pt(111)_HER,* → *H → *,False,1,*H,*,deprotonation,1,0.4332,-0.047,0.1726,0.2137,-999.0,False,0
deepseek-v3,10766649,Pt(111)_HER,* → *H → *H2 → *,True,0,*,*H,protonation,-1,-0.4332,0.047,-0.1726,-0.2137,0.1458,True,1
deepseek-v3,10766649,Pt(111)_HER,* → *H → *H2 → *,True,1,*H,*H2,protonation,-1,-0.3271,-0.01,-0.1913,-0.1458,0.1458,True,1
deepseek-v3,10766649,Pt(111)_HER,* → *H → *H2 → *,True,2,*H2,*,product_desorption,0,0.7603,-0.037,0.3638,0.3594,0.1458,True,1
deepseek-v3,10766649,Au(110)_CO2RR,*CO2 → *COOH → *CO → *,True,0,*CO2,*COOH,protonation,-1,0.3652,0.151,-0.2207,0.7369,-0.7369,True,0
deepseek-v3,10766649,Au(110)_CO2RR,*CO2 → *COOH → *CO → *,True,1,*COOH,*CO,reductive_dehydration,-1,-0.1996,0.0141,0.2739,-0.4594,-0.7369,True,0
deepseek-v3,10766649,Au(110)_CO2RR,*CO2 → *COOH → *CO → *,True,2,*CO,*,desorption,0,0.7532,-0.0553,0.4397,0.2582,-0.7369,True,0
deepseek-v3,10766649,Au(110)_CO2RR,*CO2 → *CO2OH → *COOH → *CO → *,False,0,*CO2,*CO2OH,hydroxylation,1,0.4794,-0.0145,-0.3291,0.7941,-999.0,False,1
deepseek-v3,10766649,Au(110)_CO2RR,*CO2 → *CO2OH → *COOH → *CO → *,False,1,*CO2OH,*COOH,bond_dissociation,0,-0.1142,0.1655,0.1084,-0.0571,-999.0,False,1
deepseek-v3,10766649,Au(110)_CO2RR,*CO2 → *CO2OH → *COOH → *CO → *,False,2,*COOH,*CO,reductive_dehydration,-1,-0.1996,0.0141,0.2739,-0.4594,-999.0,False,1
deepseek-v3,10766649,Au(110)_CO2RR,*CO2 → *CO2OH → *COOH → *CO → *,False,3,*CO,*,desorption,0,0.7532,-0.0553,0.4397,0.2582,-999.0,False,1
deepseek-v3,10766649,Au(110)_CO2RR,*CO2 → *OCO → *COOH → *CO → *,False,0,*CO2,*OCO,bond_dissociation,0,2.364,-0.0371,-0.1068,2.4337,-999.0,False,2
deepseek-v3,10766649,Au(110)_CO2RR,*CO2 → *OCO → *COOH → *CO → *,False,1,*OCO,*COOH,protonation,-1,-1.9988,0.1881,-0.1139,-1.6968,-999.0,False,2
deepseek-v3,10766649,Au(110)_CO2RR,*CO2 → *OCO → *COOH → *CO → *,False,2,*COOH,*CO,reductive_dehydration,-1,-0.1996,0.0141,0.2739,-0.4594,-999.0,False,2
deepseek-v3,10766649,Au(110)_CO2RR,*CO2 → *OCO → *COOH → *CO → *,False,3,*CO,*,desorption,0,0.7532,-0.0553,0.4397,0.2582,-999.0,False,2
deepseek-v3,10766649,Pt(111)_ORR,*OO → *OOH → *OOHOH → *O → *OH → *HOH → *,True,0,*OO,*OOH,protonation,-1,-0.6051,0.1559,-0.1356,-0.3136,-999.0,False,0
deepseek-v3,10766649,Pt(111)_ORR,*OO → *OOH → *OOHOH → *O → *OH → *HOH → *,True,1,*OOH,*OOHOH,hydroxylation,1,2.1482,-0.0837,-0.3199,2.3845,-999.0,False,0
deepseek-v3,10766649,Pt(111)_ORR,*OO → *OOH → *OOHOH → *O → *OH → *HOH → *,True,2,*OOHOH,*O,bond_dissociation,0,-4.4608,0.1544,0.5416,-4.848,-999.0,False,0
deepseek-v3,10766649,Pt(111)_ORR,*OO → *OOH → *OOHOH → *O → *OH → *HOH → *,True,3,*O,*OH,protonation,-1,-0.5752,0.1477,-0.1621,-0.2654,-999.0,False,0
deepseek-v3,10766649,Pt(111)_ORR,*OO → *OOH → *OOHOH → *O → *OH → *HOH → *,True,4,*OH,*HOH,protonation,-1,-1.1387,0.1379,-0.0596,-0.9412,-999.0,False,0
deepseek-v3,10766649,Pt(111)_ORR,*OO → *OOH → *OOHOH → *O → *OH → *HOH → *,True,5,*HOH,*,product_desorption,0,0.4139,-0.0625,0.3611,-0.0097,-999.0,False,0
deepseek-v3,10766649,Pt(111)_ORR,*OO → *OOOH → *OOHOH → *O → *OH → *HOH → *,False,0,*OO,*OOOH,hydroxylation,1,1.9949,-0.0984,-0.2717,2.1683,-999.0,False,1
deepseek-v3,10766649,Pt(111)_ORR,*OO → *OOOH → *OOHOH → *O → *OH → *HOH → *,False,1,*OOOH,*OOHOH,protonation,-1,-0.4518,0.1705,-0.1838,-0.0975,-999.0,False,1
deepseek-v3,10766649,Pt(111)_ORR,*OO → *OOOH → *OOHOH → *O → *OH → *HOH → *,False,2,*OOHOH,*O,bond_dissociation,0,-4.4608,0.1544,0.5416,-4.848,-999.0,False,1
deepseek-v3,10766649,Pt(111)_ORR,*OO → *OOOH → *OOHOH → *O → *OH → *HOH → *,False,3,*O,*OH,protonation,-1,-0.5752,0.1477,-0.1621,-0.2654,-999.0,False,1
deepseek-v3,10766649,Pt(111)_ORR,*OO → *OOOH → *OOHOH → *O → *OH → *HOH → *,False,4,*OH,*HOH,protonation,-1,-1.1387,0.1379,-0.0596,-0.9412,-999.0,False,1
deepseek-v3,10766649,Pt(111)_ORR,*OO → *OOOH → *OOHOH → *O → *OH → *HOH → *,False,5,*HOH,*,product_desorption,0,0.4139,-0.0625,0.3611,-0.0097,-999.0,False,1
deepseek-v3,10766649,Pt(111)_ORR,*OO → *OOOH → *OOHOH → *OOH → *O → *OH → *HOH → *,False,0,*OO,*OOOH,hydroxylation,1,1.9949,-0.0984,-0.2717,2.1683,-999.0,False,2
deepseek-v3,10766649,Pt(111)_ORR,*OO → *OOOH → *OOHOH → *OOH → *O → *OH → *HOH → *,False,1,*OOOH,*OOHOH,protonation,-1,-0.4518,0.1705,-0.1838,-0.0975,-999.0,False,2
deepseek-v3,10766649,Pt(111)_ORR,*OO → *OOOH → *OOHOH → *OOH → *O → *OH → *HOH → *,False,2,*OOHOH,*OOH,dehydroxylation,0,-2.1482,0.0837,0.3199,-2.3845,-999.0,False,2
deepseek-v3,10766649,Pt(111)_ORR,*OO → *OOOH → *OOHOH → *OOH → *O → *OH → *HOH → *,False,3,*OOH,*O,dehydroxylation,0,-2.3126,0.0707,0.2217,-2.4636,-999.0,False,2
deepseek-v3,10766649,Pt(111)_ORR,*OO → *OOOH → *OOHOH → *OOH → *O → *OH → *HOH → *,False,4,*O,*OH,protonation,-1,-0.5752,0.1477,-0.1621,-0.2654,-999.0,False,2
deepseek-v3,10766649,Pt(111)_ORR,*OO → *OOOH → *OOHOH → *OOH → *O → *OH → *HOH → *,False,5,*OH,*HOH,protonation,-1,-1.1387,0.1379,-0.0596,-0.9412,-999.0,False,2
deepseek-v3,10766649,Pt(111)_ORR,*OO → *OOOH → *OOHOH → *OOH → *O → *OH → *HOH → *,False,6,*HOH,*,product_desorption,0,0.4139,-0.0625,0.3611,-0.0097,-999.0,False,2
deepseek-v3,10766649,Pt(111)_ORR,*OO → *OOOH → *OOHOH → *OOH → *O → *OH → *HOH → *,False,0,*OO,*OOOH,hydroxylation,1,1.9949,-0.0984,-0.2717,2.1683,-999.0,False,3
deepseek-v3,10766649,Pt(111)_ORR,*OO → *OOOH → *OOHOH → *OOH → *O → *OH → *HOH → *,False,1,*OOOH,*OOHOH,protonation,-1,-0.4518,0.1705,-0.1838,-0.0975,-999.0,False,3
deepseek-v3,10766649,Pt(111)_ORR,*OO → *OOOH → *OOHOH → *OOH → *O → *OH → *HOH → *,False,2,*OOHOH,*OOH,dehydroxylation,0,-2.1482,0.0837,0.3199,-2.3845,-999.0,False,3
deepseek-v3,10766649,Pt(111)_ORR,*OO → *OOOH → *OOHOH → *OOH → *O → *OH → *HOH → *,False,3,*OOH,*O,bond_dissociation,0,-2.3126,0.0707,0.2217,-2.4636,-999.0,False,3
deepseek-v3,10766649,Pt(111)_ORR,*OO → *OOOH → *OOHOH → *OOH → *O → *OH → *HOH → *,False,4,*O,*OH,protonation,-1,-0.5752,0.1477,-0.1621,-0.2654,-999.0,False,3
deepseek-v3,10766649,Pt(111)_ORR,*OO → *OOOH → *OOHOH → *OOH → *O → *OH → *HOH → *,False,5,*OH,*HOH,protonation,-1,-1.1387,0.1379,-0.0596,-0.9412,-999.0,False,3
deepseek-v3,10766649,Pt(111)_ORR,*OO → *OOOH → *OOHOH → *OOH → *O → *OH → *HOH → *,False,6,*HOH,*,product_desorption,0,0.4139,-0.0625,0.3611,-0.0097,-999.0,False,3
deepseek-v3,10766649,Pt(111)_ORR,*OO → *OOOH → *OOHOH → *OOH → *O → *OH → *HOH → *,False,0,*OO,*OOOH,hydroxylation,1,1.9949,-0.0984,-0.2717,2.1683,-999.0,False,4
deepseek-v3,10766649,Pt(111)_ORR,*OO → *OOOH → *OOHOH → *OOH → *O → *OH → *HOH → *,False,1,*OOOH,*OOHOH,protonation,-1,-0.4518,0.1705,-0.1838,-0.0975,-999.0,False,4
deepseek-v3,10766649,Pt(111)_ORR,*OO → *OOOH → *OOHOH → *OOH → *O → *OH → *HOH → *,False,2,*OOHOH,*OOH,bond_dissociation,0,-2.1482,0.0837,0.3199,-2.3845,-999.0,False,4
deepseek-v3,10766649,Pt(111)_ORR,*OO → *OOOH → *OOHOH → *OOH → *O → *OH → *HOH → *,False,3,*OOH,*O,dehydroxylation,0,-2.3126,0.0707,0.2217,-2.4636,-999.0,False,4
deepseek-v3,10766649,Pt(111)_ORR,*OO → *OOOH → *OOHOH → *OOH → *O → *OH → *HOH → *,False,4,*O,*OH,protonation,-1,-0.5752,0.1477,-0.1621,-0.2654,-999.0,False,4
deepseek-v3,10766649,Pt(111)_ORR,*OO → *OOOH → *OOHOH → *OOH → *O → *OH → *HOH → *,False,5,*OH,*HOH,protonation,-1,-1.1387,0.1379,-0.0596,-0.9412,-999.0,False,4
deepseek-v3,10766649,Pt(111)_ORR,*OO → *OOOH → *OOHOH → *OOH → *O → *OH → *HOH → *,False,6,*HOH,*,product_desorption,0,0.4139,-0.0625,0.3611,-0.0097,-999.0,False,4
deepseek-v3,10766649,Pt(111)_ORR,*OO → *OOOH → *OOHOH → *OOH → *O → *OH → *HOH → *,False,0,*OO,*OOOH,hydroxylation,1,1.9949,-0.0984,-0.2717,2.1683,-999.0,False,5
deepseek-v3,10766649,Pt(111)_ORR,*OO → *OOOH → *OOHOH → *OOH → *O → *OH → *HOH → *,False,1,*OOOH,*OOHOH,protonation,-1,-0.4518,0.1705,-0.1838,-0.0975,-999.0,False,5
deepseek-v3,10766649,Pt(111)_ORR,*OO → *OOOH → *OOHOH → *OOH → *O → *OH → *HOH → *,False,2,*OOHOH,*OOH,bond_dissociation,0,-2.1482,0.0837,0.3199,-2.3845,-999.0,False,5
deepseek-v3,10766649,Pt(111)_ORR,*OO → *OOOH → *OOHOH → *OOH → *O → *OH → *HOH → *,False,3,*OOH,*O,bond_dissociation,0,-2.3126,0.0707,0.2217,-2.4636,-999.0,False,5
deepseek-v3,10766649,Pt(111)_ORR,*OO → *OOOH → *OOHOH → *OOH → *O → *OH → *HOH → *,False,4,*O,*OH,protonation,-1,-0.5752,0.1477,-0.1621,-0.2654,-999.0,False,5
deepseek-v3,10766649,Pt(111)_ORR,*OO → *OOOH → *OOHOH → *OOH → *O → *OH → *HOH → *,False,5,*OH,*HOH,protonation,-1,-1.1387,0.1379,-0.0596,-0.9412,-999.0,False,5
deepseek-v3,10766649,Pt(111)_ORR,*OO → *OOOH → *OOHOH → *OOH → *O → *OH → *HOH → *,False,6,*HOH,*,product_desorption,0,0.4139,-0.0625,0.3611,-0.0097,-999.0,False,5
deepseek-v3,10766649,Pt(111)_ORR,*OO → *OOOH → *HOOOH → *OOH → *O → *OH → *HOH → *,False,0,*OO,*OOOH,hydroxylation,1,1.9949,-0.0984,-0.2717,2.1683,-999.0,False,6
deepseek-v3,10766649,Pt(111)_ORR,*OO → *OOOH → *HOOOH → *OOH → *O → *OH → *HOH → *,False,1,*OOOH,*HOOOH,protonation,-1,-0.4518,0.1705,-0.1838,-0.0974,-999.0,False,6
deepseek-v3,10766649,Pt(111)_ORR,*OO → *OOOH → *HOOOH → *OOH → *O → *OH → *HOH → *,False,2,*HOOOH,*OOH,dehydroxylation,0,-2.1482,0.0837,0.32,-2.3845,-999.0,False,6
deepseek-v3,10766649,Pt(111)_ORR,*OO → *OOOH → *HOOOH → *OOH → *O → *OH → *HOH → *,False,3,*OOH,*O,dehydroxylation,0,-2.3126,0.0707,0.2217,-2.4636,-999.0,False,6
deepseek-v3,10766649,Pt(111)_ORR,*OO → *OOOH → *HOOOH → *OOH → *O → *OH → *HOH → *,False,4,*O,*OH,protonation,-1,-0.5752,0.1477,-0.1621,-0.2654,-999.0,False,6
deepseek-v3,10766649,Pt(111)_ORR,*OO → *OOOH → *HOOOH → *OOH → *O → *OH → *HOH → *,False,5,*OH,*HOH,protonation,-1,-1.1387,0.1379,-0.0596,-0.9412,-999.0,False,6
deepseek-v3,10766649,Pt(111)_ORR,*OO → *OOOH → *HOOOH → *OOH → *O → *OH → *HOH → *,False,6,*HOH,*,product_desorption,0,0.4139,-0.0625,0.3611,-0.0097,-999.0,False,6
deepseek-v3,10766649,Pt(111)_ORR,*OO → *OOOH → *HOOOH → *OOH → *O → *OH → *HOH → *,False,0,*OO,*OOOH,hydroxylation,1,1.9949,-0.0984,-0.2717,2.1683,-999.0,False,7
deepseek-v3,10766649,Pt(111)_ORR,*OO → *OOOH → *HOOOH → *OOH → *O → *OH → *HOH → *,False,1,*OOOH,*HOOOH,protonation,-1,-0.4518,0.1705,-0.1838,-0.0974,-999.0,False,7
deepseek-v3,10766649,Pt(111)_ORR,*OO → *OOOH → *HOOOH → *OOH → *O → *OH → *HOH → *,False,2,*HOOOH,*OOH,dehydroxylation,0,-2.1482,0.0837,0.32,-2.3845,-999.0,False,7
deepseek-v3,10766649,Pt(111)_ORR,*OO → *OOOH → *HOOOH → *OOH → *O → *OH → *HOH → *,False,3,*OOH,*O,bond_dissociation,0,-2.3126,0.0707,0.2217,-2.4636,-999.0,False,7
deepseek-v3,10766649,Pt(111)_ORR,*OO → *OOOH → *HOOOH → *OOH → *O → *OH → *HOH → *,False,4,*O,*OH,protonation,-1,-0.5752,0.1477,-0.1621,-0.2654,-999.0,False,7
deepseek-v3,10766649,Pt(111)_ORR,*OO → *OOOH → *HOOOH → *OOH → *O → *OH → *HOH → *,False,5,*OH,*HOH,protonation,-1,-1.1387,0.1379,-0.0596,-0.9412,-999.0,False,7
deepseek-v3,10766649,Pt(111)_ORR,*OO → *OOOH → *HOOOH → *OOH → *O → *OH → *HOH → *,False,6,*HOH,*,product_desorption,0,0.4139,-0.0625,0.3611,-0.0097,-999.0,False,7
deepseek-v3,10766649,Pt(111)_ORR,*OO → *OOOH → *HOOOH → *OOH → *O → *OH → *HOH → *,False,0,*OO,*OOOH,hydroxylation,1,1.9949,-0.0984,-0.2717,2.1683,-999.0,False,8
deepseek-v3,10766649,Pt(111)_ORR,*OO → *OOOH → *HOOOH → *OOH → *O → *OH → *HOH → *,False,1,*OOOH,*HOOOH,protonation,-1,-0.4518,0.1705,-0.1838,-0.0974,-999.0,False,8
deepseek-v3,10766649,Pt(111)_ORR,*OO → *OOOH → *HOOOH → *OOH → *O → *OH → *HOH → *,False,2,*HOOOH,*OOH,bond_dissociation,0,-2.1482,0.0837,0.32,-2.3845,-999.0,False,8
deepseek-v3,10766649,Pt(111)_ORR,*OO → *OOOH → *HOOOH → *OOH → *O → *OH → *HOH → *,False,3,*OOH,*O,dehydroxylation,0,-2.3126,0.0707,0.2217,-2.4636,-999.0,False,8
deepseek-v3,10766649,Pt(111)_ORR,*OO → *OOOH → *HOOOH → *OOH → *O → *OH → *HOH → *,False,4,*O,*OH,protonation,-1,-0.5752,0.1477,-0.1621,-0.2654,-999.0,False,8
deepseek-v3,10766649,Pt(111)_ORR,*OO → *OOOH → *HOOOH → *OOH → *O → *OH → *HOH → *,False,5,*OH,*HOH,protonation,-1,-1.1387,0.1379,-0.0596,-0.9412,-999.0,False,8
deepseek-v3,10766649,Pt(111)_ORR,*OO → *OOOH → *HOOOH → *OOH → *O → *OH → *HOH → *,False,6,*HOH,*,product_desorption,0,0.4139,-0.0625,0.3611,-0.0097,-999.0,False,8
deepseek-v3,10766649,Pt(111)_ORR,*OO → *OOOH → *HOOOH → *OOH → *O → *OH → *HOH → *,False,0,*OO,*OOOH,hydroxylation,1,1.9949,-0.0984,-0.2717,2.1683,-999.0,False,9
deepseek-v3,10766649,Pt(111)_ORR,*OO → *OOOH → *HOOOH → *OOH → *O → *OH → *HOH → *,False,1,*OOOH,*HOOOH,protonation,-1,-0.4518,0.1705,-0.1838,-0.0974,-999.0,False,9
deepseek-v3,10766649,Pt(111)_ORR,*OO → *OOOH → *HOOOH → *OOH → *O → *OH → *HOH → *,False,2,*HOOOH,*OOH,bond_dissociation,0,-2.1482,0.0837,0.32,-2.3845,-999.0,False,9
deepseek-v3,10766649,Pt(111)_ORR,*OO → *OOOH → *HOOOH → *OOH → *O → *OH → *HOH → *,False,3,*OOH,*O,bond_dissociation,0,-2.3126,0.0707,0.2217,-2.4636,-999.0,False,9
deepseek-v3,10766649,Pt(111)_ORR,*OO → *OOOH → *HOOOH → *OOH → *O → *OH → *HOH → *,False,4,*O,*OH,protonation,-1,-0.5752,0.1477,-0.1621,-0.2654,-999.0,False,9
deepseek-v3,10766649,Pt(111)_ORR,*OO → *OOOH → *HOOOH → *OOH → *O → *OH → *HOH → *,False,5,*OH,*HOH,protonation,-1,-1.1387,0.1379,-0.0596,-0.9412,-999.0,False,9
deepseek-v3,10766649,Pt(111)_ORR,*OO → *OOOH → *HOOOH → *OOH → *O → *OH → *HOH → *,False,6,*HOH,*,product_desorption,0,0.4139,-0.0625,0.3611,-0.0097,-999.0,False,9
deepseek-v4-pro,10767243,Au(110)_CO2RR,*CO2 → *COOH → *CO → *,False,0,*CO2,*COOH,protonation,-1,0.3679,0.1509,-0.2279,0.7467,-0.7467,True,0
deepseek-v4-pro,10767243,Au(110)_CO2RR,*CO2 → *COOH → *CO → *,False,1,*COOH,*CO,reductive_dehydration,-1,-0.2025,0.014,0.2843,-0.4728,-0.7467,True,0
deepseek-v4-pro,10767243,Au(110)_CO2RR,*CO2 → *COOH → *CO → *,False,2,*CO,*,desorption,0,0.7533,-0.0552,0.438,0.2601,-0.7467,True,0
deepseek-v4-pro,10767243,Au(110)_CO2RR,*CO2 → *COOH → *HCOOH → *CHO → *CO → *,False,0,*CO2,*COOH,protonation,-1,0.3679,0.1509,-0.2279,0.7467,-0.7467,True,1
deepseek-v4-pro,10767243,Au(110)_CO2RR,*CO2 → *COOH → *HCOOH → *CHO → *CO → *,False,1,*COOH,*HCOOH,protonation,-1,-0.6713,0.1586,-0.1395,-0.3732,-0.7467,True,1
deepseek-v4-pro,10767243,Au(110)_CO2RR,*CO2 → *COOH → *HCOOH → *CHO → *CO → *,False,2,*HCOOH,*CHO,bond_dissociation,0,0.6193,-0.0263,0.2573,0.3357,-0.7467,True,1
deepseek-v4-pro,10767243,Au(110)_CO2RR,*CO2 → *COOH → *HCOOH → *CHO → *CO → *,False,3,*CHO,*CO,bond_dissociation,0,-0.1505,-0.1183,0.1665,-0.4353,-0.7467,True,1
deepseek-v4-pro,10767243,Au(110)_CO2RR,*CO2 → *COOH → *HCOOH → *CHO → *CO → *,False,4,*CO,*,desorption,0,0.7533,-0.0552,0.438,0.2601,-0.7467,True,1
deepseek-v4-pro,10767243,Au(110)_CO2RR,*CO2 → *COOH → *HCOOH → *CHO → *CO → *,False,0,*CO2,*COOH,protonation,-1,0.3679,0.1509,-0.2279,0.7467,-0.7467,True,2
deepseek-v4-pro,10767243,Au(110)_CO2RR,*CO2 → *COOH → *HCOOH → *CHO → *CO → *,False,1,*COOH,*HCOOH,protonation,-1,-0.6713,0.1586,-0.1395,-0.3732,-0.7467,True,2
deepseek-v4-pro,10767243,Au(110)_CO2RR,*CO2 → *COOH → *HCOOH → *CHO → *CO → *,False,2,*HCOOH,*CHO,bond_dissociation,0,0.6193,-0.0263,0.2573,0.3357,-0.7467,True,2
deepseek-v4-pro,10767243,Au(110)_CO2RR,*CO2 → *COOH → *HCOOH → *CHO → *CO → *,False,3,*CHO,*CO,desorption,0,-0.1505,-0.1183,0.1665,-0.4353,-0.7467,True,2
deepseek-v4-pro,10767243,Au(110)_CO2RR,*CO2 → *COOH → *HCOOH → *CHO → *CO → *,False,4,*CO,*,desorption,0,0.7533,-0.0552,0.438,0.2601,-0.7467,True,2
deepseek-v4-pro,10767243,Au(110)_CO2RR,*CO2 → *OCHO → *HCOOH → *COOH → *CO → *,True,0,*CO2,*OCHO,protonation,-1,0.1451,0.1486,-0.2318,0.5254,-0.5254,True,3
deepseek-v4-pro,10767243,Au(110)_CO2RR,*CO2 → *OCHO → *HCOOH → *COOH → *CO → *,True,1,*OCHO,*HCOOH,protonation,-1,-0.4485,0.161,-0.1356,-0.1519,-0.5254,True,3
deepseek-v4-pro,10767243,Au(110)_CO2RR,*CO2 → *OCHO → *HCOOH → *COOH → *CO → *,True,2,*HCOOH,*COOH,bond_dissociation,0,0.6713,-0.1586,0.1395,0.3732,-0.5254,True,3
deepseek-v4-pro,10767243,Au(110)_CO2RR,*CO2 → *OCHO → *HCOOH → *COOH → *CO → *,True,3,*COOH,*CO,bond_dissociation,0,-0.2025,0.014,0.2843,-0.4728,-0.5254,True,3
deepseek-v4-pro,10767243,Au(110)_CO2RR,*CO2 → *OCHO → *HCOOH → *COOH → *CO → *,True,4,*CO,*,desorption,0,0.7533,-0.0552,0.438,0.2601,-0.5254,True,3
deepseek-v4-pro,10767243,Au(110)_CO2RR,*CO2 → *OCHO → *HCOOH → *CHO → *CO → *,False,0,*CO2,*OCHO,protonation,-1,0.1451,0.1486,-0.2318,0.5254,-0.5254,True,4
deepseek-v4-pro,10767243,Au(110)_CO2RR,*CO2 → *OCHO → *HCOOH → *CHO → *CO → *,False,1,*OCHO,*HCOOH,protonation,-1,-0.4485,0.161,-0.1356,-0.1519,-0.5254,True,4
deepseek-v4-pro,10767243,Au(110)_CO2RR,*CO2 → *OCHO → *HCOOH → *CHO → *CO → *,False,2,*HCOOH,*CHO,bond_dissociation,0,0.6193,-0.0263,0.2573,0.3357,-0.5254,True,4
deepseek-v4-pro,10767243,Au(110)_CO2RR,*CO2 → *OCHO → *HCOOH → *CHO → *CO → *,False,3,*CHO,*CO,bond_dissociation,0,-0.1505,-0.1183,0.1665,-0.4353,-0.5254,True,4
deepseek-v4-pro,10767243,Au(110)_CO2RR,*CO2 → *OCHO → *HCOOH → *CHO → *CO → *,False,4,*CO,*,desorption,0,0.7533,-0.0552,0.438,0.2601,-0.5254,True,4
deepseek-v4-pro,10767243,Au(110)_CO2RR,*CO2 → *OCHO → *HCOOH → *CHO → *CO → *,False,0,*CO2,*OCHO,protonation,-1,0.1451,0.1486,-0.2318,0.5254,-0.5254,True,5
deepseek-v4-pro,10767243,Au(110)_CO2RR,*CO2 → *OCHO → *HCOOH → *CHO → *CO → *,False,1,*OCHO,*HCOOH,protonation,-1,-0.4485,0.161,-0.1356,-0.1519,-0.5254,True,5
deepseek-v4-pro,10767243,Au(110)_CO2RR,*CO2 → *OCHO → *HCOOH → *CHO → *CO → *,False,2,*HCOOH,*CHO,bond_dissociation,0,0.6193,-0.0263,0.2573,0.3357,-0.5254,True,5
deepseek-v4-pro,10767243,Au(110)_CO2RR,*CO2 → *OCHO → *HCOOH → *CHO → *CO → *,False,3,*CHO,*CO,desorption,0,-0.1505,-0.1183,0.1665,-0.4353,-0.5254,True,5
deepseek-v4-pro,10767243,Au(110)_CO2RR,*CO2 → *OCHO → *HCOOH → *CHO → *CO → *,False,4,*CO,*,desorption,0,0.7533,-0.0552,0.438,0.2601,-0.5254,True,5
deepseek-v4-pro,10767243,Au(110)_CO2RR,*CO2 → *OCHO → *OCO → *COOH → *CO → *,False,0,*CO2,*OCHO,protonation,-1,0.1451,0.1486,-0.2318,0.5254,-0.5254,True,6
deepseek-v4-pro,10767243,Au(110)_CO2RR,*CO2 → *OCHO → *OCO → *COOH → *CO → *,False,1,*OCHO,*OCO,bond_dissociation,0,2.1559,-0.1843,0.1288,1.8428,-0.5254,True,6
deepseek-v4-pro,10767243,Au(110)_CO2RR,*CO2 → *OCHO → *OCO → *COOH → *CO → *,False,2,*OCO,*COOH,protonation,-1,-1.933,0.1867,-0.1249,-1.6215,-0.5254,True,6
deepseek-v4-pro,10767243,Au(110)_CO2RR,*CO2 → *OCHO → *OCO → *COOH → *CO → *,False,3,*COOH,*CO,bond_dissociation,0,-0.2025,0.014,0.2843,-0.4728,-0.5254,True,6
deepseek-v4-pro,10767243,Au(110)_CO2RR,*CO2 → *OCHO → *OCO → *COOH → *CO → *,False,4,*CO,*,desorption,0,0.7533,-0.0552,0.438,0.2601,-0.5254,True,6
deepseek-v4-pro,10767243,Au(111)_ORR,*OO → *OOH → *OOH2 → *OH → *H2O → *,True,0,*OO,*OOH,protonation,-1,-0.9049,0.1546,-0.1895,-0.5608,0.5608,True,0
deepseek-v4-pro,10767243,Au(111)_ORR,*OO → *OOH → *OOH2 → *OH → *H2O → *,True,1,*OOH,*OOH2,protonation,-1,-1.2387,0.1673,-0.1666,-0.9047,0.5608,True,0
deepseek-v4-pro,10767243,Au(111)_ORR,*OO → *OOH → *OOH2 → *OH → *H2O → *,True,2,*OOH2,*OH,reductive_dehydration,-1,-1.9628,0.0563,0.2328,-2.1393,0.5608,True,0
deepseek-v4-pro,10767243,Au(111)_ORR,*OO → *OOH → *OOH2 → *OH → *H2O → *,True,3,*OH,*H2O,protonation,-1,-1.3895,0.1319,-0.1198,-1.1378,0.5608,True,0
deepseek-v4-pro,10767243,Au(111)_ORR,*OO → *OOH → *OOH2 → *OH → *H2O → *,True,4,*H2O,*,desorption,0,0.2779,-0.0385,0.3982,-0.1588,0.5608,True,0
deepseek-v4-pro,10767243,Au(111)_ORR,*OO → *OOH → *O → *OH → *H2O → *,False,0,*OO,*OOH,protonation,-1,-0.9049,0.1546,-0.1895,-0.5608,0.5608,True,1
deepseek-v4-pro,10767243,Au(111)_ORR,*OO → *OOH → *O → *OH → *H2O → *,False,1,*OOH,*O,reductive_dehydration,-1,-1.9439,0.0839,0.2147,-2.0747,0.5608,True,1
deepseek-v4-pro,10767243,Au(111)_ORR,*OO → *OOH → *O → *OH → *H2O → *,False,2,*O,*OH,protonation,-1,-1.2576,0.1397,-0.1486,-0.9692,0.5608,True,1
deepseek-v4-pro,10767243,Au(111)_ORR,*OO → *OOH → *O → *OH → *H2O → *,False,3,*OH,*H2O,protonation,-1,-1.3895,0.1319,-0.1198,-1.1378,0.5608,True,1
deepseek-v4-pro,10767243,Au(111)_ORR,*OO → *OOH → *O → *OH → *H2O → *,False,4,*H2O,*,desorption,0,0.2779,-0.0385,0.3982,-0.1588,0.5608,True,1
deepseek-v4-pro,10767243,Au(111)_ORR,"*OO → *OOH → *O, → *OH → *H2O → *",False,0,*OO,*OOH,protonation,-1,-0.9049,0.1546,-0.1895,-0.5608,0.5608,True,2
deepseek-v4-pro,10767243,Au(111)_ORR,"*OO → *OOH → *O, → *OH → *H2O → *",False,1,*OOH,"*O,",reductive_dehydration,-1,-1.9439,0.0839,0.2147,-2.0747,0.5608,True,2
deepseek-v4-pro,10767243,Au(111)_ORR,"*OO → *OOH → *O, → *OH → *H2O → *",False,2,"*O,",*OH,protonation,-1,-1.2576,0.1397,-0.1486,-0.9692,0.5608,True,2
deepseek-v4-pro,10767243,Au(111)_ORR,"*OO → *OOH → *O, → *OH → *H2O → *",False,3,*OH,*H2O,protonation,-1,-1.3895,0.1319,-0.1198,-1.1378,0.5608,True,2
deepseek-v4-pro,10767243,Au(111)_ORR,"*OO → *OOH → *O, → *OH → *H2O → *",False,4,*H2O,*,desorption,0,0.2779,-0.0385,0.3982,-0.1588,0.5608,True,2
deepseek-v4-pro,10767243,Au(111)_ORR,*OO → *OOH → *OOH2 → *O → *OH → *H2O → *,False,0,*OO,*OOH,protonation,-1,-0.9049,0.1546,-0.1895,-0.5608,0.5608,True,3
deepseek-v4-pro,10767243,Au(111)_ORR,*OO → *OOH → *OOH2 → *O → *OH → *H2O → *,False,1,*OOH,*OOH2,protonation,-1,-1.2387,0.1673,-0.1666,-0.9047,0.5608,True,3
deepseek-v4-pro,10767243,Au(111)_ORR,*OO → *OOH → *OOH2 → *O → *OH → *H2O → *,False,2,*OOH2,*O,bond_dissociation,0,-0.7052,-0.0834,0.3814,-1.17,0.5608,True,3
deepseek-v4-pro,10767243,Au(111)_ORR,*OO → *OOH → *OOH2 → *O → *OH → *H2O → *,False,3,*O,*OH,protonation,-1,-1.2576,0.1397,-0.1486,-0.9692,0.5608,True,3
deepseek-v4-pro,10767243,Au(111)_ORR,*OO → *OOH → *OOH2 → *O → *OH → *H2O → *,False,4,*OH,*H2O,protonation,-1,-1.3895,0.1319,-0.1198,-1.1378,0.5608,True,3
deepseek-v4-pro,10767243,Au(111)_ORR,*OO → *OOH → *OOH2 → *O → *OH → *H2O → *,False,5,*H2O,*,desorption,0,0.2779,-0.0385,0.3982,-0.1588,0.5608,True,3
deepseek-v4-pro,10767243,Pt(111)_ORR,*OO → *OOH → *OOH2 → *OOH3 → *H2O → *,True,0,*OO,*OOH,protonation,-1,-0.6016,0.1566,-0.1383,-0.3066,0.3066,True,0
deepseek-v4-pro,10767243,Pt(111)_ORR,*OO → *OOH → *OOH2 → *OOH3 → *H2O → *,True,1,*OOH,*OOH2,protonation,-1,-0.7254,0.1468,-0.1221,-0.4566,0.3066,True,0
deepseek-v4-pro,10767243,Pt(111)_ORR,*OO → *OOH → *OOH2 → *OOH3 → *H2O → *,True,2,*OOH2,*OOH3,protonation,-1,-3.039,0.1415,-0.2747,-2.6228,0.3066,True,0
deepseek-v4-pro,10767243,Pt(111)_ORR,*OO → *OOH → *OOH2 → *OOH3 → *H2O → *,True,3,*OOH3,*H2O,reductive_dehydration,-1,-0.2645,0.068,0.4001,-0.5966,0.3066,True,0
deepseek-v4-pro,10767243,Pt(111)_ORR,*OO → *OOH → *OOH2 → *OOH3 → *H2O → *,True,4,*H2O,*,desorption,0,0.4129,-0.0632,0.3605,-0.0108,0.3066,True,0
deepseek-v4-pro,10767243,Pt(111)_ORR,*OO → *OOH → *OOH2 → *OH → *H2O → *,False,0,*OO,*OOH,protonation,-1,-0.6016,0.1566,-0.1383,-0.3066,0.3066,True,1
deepseek-v4-pro,10767243,Pt(111)_ORR,*OO → *OOH → *OOH2 → *OH → *H2O → *,False,1,*OOH,*OOH2,protonation,-1,-0.7254,0.1468,-0.1221,-0.4566,0.3066,True,1
deepseek-v4-pro,10767243,Pt(111)_ORR,*OO → *OOH → *OOH2 → *OH → *H2O → *,False,2,*OOH2,*OH,reductive_dehydration,-1,-2.1664,0.071,0.1843,-2.2797,0.3066,True,1
deepseek-v4-pro,10767243,Pt(111)_ORR,*OO → *OOH → *OOH2 → *OH → *H2O → *,False,3,*OH,*H2O,protonation,-1,-1.1371,0.1385,-0.0589,-0.9397,0.3066,True,1
deepseek-v4-pro,10767243,Pt(111)_ORR,*OO → *OOH → *OOH2 → *OH → *H2O → *,False,4,*H2O,*,desorption,0,0.4129,-0.0632,0.3605,-0.0108,0.3066,True,1
deepseek-v4-pro,10767243,Pt(111)_ORR,*OO → *OOH → *O → *OH → *H2O → *,False,0,*OO,*OOH,protonation,-1,-0.6016,0.1566,-0.1383,-0.3066,0.2657,True,2
deepseek-v4-pro,10767243,Pt(111)_ORR,*OO → *OOH → *O → *OH → *H2O → *,False,1,*OOH,*O,reductive_dehydration,-1,-2.3161,0.07,0.2245,-2.4706,0.2657,True,2
deepseek-v4-pro,10767243,Pt(111)_ORR,*OO → *OOH → *O → *OH → *H2O → *,False,2,*O,*OH,protonation,-1,-0.5757,0.1478,-0.1622,-0.2657,0.2657,True,2
deepseek-v4-pro,10767243,Pt(111)_ORR,*OO → *OOH → *O → *OH → *H2O → *,False,3,*OH,*H2O,protonation,-1,-1.1371,0.1385,-0.0589,-0.9397,0.2657,True,2
deepseek-v4-pro,10767243,Pt(111)_ORR,*OO → *OOH → *O → *OH → *H2O → *,False,4,*H2O,*,desorption,0,0.4129,-0.0632,0.3605,-0.0108,0.2657,True,2
deepseek-v4-pro,10767243,Pt(111)_ORR,*OO → *OOH → *OOH2 → *OOH3 → *OH → *H2O → *,False,0,*OO,*OOH,protonation,-1,-0.6016,0.1566,-0.1383,-0.3066,0.3066,True,3
deepseek-v4-pro,10767243,Pt(111)_ORR,*OO → *OOH → *OOH2 → *OOH3 → *OH → *H2O → *,False,1,*OOH,*OOH2,protonation,-1,-0.7254,0.1468,-0.1221,-0.4566,0.3066,True,3
deepseek-v4-pro,10767243,Pt(111)_ORR,*OO → *OOH → *OOH2 → *OOH3 → *OH → *H2O → *,False,2,*OOH2,*OOH3,protonation,-1,-3.039,0.1415,-0.2747,-2.6228,0.3066,True,3
deepseek-v4-pro,10767243,Pt(111)_ORR,*OO → *OOH → *OOH2 → *OOH3 → *OH → *H2O → *,False,3,*OOH3,*OH,bond_dissociation,0,0.8726,-0.0705,0.459,0.3431,0.3066,True,3
deepseek-v4-pro,10767243,Pt(111)_ORR,*OO → *OOH → *OOH2 → *OOH3 → *OH → *H2O → *,False,4,*OH,*H2O,protonation,-1,-1.1371,0.1385,-0.0589,-0.9397,0.3066,True,3
deepseek-v4-pro,10767243,Pt(111)_ORR,*OO → *OOH → *OOH2 → *OOH3 → *OH → *H2O → *,False,5,*H2O,*,desorption,0,0.4129,-0.0632,0.3605,-0.0108,0.3066,True,3
deepseek-v4-pro,10767243,Pt(111)_ORR,*OO → *OOH → *OOH2 → *O → *OH → *H2O → *,False,0,*OO,*OOH,protonation,-1,-0.6016,0.1566,-0.1383,-0.3066,0.2657,True,4
deepseek-v4-pro,10767243,Pt(111)_ORR,*OO → *OOH → *OOH2 → *O → *OH → *H2O → *,False,1,*OOH,*OOH2,protonation,-1,-0.7254,0.1468,-0.1221,-0.4566,0.2657,True,4
deepseek-v4-pro,10767243,Pt(111)_ORR,*OO → *OOH → *OOH2 → *O → *OH → *H2O → *,False,2,*OOH2,*O,bond_dissociation,0,-1.5907,-0.0768,0.3465,-2.014,0.2657,True,4
deepseek-v4-pro,10767243,Pt(111)_ORR,*OO → *OOH → *OOH2 → *O → *OH → *H2O → *,False,3,*O,*OH,protonation,-1,-0.5757,0.1478,-0.1622,-0.2657,0.2657,True,4
deepseek-v4-pro,10767243,Pt(111)_ORR,*OO → *OOH → *OOH2 → *O → *OH → *H2O → *,False,4,*OH,*H2O,protonation,-1,-1.1371,0.1385,-0.0589,-0.9397,0.2657,True,4
deepseek-v4-pro,10767243,Pt(111)_ORR,*OO → *OOH → *OOH2 → *O → *OH → *H2O → *,False,5,*H2O,*,desorption,0,0.4129,-0.0632,0.3605,-0.0108,0.2657,True,4
deepseek-v4-pro,10767247,Au(110)_CO2RR,*CO2 → *COOH → *CO → *,True,0,*CO2,*COOH,protonation,-1,0.3529,0.154,-0.2393,0.7461,-0.7461,True,0
deepseek-v4-pro,10767247,Au(110)_CO2RR,*CO2 → *COOH → *CO → *,True,1,*COOH,*CO,reductive_dehydration,-1,-0.1867,0.0113,0.2903,-0.4657,-0.7461,True,0
deepseek-v4-pro,10767247,Au(110)_CO2RR,*CO2 → *COOH → *CO → *,True,2,*CO,*,desorption,0,0.7528,-0.0555,0.4406,0.2567,-0.7461,True,0
deepseek-v4-pro,10767247,Au(111)_ORR,*OO → *OOH → *OOH2 → *O2H3 → *OH → *H2O → *,False,0,*OO,*OOH,protonation,-1,-0.9049,0.1546,-0.1892,-0.5612,-4.4143,True,0
deepseek-v4-pro,10767247,Au(111)_ORR,*OO → *OOH → *OOH2 → *O2H3 → *OH → *H2O → *,False,1,*OOH,*OOH2,protonation,-1,-1.2387,0.1673,-0.1666,-0.9047,-4.4143,True,0
deepseek-v4-pro,10767247,Au(111)_ORR,*OO → *OOH → *OOH2 → *O2H3 → *OH → *H2O → *,False,2,*OOH2,*O2H3,protonation,-1,0.0525,4.0544,-0.3073,4.4143,-4.4143,True,0
deepseek-v4-pro,10767247,Au(111)_ORR,*OO → *OOH → *OOH2 → *O2H3 → *OH → *H2O → *,False,3,*O2H3,*OH,bond_dissociation,0,-2.0153,-3.9981,0.5401,-6.5535,-4.4143,True,0
deepseek-v4-pro,10767247,Au(111)_ORR,*OO → *OOH → *OOH2 → *O2H3 → *OH → *H2O → *,False,4,*OH,*H2O,protonation,-1,-1.3895,0.1324,-0.1219,-1.1352,-4.4143,True,0
deepseek-v4-pro,10767247,Au(111)_ORR,*OO → *OOH → *OOH2 → *O2H3 → *OH → *H2O → *,False,5,*H2O,*,desorption,0,0.2779,-0.039,0.4003,-0.1614,-4.4143,True,0
deepseek-v4-pro,10767247,Au(111)_ORR,*OO → *OOH → *OOH2 → *O2H3 → *OH → *H2O → *,False,0,*OO,*OOH,protonation,-1,-0.9049,0.1546,-0.1892,-0.5612,-4.4143,True,1
deepseek-v4-pro,10767247,Au(111)_ORR,*OO → *OOH → *OOH2 → *O2H3 → *OH → *H2O → *,False,1,*OOH,*OOH2,protonation,-1,-1.2387,0.1673,-0.1666,-0.9047,-4.4143,True,1
deepseek-v4-pro,10767247,Au(111)_ORR,*OO → *OOH → *OOH2 → *O2H3 → *OH → *H2O → *,False,2,*OOH2,*O2H3,protonation,-1,0.0525,4.0544,-0.3073,4.4143,-4.4143,True,1
deepseek-v4-pro,10767247,Au(111)_ORR,*OO → *OOH → *OOH2 → *O2H3 → *OH → *H2O → *,False,3,*O2H3,*OH,desorption,0,-2.0153,-3.9981,0.5401,-6.5535,-4.4143,True,1
deepseek-v4-pro,10767247,Au(111)_ORR,*OO → *OOH → *OOH2 → *O2H3 → *OH → *H2O → *,False,4,*OH,*H2O,protonation,-1,-1.3895,0.1324,-0.1219,-1.1352,-4.4143,True,1
deepseek-v4-pro,10767247,Au(111)_ORR,*OO → *OOH → *OOH2 → *O2H3 → *OH → *H2O → *,False,5,*H2O,*,desorption,0,0.2779,-0.039,0.4003,-0.1614,-4.4143,True,1
deepseek-v4-pro,10767247,Au(111)_ORR,*OO → *OOH → *OOH2 → *O → *OH → *H2O → *,True,0,*OO,*OOH,protonation,-1,-0.9049,0.1546,-0.1892,-0.5612,0.5612,True,2
deepseek-v4-pro,10767247,Au(111)_ORR,*OO → *OOH → *OOH2 → *O → *OH → *H2O → *,True,1,*OOH,*OOH2,protonation,-1,-1.2387,0.1673,-0.1666,-0.9047,0.5612,True,2
deepseek-v4-pro,10767247,Au(111)_ORR,*OO → *OOH → *OOH2 → *O → *OH → *H2O → *,True,2,*OOH2,*O,bond_dissociation,0,-0.7052,-0.0834,0.3814,-1.17,0.5612,True,2
deepseek-v4-pro,10767247,Au(111)_ORR,*OO → *OOH → *OOH2 → *O → *OH → *H2O → *,True,3,*O,*OH,protonation,-1,-1.2576,0.1398,-0.1487,-0.9692,0.5612,True,2
deepseek-v4-pro,10767247,Au(111)_ORR,*OO → *OOH → *OOH2 → *O → *OH → *H2O → *,True,4,*OH,*H2O,protonation,-1,-1.3895,0.1324,-0.1219,-1.1352,0.5612,True,2
deepseek-v4-pro,10767247,Au(111)_ORR,*OO → *OOH → *OOH2 → *O → *OH → *H2O → *,True,5,*H2O,*,desorption,0,0.2779,-0.039,0.4003,-0.1614,0.5612,True,2
deepseek-v4-pro,10767247,Pt(111)_ORR,*OO → *OOH → *OOH2 → *OH → *H2O → *,True,0,*OO,*OOH,protonation,-1,-0.601,0.1558,-0.1354,-0.3097,0.3097,True,0
deepseek-v4-pro,10767247,Pt(111)_ORR,*OO → *OOH → *OOH2 → *OH → *H2O → *,True,1,*OOH,*OOH2,protonation,-1,-0.726,0.1476,-0.125,-0.4535,0.3097,True,0
deepseek-v4-pro,10767247,Pt(111)_ORR,*OO → *OOH → *OOH2 → *OH → *H2O → *,True,2,*OOH2,*OH,reductive_dehydration,-1,-2.1664,0.071,0.1843,-2.2797,0.3097,True,0
deepseek-v4-pro,10767247,Pt(111)_ORR,*OO → *OOH → *OOH2 → *OH → *H2O → *,True,3,*OH,*H2O,protonation,-1,-1.1379,0.1395,-0.0692,-0.9292,0.3097,True,0
deepseek-v4-pro,10767247,Pt(111)_ORR,*OO → *OOH → *OOH2 → *OH → *H2O → *,True,4,*H2O,*,desorption,0,0.4136,-0.0643,0.3708,-0.0214,0.3097,True,0
deepseek-v4-pro,10767247,Pt(111)_ORR,*OO → *OOH → *O → *OH → *H2O → *,False,0,*OO,*OOH,protonation,-1,-0.601,0.1558,-0.1354,-0.3097,0.2657,True,1
deepseek-v4-pro,10767247,Pt(111)_ORR,*OO → *OOH → *O → *OH → *H2O → *,False,1,*OOH,*O,reductive_dehydration,-1,-2.3167,0.0708,0.2216,-2.4675,0.2657,True,1
deepseek-v4-pro,10767247,Pt(111)_ORR,*OO → *OOH → *O → *OH → *H2O → *,False,2,*O,*OH,protonation,-1,-0.5757,0.1478,-0.1622,-0.2657,0.2657,True,1
deepseek-v4-pro,10767247,Pt(111)_ORR,*OO → *OOH → *O → *OH → *H2O → *,False,3,*OH,*H2O,protonation,-1,-1.1379,0.1395,-0.0692,-0.9292,0.2657,True,1
deepseek-v4-pro,10767247,Pt(111)_ORR,*OO → *OOH → *O → *OH → *H2O → *,False,4,*H2O,*,desorption,0,0.4136,-0.0643,0.3708,-0.0214,0.2657,True,1
deepseek-v4-pro,10767247,Pt(111)_ORR,*OO → *OOH → *OOH2 → *O → *OH → *H2O → *,False,0,*OO,*OOH,protonation,-1,-0.601,0.1558,-0.1354,-0.3097,0.2657,True,2
deepseek-v4-pro,10767247,Pt(111)_ORR,*OO → *OOH → *OOH2 → *O → *OH → *H2O → *,False,1,*OOH,*OOH2,protonation,-1,-0.726,0.1476,-0.125,-0.4535,0.2657,True,2
deepseek-v4-pro,10767247,Pt(111)_ORR,*OO → *OOH → *OOH2 → *O → *OH → *H2O → *,False,2,*OOH2,*O,bond_dissociation,0,-1.5907,-0.0768,0.3465,-2.014,0.2657,True,2
deepseek-v4-pro,10767247,Pt(111)_ORR,*OO → *OOH → *OOH2 → *O → *OH → *H2O → *,False,3,*O,*OH,protonation,-1,-0.5757,0.1478,-0.1622,-0.2657,0.2657,True,2
deepseek-v4-pro,10767247,Pt(111)_ORR,*OO → *OOH → *OOH2 → *O → *OH → *H2O → *,False,4,*OH,*H2O,protonation,-1,-1.1379,0.1395,-0.0692,-0.9292,0.2657,True,2
deepseek-v4-pro,10767247,Pt(111)_ORR,*OO → *OOH → *OOH2 → *O → *OH → *H2O → *,False,5,*H2O,*,desorption,0,0.4136,-0.0643,0.3708,-0.0214,0.2657,True,2
deepseek-v4-pro,10767248,Au(110)_CO2RR,*CO2 → *COOH → *CO → *,True,0,*CO2,*COOH,protonation,-1,0.3526,0.154,-0.2367,0.7433,-0.7433,True,0
deepseek-v4-pro,10767248,Au(110)_CO2RR,*CO2 → *COOH → *CO → *,True,1,*COOH,*CO,reductive_dehydration,-1,-0.1866,0.0112,0.2914,-0.4667,-0.7433,True,0
deepseek-v4-pro,10767248,Au(110)_CO2RR,*CO2 → *COOH → *CO → *,True,2,*CO,*,product_desorption,0,0.7528,-0.0555,0.4405,0.2568,-0.7433,True,0
deepseek-v4-pro,10767248,Au(111)_ORR,*OO → *OOH → *OOH2 → *OOH3 → *H2O → *,True,0,*OO,*OOH,protonation,-1,-0.9049,0.1546,-0.1896,-0.5607,0.5607,True,0
deepseek-v4-pro,10767248,Au(111)_ORR,*OO → *OOH → *OOH2 → *OOH3 → *H2O → *,True,1,*OOH,*OOH2,protonation,-1,-1.2387,0.1673,-0.1667,-0.9046,0.5607,True,0
deepseek-v4-pro,10767248,Au(111)_ORR,*OO → *OOH → *OOH2 → *OOH3 → *H2O → *,True,2,*OOH2,*OOH3,protonation,-1,-2.4925,0.1349,-0.1879,-2.1697,0.5607,True,0
deepseek-v4-pro,10767248,Au(111)_ORR,*OO → *OOH → *OOH2 → *OOH3 → *H2O → *,True,3,*OOH3,*H2O,reductive_dehydration,-1,-0.8598,0.0538,0.2987,-1.1047,0.5607,True,0
deepseek-v4-pro,10767248,Au(111)_ORR,*OO → *OOH → *OOH2 → *OOH3 → *H2O → *,True,4,*H2O,*,desorption,0,0.2779,-0.039,0.4003,-0.1614,0.5607,True,0
deepseek-v4-pro,10767248,Au(111)_ORR,*OO → *OOH → *OOH2 → *OH → *H2O → *,False,0,*OO,*OOH,protonation,-1,-0.9049,0.1546,-0.1896,-0.5607,0.5607,True,1
deepseek-v4-pro,10767248,Au(111)_ORR,*OO → *OOH → *OOH2 → *OH → *H2O → *,False,1,*OOH,*OOH2,protonation,-1,-1.2387,0.1673,-0.1667,-0.9046,0.5607,True,1
deepseek-v4-pro,10767248,Au(111)_ORR,*OO → *OOH → *OOH2 → *OH → *H2O → *,False,2,*OOH2,*OH,reductive_dehydration,-1,-1.9628,0.0563,0.2327,-2.1392,0.5607,True,1
deepseek-v4-pro,10767248,Au(111)_ORR,*OO → *OOH → *OOH2 → *OH → *H2O → *,False,3,*OH,*H2O,protonation,-1,-1.3895,0.1324,-0.1219,-1.1352,0.5607,True,1
deepseek-v4-pro,10767248,Au(111)_ORR,*OO → *OOH → *OOH2 → *OH → *H2O → *,False,4,*H2O,*,desorption,0,0.2779,-0.039,0.4003,-0.1614,0.5607,True,1
deepseek-v4-pro,10767248,Au(111)_ORR,*OO → *OOH → *O → *OH → *H2O → *,False,0,*OO,*OOH,protonation,-1,-0.9049,0.1546,-0.1896,-0.5607,0.5607,True,2
deepseek-v4-pro,10767248,Au(111)_ORR,*OO → *OOH → *O → *OH → *H2O → *,False,1,*OOH,*O,reductive_dehydration,-1,-1.9439,0.0839,0.2147,-2.0746,0.5607,True,2
deepseek-v4-pro,10767248,Au(111)_ORR,*OO → *OOH → *O → *OH → *H2O → *,False,2,*O,*OH,protonation,-1,-1.2576,0.1398,-0.1487,-0.9692,0.5607,True,2
deepseek-v4-pro,10767248,Au(111)_ORR,*OO → *OOH → *O → *OH → *H2O → *,False,3,*OH,*H2O,protonation,-1,-1.3895,0.1324,-0.1219,-1.1352,0.5607,True,2
deepseek-v4-pro,10767248,Au(111)_ORR,*OO → *OOH → *O → *OH → *H2O → *,False,4,*H2O,*,desorption,0,0.2779,-0.039,0.4003,-0.1614,0.5607,True,2
deepseek-v4-pro,10767248,Au(111)_ORR,*OO → *OOH → *OOH2 → *OOH3 → *OH → *H2O → *,False,0,*OO,*OOH,protonation,-1,-0.9049,0.1546,-0.1896,-0.5607,0.5607,True,3
deepseek-v4-pro,10767248,Au(111)_ORR,*OO → *OOH → *OOH2 → *OOH3 → *OH → *H2O → *,False,1,*OOH,*OOH2,protonation,-1,-1.2387,0.1673,-0.1667,-0.9046,0.5607,True,3
deepseek-v4-pro,10767248,Au(111)_ORR,*OO → *OOH → *OOH2 → *OOH3 → *OH → *H2O → *,False,2,*OOH2,*OOH3,protonation,-1,-2.4925,0.1349,-0.1879,-2.1697,0.5607,True,3
deepseek-v4-pro,10767248,Au(111)_ORR,*OO → *OOH → *OOH2 → *OOH3 → *OH → *H2O → *,False,3,*OOH3,*OH,bond_dissociation,0,0.5297,-0.0786,0.4206,0.0305,0.5607,True,3
deepseek-v4-pro,10767248,Au(111)_ORR,*OO → *OOH → *OOH2 → *OOH3 → *OH → *H2O → *,False,4,*OH,*H2O,protonation,-1,-1.3895,0.1324,-0.1219,-1.1352,0.5607,True,3
deepseek-v4-pro,10767248,Au(111)_ORR,*OO → *OOH → *OOH2 → *OOH3 → *OH → *H2O → *,False,5,*H2O,*,desorption,0,0.2779,-0.039,0.4003,-0.1614,0.5607,True,3
deepseek-v4-pro,10767248,Au(111)_ORR,*OO → *OOH → *OOH2 → *O → *OH → *H2O → *,False,0,*OO,*OOH,protonation,-1,-0.9049,0.1546,-0.1896,-0.5607,0.5607,True,4
deepseek-v4-pro,10767248,Au(111)_ORR,*OO → *OOH → *OOH2 → *O → *OH → *H2O → *,False,1,*OOH,*OOH2,protonation,-1,-1.2387,0.1673,-0.1667,-0.9046,0.5607,True,4
deepseek-v4-pro,10767248,Au(111)_ORR,*OO → *OOH → *OOH2 → *O → *OH → *H2O → *,False,2,*OOH2,*O,bond_dissociation,0,-0.7052,-0.0835,0.3814,-1.17,0.5607,True,4
deepseek-v4-pro,10767248,Au(111)_ORR,*OO → *OOH → *OOH2 → *O → *OH → *H2O → *,False,3,*O,*OH,protonation,-1,-1.2576,0.1398,-0.1487,-0.9692,0.5607,True,4
deepseek-v4-pro,10767248,Au(111)_ORR,*OO → *OOH → *OOH2 → *O → *OH → *H2O → *,False,4,*OH,*H2O,protonation,-1,-1.3895,0.1324,-0.1219,-1.1352,0.5607,True,4
deepseek-v4-pro,10767248,Au(111)_ORR,*OO → *OOH → *OOH2 → *O → *OH → *H2O → *,False,5,*H2O,*,desorption,0,0.2779,-0.039,0.4003,-0.1614,0.5607,True,4
deepseek-v4-pro,10767248,Pt(111)_ORR,*OO → *OOH → *OOH2 → *O → *OH → *H2O → *,True,0,*OO,*OOH,protonation,-1,-0.6007,0.1555,-0.1353,-0.3099,0.2657,True,0
deepseek-v4-pro,10767248,Pt(111)_ORR,*OO → *OOH → *OOH2 → *O → *OH → *H2O → *,True,1,*OOH,*OOH2,protonation,-1,-0.7263,0.1478,-0.1251,-0.4533,0.2657,True,0
deepseek-v4-pro,10767248,Pt(111)_ORR,*OO → *OOH → *OOH2 → *O → *OH → *H2O → *,True,2,*OOH2,*O,bond_dissociation,0,-1.5907,-0.0768,0.3465,-2.014,0.2657,True,0
deepseek-v4-pro,10767248,Pt(111)_ORR,*OO → *OOH → *OOH2 → *O → *OH → *H2O → *,True,3,*O,*OH,protonation,-1,-0.5757,0.1478,-0.1622,-0.2657,0.2657,True,0
deepseek-v4-pro,10767248,Pt(111)_ORR,*OO → *OOH → *OOH2 → *O → *OH → *H2O → *,True,4,*OH,*H2O,protonation,-1,-1.1379,0.1394,-0.0679,-0.9306,0.2657,True,0
deepseek-v4-pro,10767248,Pt(111)_ORR,*OO → *OOH → *OOH2 → *O → *OH → *H2O → *,True,5,*H2O,*,desorption,0,0.4136,-0.0641,0.3695,-0.0199,0.2657,True,0
deepseek-v3.2,10770853,Pt(111)_HER,* → *H → *H2 → *,True,0,*,*H,protonation,-1,-0.4332,0.047,-0.1726,-0.2137,0.1458,True,0
deepseek-v3.2,10770853,Pt(111)_HER,* → *H → *H2 → *,True,1,*H,*H2,protonation,-1,-0.3271,-0.01,-0.1912,-0.1458,0.1458,True,0
deepseek-v3.2,10770853,Pt(111)_HER,* → *H → *H2 → *,True,2,*H2,*,product_desorption,0,0.7603,-0.037,0.3638,0.3595,0.1458,True,0
deepseek-v3.2,10770853,Au(110)_CO2RR,*CO2 → *COOH → *CO → *,False,0,*CO2,*COOH,protonation,-1,0.3296,0.1538,-0.2702,0.7536,-0.7536,True,0
deepseek-v3.2,10770853,Au(110)_CO2RR,*CO2 → *COOH → *CO → *,False,1,*COOH,*CO,reductive_dehydration,-1,-0.1642,0.0111,0.3274,-0.4804,-0.7536,True,0
deepseek-v3.2,10770853,Au(110)_CO2RR,*CO2 → *COOH → *CO → *,False,2,*CO,*,desorption,0,0.7533,-0.0552,0.438,0.26,-0.7536,True,0
deepseek-v3.2,10770853,Au(110)_CO2RR,*CO2 → *OCHO → *HCOOH → *CO → *,True,0,*CO2,*OCHO,protonation,-1,0.1437,0.1487,-0.232,0.5245,-0.5245,True,1
deepseek-v3.2,10770853,Au(110)_CO2RR,*CO2 → *OCHO → *HCOOH → *CO → *,True,1,*OCHO,*HCOOH,protonation,-1,-0.4397,0.1599,-0.1299,-0.15,-0.5245,True,1
deepseek-v3.2,10770853,Au(110)_CO2RR,*CO2 → *OCHO → *HCOOH → *CO → *,True,2,*HCOOH,*CO,bond_dissociation,0,0.4614,-0.1436,0.4191,-0.1013,-0.5245,True,1
deepseek-v3.2,10770853,Au(110)_CO2RR,*CO2 → *OCHO → *HCOOH → *CO → *,True,3,*CO,*,desorption,0,0.7533,-0.0552,0.438,0.26,-0.5245,True,1
deepseek-v3.2,10770853,Au(110)_CO2RR,*CO2 → *OCHO → *CHO → *CO → *,False,0,*CO2,*OCHO,protonation,-1,0.1437,0.1487,-0.232,0.5245,-999.0,False,2
deepseek-v3.2,10770853,Au(110)_CO2RR,*CO2 → *OCHO → *CHO → *CO → *,False,1,*OCHO,*CHO,bond_dissociation,0,0.1721,0.1346,0.1221,0.1847,-999.0,False,2
deepseek-v3.2,10770853,Au(110)_CO2RR,*CO2 → *OCHO → *CHO → *CO → *,False,2,*CHO,*CO,deprotonation,1,-0.1504,-0.1184,0.1671,-0.4359,-999.0,False,2
deepseek-v3.2,10770853,Au(110)_CO2RR,*CO2 → *OCHO → *CHO → *CO → *,False,3,*CO,*,desorption,0,0.7533,-0.0552,0.438,0.26,-999.0,False,2
deepseek-v3.2,10770853,Au(110)_CO2RR,*CO2 → *OCHO → *HCOOH → *CHO → *CO → *,False,0,*CO2,*OCHO,protonation,-1,0.1437,0.1487,-0.232,0.5245,-0.5245,True,3
deepseek-v3.2,10770853,Au(110)_CO2RR,*CO2 → *OCHO → *HCOOH → *CHO → *CO → *,False,1,*OCHO,*HCOOH,protonation,-1,-0.4397,0.1599,-0.1299,-0.15,-0.5245,True,3
deepseek-v3.2,10770853,Au(110)_CO2RR,*CO2 → *OCHO → *HCOOH → *CHO → *CO → *,False,2,*HCOOH,*CHO,dehydroxylation,0,0.6118,-0.0252,0.252,0.3346,-0.5245,True,3
deepseek-v3.2,10770853,Au(110)_CO2RR,*CO2 → *OCHO → *HCOOH → *CHO → *CO → *,False,3,*CHO,*CO,bond_dissociation,0,-0.1504,-0.1184,0.1671,-0.4359,-0.5245,True,3
deepseek-v3.2,10770853,Au(110)_CO2RR,*CO2 → *OCHO → *HCOOH → *CHO → *CO → *,False,4,*CO,*,desorption,0,0.7533,-0.0552,0.438,0.26,-0.5245,True,3
deepseek-v3.2,10770853,Au(110)_CO2RR,*CO2 → *OCHO → *HCOOH → *CHO → *CO → *,False,0,*CO2,*OCHO,protonation,-1,0.1437,0.1487,-0.232,0.5245,-0.5245,True,4
deepseek-v3.2,10770853,Au(110)_CO2RR,*CO2 → *OCHO → *HCOOH → *CHO → *CO → *,False,1,*OCHO,*HCOOH,protonation,-1,-0.4397,0.1599,-0.1299,-0.15,-0.5245,True,4
deepseek-v3.2,10770853,Au(110)_CO2RR,*CO2 → *OCHO → *HCOOH → *CHO → *CO → *,False,2,*HCOOH,*CHO,bond_dissociation,0,0.6118,-0.0252,0.252,0.3346,-0.5245,True,4
deepseek-v3.2,10770853,Au(110)_CO2RR,*CO2 → *OCHO → *HCOOH → *CHO → *CO → *,False,3,*CHO,*CO,bond_dissociation,0,-0.1504,-0.1184,0.1671,-0.4359,-0.5245,True,4
deepseek-v3.2,10770853,Au(110)_CO2RR,*CO2 → *OCHO → *HCOOH → *CHO → *CO → *,False,4,*CO,*,desorption,0,0.7533,-0.0552,0.438,0.26,-0.5245,True,4
deepseek-v3.2,10770853,Au(110)_CO2RR,*CO2 → *OCHO → *HCOOH → *COOH → *CO → *,False,0,*CO2,*OCHO,protonation,-1,0.1437,0.1487,-0.232,0.5245,-0.5245,True,5
deepseek-v3.2,10770853,Au(110)_CO2RR,*CO2 → *OCHO → *HCOOH → *COOH → *CO → *,False,1,*OCHO,*HCOOH,protonation,-1,-0.4397,0.1599,-0.1299,-0.15,-0.5245,True,5
deepseek-v3.2,10770853,Au(110)_CO2RR,*CO2 → *OCHO → *HCOOH → *COOH → *CO → *,False,2,*HCOOH,*COOH,bond_dissociation,0,0.6256,-0.1548,0.0917,0.3791,-0.5245,True,5
deepseek-v3.2,10770853,Au(110)_CO2RR,*CO2 → *OCHO → *HCOOH → *COOH → *CO → *,False,3,*COOH,*CO,dehydroxylation,0,-0.1642,0.0111,0.3274,-0.4804,-0.5245,True,5
deepseek-v3.2,10770853,Au(110)_CO2RR,*CO2 → *OCHO → *HCOOH → *COOH → *CO → *,False,4,*CO,*,desorption,0,0.7533,-0.0552,0.438,0.26,-0.5245,True,5
deepseek-v3.2,10770853,Au(110)_CO2RR,*CO2 → *OCHO → *HCOOH → *COOH → *CO → *,False,0,*CO2,*OCHO,protonation,-1,0.1437,0.1487,-0.232,0.5245,-0.5245,True,6
deepseek-v3.2,10770853,Au(110)_CO2RR,*CO2 → *OCHO → *HCOOH → *COOH → *CO → *,False,1,*OCHO,*HCOOH,protonation,-1,-0.4397,0.1599,-0.1299,-0.15,-0.5245,True,6
deepseek-v3.2,10770853,Au(110)_CO2RR,*CO2 → *OCHO → *HCOOH → *COOH → *CO → *,False,2,*HCOOH,*COOH,bond_dissociation,0,0.6256,-0.1548,0.0917,0.3791,-0.5245,True,6
deepseek-v3.2,10770853,Au(110)_CO2RR,*CO2 → *OCHO → *HCOOH → *COOH → *CO → *,False,3,*COOH,*CO,bond_dissociation,0,-0.1642,0.0111,0.3274,-0.4804,-0.5245,True,6
deepseek-v3.2,10770853,Au(110)_CO2RR,*CO2 → *OCHO → *HCOOH → *COOH → *CO → *,False,4,*CO,*,desorption,0,0.7533,-0.0552,0.438,0.26,-0.5245,True,6
deepseek-v3.2,10770853,Au(110)_CO2RR,*CO2 → *OCHO → *OCH2O → *CHO → *CO → *,False,0,*CO2,*OCHO,protonation,-1,0.1437,0.1487,-0.232,0.5245,-0.5245,True,7
deepseek-v3.2,10770853,Au(110)_CO2RR,*CO2 → *OCHO → *OCH2O → *CHO → *CO → *,False,1,*OCHO,*OCH2O,protonation,-1,-0.4398,0.1599,-0.1297,-0.1503,-0.5245,True,7
deepseek-v3.2,10770853,Au(110)_CO2RR,*CO2 → *OCHO → *OCH2O → *CHO → *CO → *,False,2,*OCH2O,*CHO,bond_dissociation,0,0.6119,-0.0252,0.2518,0.3349,-0.5245,True,7
deepseek-v3.2,10770853,Au(110)_CO2RR,*CO2 → *OCHO → *OCH2O → *CHO → *CO → *,False,3,*CHO,*CO,bond_dissociation,0,-0.1504,-0.1184,0.1671,-0.4359,-0.5245,True,7
deepseek-v3.2,10770853,Au(110)_CO2RR,*CO2 → *OCHO → *OCH2O → *CHO → *CO → *,False,4,*CO,*,desorption,0,0.7533,-0.0552,0.438,0.26,-0.5245,True,7
deepseek-v3.2,10770853,Au(110)_CO2RR,*CO2 → *OCHO → *OCH2O → *CHO → *CO → *,False,0,*CO2,*OCHO,protonation,-1,0.1437,0.1487,-0.232,0.5245,-0.5245,True,8
deepseek-v3.2,10770853,Au(110)_CO2RR,*CO2 → *OCHO → *OCH2O → *CHO → *CO → *,False,1,*OCHO,*OCH2O,protonation,-1,-0.4398,0.1599,-0.1297,-0.1503,-0.5245,True,8
deepseek-v3.2,10770853,Au(110)_CO2RR,*CO2 → *OCHO → *OCH2O → *CHO → *CO → *,False,2,*OCH2O,*CHO,dehydroxylation,0,0.6119,-0.0252,0.2518,0.3349,-0.5245,True,8
deepseek-v3.2,10770853,Au(110)_CO2RR,*CO2 → *OCHO → *OCH2O → *CHO → *CO → *,False,3,*CHO,*CO,bond_dissociation,0,-0.1504,-0.1184,0.1671,-0.4359,-0.5245,True,8
deepseek-v3.2,10770853,Au(110)_CO2RR,*CO2 → *OCHO → *OCH2O → *CHO → *CO → *,False,4,*CO,*,desorption,0,0.7533,-0.0552,0.438,0.26,-0.5245,True,8
deepseek-v3.2,10770853,Au(110)_CO2RR,*CO2 → *OCHO → *OCH2O → *HCOOH → *CO → *,False,0,*CO2,*OCHO,protonation,-1,0.1437,0.1487,-0.232,0.5245,-0.5245,True,9
deepseek-v3.2,10770853,Au(110)_CO2RR,*CO2 → *OCHO → *OCH2O → *HCOOH → *CO → *,False,1,*OCHO,*OCH2O,protonation,-1,-0.4398,0.1599,-0.1297,-0.1503,-0.5245,True,9
deepseek-v3.2,10770853,Au(110)_CO2RR,*CO2 → *OCHO → *OCH2O → *HCOOH → *CO → *,False,2,*OCH2O,*HCOOH,bond_dissociation,0,0.0001,-0.0,-0.0002,0.0003,-0.5245,True,9
deepseek-v3.2,10770853,Au(110)_CO2RR,*CO2 → *OCHO → *OCH2O → *HCOOH → *CO → *,False,3,*HCOOH,*CO,bond_dissociation,0,0.4614,-0.1436,0.4191,-0.1013,-0.5245,True,9
deepseek-v3.2,10770853,Au(110)_CO2RR,*CO2 → *OCHO → *OCH2O → *HCOOH → *CO → *,False,4,*CO,*,desorption,0,0.7533,-0.0552,0.438,0.26,-0.5245,True,9
deepseek-v3.2,10770853,Au(110)_CO2RR,*CO2 → *OCHO → *OCH2O → *HCOOH → *CHO → *CO → *,False,0,*CO2,*OCHO,protonation,-1,0.1437,0.1487,-0.232,0.5245,-0.5245,True,10
deepseek-v3.2,10770853,Au(110)_CO2RR,*CO2 → *OCHO → *OCH2O → *HCOOH → *CHO → *CO → *,False,1,*OCHO,*OCH2O,protonation,-1,-0.4398,0.1599,-0.1297,-0.1503,-0.5245,True,10
deepseek-v3.2,10770853,Au(110)_CO2RR,*CO2 → *OCHO → *OCH2O → *HCOOH → *CHO → *CO → *,False,2,*OCH2O,*HCOOH,bond_dissociation,0,0.0001,-0.0,-0.0002,0.0003,-0.5245,True,10
deepseek-v3.2,10770853,Au(110)_CO2RR,*CO2 → *OCHO → *OCH2O → *HCOOH → *CHO → *CO → *,False,3,*HCOOH,*CHO,dehydroxylation,0,0.6118,-0.0252,0.252,0.3346,-0.5245,True,10
deepseek-v3.2,10770853,Au(110)_CO2RR,*CO2 → *OCHO → *OCH2O → *HCOOH → *CHO → *CO → *,False,4,*CHO,*CO,bond_dissociation,0,-0.1504,-0.1184,0.1671,-0.4359,-0.5245,True,10
deepseek-v3.2,10770853,Au(110)_CO2RR,*CO2 → *OCHO → *OCH2O → *HCOOH → *CHO → *CO → *,False,5,*CO,*,desorption,0,0.7533,-0.0552,0.438,0.26,-0.5245,True,10
deepseek-v3.2,10770853,Au(110)_CO2RR,*CO2 → *OCHO → *OCH2O → *HCOOH → *CHO → *CO → *,False,0,*CO2,*OCHO,protonation,-1,0.1437,0.1487,-0.232,0.5245,-0.5245,True,11
deepseek-v3.2,10770853,Au(110)_CO2RR,*CO2 → *OCHO → *OCH2O → *HCOOH → *CHO → *CO → *,False,1,*OCHO,*OCH2O,protonation,-1,-0.4398,0.1599,-0.1297,-0.1503,-0.5245,True,11
deepseek-v3.2,10770853,Au(110)_CO2RR,*CO2 → *OCHO → *OCH2O → *HCOOH → *CHO → *CO → *,False,2,*OCH2O,*HCOOH,bond_dissociation,0,0.0001,-0.0,-0.0002,0.0003,-0.5245,True,11
deepseek-v3.2,10770853,Au(110)_CO2RR,*CO2 → *OCHO → *OCH2O → *HCOOH → *CHO → *CO → *,False,3,*HCOOH,*CHO,bond_dissociation,0,0.6118,-0.0252,0.252,0.3346,-0.5245,True,11
deepseek-v3.2,10770853,Au(110)_CO2RR,*CO2 → *OCHO → *OCH2O → *HCOOH → *CHO → *CO → *,False,4,*CHO,*CO,bond_dissociation,0,-0.1504,-0.1184,0.1671,-0.4359,-0.5245,True,11
deepseek-v3.2,10770853,Au(110)_CO2RR,*CO2 → *OCHO → *OCH2O → *HCOOH → *CHO → *CO → *,False,5,*CO,*,desorption,0,0.7533,-0.0552,0.438,0.26,-0.5245,True,11
deepseek-v3.2,10770853,Au(110)_CO2RR,*CO2 → *OCHO → *OCH2O → *HCOOH → *COOH → *CO → *,False,0,*CO2,*OCHO,protonation,-1,0.1437,0.1487,-0.232,0.5245,-0.5245,True,12
deepseek-v3.2,10770853,Au(110)_CO2RR,*CO2 → *OCHO → *OCH2O → *HCOOH → *COOH → *CO → *,False,1,*OCHO,*OCH2O,protonation,-1,-0.4398,0.1599,-0.1297,-0.1503,-0.5245,True,12
deepseek-v3.2,10770853,Au(110)_CO2RR,*CO2 → *OCHO → *OCH2O → *HCOOH → *COOH → *CO → *,False,2,*OCH2O,*HCOOH,bond_dissociation,0,0.0001,-0.0,-0.0002,0.0003,-0.5245,True,12
deepseek-v3.2,10770853,Au(110)_CO2RR,*CO2 → *OCHO → *OCH2O → *HCOOH → *COOH → *CO → *,False,3,*HCOOH,*COOH,bond_dissociation,0,0.6256,-0.1548,0.0917,0.3791,-0.5245,True,12
deepseek-v3.2,10770853,Au(110)_CO2RR,*CO2 → *OCHO → *OCH2O → *HCOOH → *COOH → *CO → *,False,4,*COOH,*CO,dehydroxylation,0,-0.1642,0.0111,0.3274,-0.4804,-0.5245,True,12
deepseek-v3.2,10770853,Au(110)_CO2RR,*CO2 → *OCHO → *OCH2O → *HCOOH → *COOH → *CO → *,False,5,*CO,*,desorption,0,0.7533,-0.0552,0.438,0.26,-0.5245,True,12
deepseek-v3.2,10770853,Au(110)_CO2RR,*CO2 → *OCHO → *OCH2O → *HCOOH → *COOH → *CO → *,False,0,*CO2,*OCHO,protonation,-1,0.1437,0.1487,-0.232,0.5245,-0.5245,True,13
deepseek-v3.2,10770853,Au(110)_CO2RR,*CO2 → *OCHO → *OCH2O → *HCOOH → *COOH → *CO → *,False,1,*OCHO,*OCH2O,protonation,-1,-0.4398,0.1599,-0.1297,-0.1503,-0.5245,True,13
deepseek-v3.2,10770853,Au(110)_CO2RR,*CO2 → *OCHO → *OCH2O → *HCOOH → *COOH → *CO → *,False,2,*OCH2O,*HCOOH,bond_dissociation,0,0.0001,-0.0,-0.0002,0.0003,-0.5245,True,13
deepseek-v3.2,10770853,Au(110)_CO2RR,*CO2 → *OCHO → *OCH2O → *HCOOH → *COOH → *CO → *,False,3,*HCOOH,*COOH,bond_dissociation,0,0.6256,-0.1548,0.0917,0.3791,-0.5245,True,13
deepseek-v3.2,10770853,Au(110)_CO2RR,*CO2 → *OCHO → *OCH2O → *HCOOH → *COOH → *CO → *,False,4,*COOH,*CO,bond_dissociation,0,-0.1642,0.0111,0.3274,-0.4804,-0.5245,True,13
deepseek-v3.2,10770853,Au(110)_CO2RR,*CO2 → *OCHO → *OCH2O → *HCOOH → *COOH → *CO → *,False,5,*CO,*,desorption,0,0.7533,-0.0552,0.438,0.26,-0.5245,True,13
deepseek-v3.2,10770853,Au(111)_ORR,*OO → *OOH → *O → *OH → *H2O → *,True,0,*OO,*OOH,protonation,-1,-0.9257,0.1464,-0.2111,-0.5682,0.5682,True,0
deepseek-v3.2,10770853,Au(111)_ORR,*OO → *OOH → *O → *OH → *H2O → *,True,1,*OOH,*O,reductive_dehydration,-1,-1.9231,0.092,0.2371,-2.0681,0.5682,True,0
deepseek-v3.2,10770853,Au(111)_ORR,*OO → *OOH → *O → *OH → *H2O → *,True,2,*O,*OH,protonation,-1,-1.3163,0.1414,-0.1512,-1.0238,0.5682,True,0
deepseek-v3.2,10770853,Au(111)_ORR,*OO → *OOH → *O → *OH → *H2O → *,True,3,*OH,*H2O,protonation,-1,-1.3324,0.1314,-0.1192,-1.0818,0.5682,True,0
deepseek-v3.2,10770853,Au(111)_ORR,*OO → *OOH → *O → *OH → *H2O → *,True,4,*H2O,*,desorption,0,0.2795,-0.0396,0.4001,-0.1602,0.5682,True,0
deepseek-v3.2,10770854,Pt(111)_HER,* → *H → *,False,0,*,*H,protonation,-1,-0.4332,0.047,-0.1726,-0.2137,-999.0,False,0
deepseek-v3.2,10770854,Pt(111)_HER,* → *H → *,False,1,*H,*,deprotonation,1,0.4332,-0.047,0.1726,0.2137,-999.0,False,0
deepseek-v3.2,10770854,Pt(111)_HER,* → *H → *H2 → *,True,0,*,*H,protonation,-1,-0.4332,0.047,-0.1726,-0.2137,0.1458,True,1
deepseek-v3.2,10770854,Pt(111)_HER,* → *H → *H2 → *,True,1,*H,*H2,protonation,-1,-0.3271,-0.01,-0.1913,-0.1458,0.1458,True,1
deepseek-v3.2,10770854,Pt(111)_HER,* → *H → *H2 → *,True,2,*H2,*,product_desorption,0,0.7603,-0.037,0.3638,0.3594,0.1458,True,1
deepseek-v3.2,10770854,Au(110)_CO2RR,*CO2 → *COOH → *CO → *,False,0,*CO2,*COOH,protonation,-1,0.3653,0.1508,-0.2165,0.7326,-0.7326,True,0
deepseek-v3.2,10770854,Au(110)_CO2RR,*CO2 → *COOH → *CO → *,False,1,*COOH,*CO,reductive_dehydration,-1,-0.1991,0.0148,0.267,-0.4513,-0.7326,True,0
deepseek-v3.2,10770854,Au(110)_CO2RR,*CO2 → *COOH → *CO → *,False,2,*CO,*,desorption,0,0.7527,-0.0558,0.4425,0.2543,-0.7326,True,0
deepseek-v3.2,10770854,Au(110)_CO2RR,*CO2 → *OCHO → *CHO → *CO → *,False,0,*CO2,*OCHO,protonation,-1,0.1732,0.1436,-0.2374,0.5542,-999.0,False,1
deepseek-v3.2,10770854,Au(110)_CO2RR,*CO2 → *OCHO → *CHO → *CO → *,False,1,*OCHO,*CHO,bond_dissociation,0,0.1441,0.1415,0.1281,0.1575,-999.0,False,1
deepseek-v3.2,10770854,Au(110)_CO2RR,*CO2 → *OCHO → *CHO → *CO → *,False,2,*CHO,*CO,deprotonation,1,-0.151,-0.1196,0.1599,-0.4305,-999.0,False,1
deepseek-v3.2,10770854,Au(110)_CO2RR,*CO2 → *OCHO → *CHO → *CO → *,False,3,*CO,*,desorption,0,0.7527,-0.0558,0.4425,0.2543,-999.0,False,1
deepseek-v3.2,10770854,Au(110)_CO2RR,*CO2 → *OCHO → *COOH → *CO → *,True,0,*CO2,*OCHO,protonation,-1,0.1732,0.1436,-0.2374,0.5542,-0.5542,True,2
deepseek-v3.2,10770854,Au(110)_CO2RR,*CO2 → *OCHO → *COOH → *CO → *,True,1,*OCHO,*COOH,bond_dissociation,0,0.1921,0.0072,0.0209,0.1783,-0.5542,True,2
deepseek-v3.2,10770854,Au(110)_CO2RR,*CO2 → *OCHO → *COOH → *CO → *,True,2,*COOH,*CO,reductive_dehydration,-1,-0.1991,0.0148,0.267,-0.4513,-0.5542,True,2
deepseek-v3.2,10770854,Au(110)_CO2RR,*CO2 → *OCHO → *COOH → *CO → *,True,3,*CO,*,desorption,0,0.7527,-0.0558,0.4425,0.2543,-0.5542,True,2
deepseek-v3.2,10770854,Au(110)_CO2RR,*CO2 → *OCHO → *O=CH–CH=O → *CHO → *CO → *,False,0,*CO2,*OCHO,protonation,-1,0.1732,0.1436,-0.2374,0.5542,-999.0,False,3
deepseek-v3.2,10770854,Au(110)_CO2RR,*CO2 → *OCHO → *O=CH–CH=O → *CHO → *CO → *,False,1,*OCHO,*O=CH–CH=O,cc_coupling,0,-0.5955,0.4198,-0.5692,0.3935,-999.0,False,3
deepseek-v3.2,10770854,Au(110)_CO2RR,*CO2 → *OCHO → *O=CH–CH=O → *CHO → *CO → *,False,2,*O=CH–CH=O,*CHO,bond_dissociation,0,0.7395,-0.2783,0.6973,-0.236,-999.0,False,3
deepseek-v3.2,10770854,Au(110)_CO2RR,*CO2 → *OCHO → *O=CH–CH=O → *CHO → *CO → *,False,3,*CHO,*CO,deprotonation,1,-0.151,-0.1196,0.1599,-0.4305,-999.0,False,3
deepseek-v3.2,10770854,Au(110)_CO2RR,*CO2 → *OCHO → *O=CH–CH=O → *CHO → *CO → *,False,4,*CO,*,desorption,0,0.7527,-0.0558,0.4425,0.2543,-999.0,False,3
deepseek-v3.2,10770854,Pt(111)_ORR,*OO → *OOH → *OOHH → *OH → *OH2 → *,True,0,*OO,*OOH,protonation,-1,-0.6052,0.1561,-0.1362,-0.3129,0.3129,True,0
deepseek-v3.2,10770854,Pt(111)_ORR,*OO → *OOH → *OOHH → *OH → *OH2 → *,True,1,*OOH,*OOHH,protonation,-1,-0.7218,0.1473,-0.1242,-0.4503,0.3129,True,0
deepseek-v3.2,10770854,Pt(111)_ORR,*OO → *OOH → *OOHH → *OH → *OH2 → *,True,2,*OOHH,*OH,reductive_dehydration,-1,-2.166,0.071,0.1843,-2.2793,0.3129,True,0
deepseek-v3.2,10770854,Pt(111)_ORR,*OO → *OOH → *OOHH → *OH → *OH2 → *,True,3,*OH,*OH2,protonation,-1,-1.1368,0.1407,-0.0784,-0.9177,0.3129,True,0
deepseek-v3.2,10770854,Pt(111)_ORR,*OO → *OOH → *OOHH → *OH → *OH2 → *,True,4,*OH2,*,desorption,0,0.4122,-0.0654,0.38,-0.0333,0.3129,True,0
deepseek-v3.2,10770854,Pt(111)_ORR,*OO → *OOH → *O → *OH → *OH2 → *,False,0,*OO,*OOH,protonation,-1,-0.6052,0.1561,-0.1362,-0.3129,0.2652,True,1
deepseek-v3.2,10770854,Pt(111)_ORR,*OO → *OOH → *O → *OH → *OH2 → *,False,1,*OOH,*O,reductive_dehydration,-1,-2.3125,0.0705,0.2224,-2.4643,0.2652,True,1
deepseek-v3.2,10770854,Pt(111)_ORR,*OO → *OOH → *O → *OH → *OH2 → *,False,2,*O,*OH,protonation,-1,-0.5753,0.1478,-0.1623,-0.2652,0.2652,True,1
deepseek-v3.2,10770854,Pt(111)_ORR,*OO → *OOH → *O → *OH → *OH2 → *,False,3,*OH,*OH2,protonation,-1,-1.1368,0.1407,-0.0784,-0.9177,0.2652,True,1
deepseek-v3.2,10770854,Pt(111)_ORR,*OO → *OOH → *O → *OH → *OH2 → *,False,4,*OH2,*,desorption,0,0.4122,-0.0654,0.38,-0.0333,0.2652,True,1
deepseek-v3.2,10770854,Pt(111)_ORR,*OO → *OOH → *OOHH → *O → *OH → *OH2 → *,False,0,*OO,*OOH,protonation,-1,-0.6052,0.1561,-0.1362,-0.3129,0.2652,True,2
deepseek-v3.2,10770854,Pt(111)_ORR,*OO → *OOH → *OOHH → *O → *OH → *OH2 → *,False,1,*OOH,*OOHH,protonation,-1,-0.7218,0.1473,-0.1242,-0.4503,0.2652,True,2
deepseek-v3.2,10770854,Pt(111)_ORR,*OO → *OOH → *OOHH → *O → *OH → *OH2 → *,False,2,*OOHH,*O,bond_dissociation,0,-1.5907,-0.0768,0.3465,-2.014,0.2652,True,2
deepseek-v3.2,10770854,Pt(111)_ORR,*OO → *OOH → *OOHH → *O → *OH → *OH2 → *,False,3,*O,*OH,protonation,-1,-0.5753,0.1478,-0.1623,-0.2652,0.2652,True,2
deepseek-v3.2,10770854,Pt(111)_ORR,*OO → *OOH → *OOHH → *O → *OH → *OH2 → *,False,4,*OH,*OH2,protonation,-1,-1.1368,0.1407,-0.0784,-0.9177,0.2652,True,2
deepseek-v3.2,10770854,Pt(111)_ORR,*OO → *OOH → *OOHH → *O → *OH → *OH2 → *,False,5,*OH2,*,desorption,0,0.4122,-0.0654,0.38,-0.0333,0.2652,True,2
deepseek-v3.2,10770855,Pt(111)_HER,* → *H → *H2 → *,True,0,*,*H,protonation,-1,-0.4332,0.047,-0.1726,-0.2137,0.1458,True,0
deepseek-v3.2,10770855,Pt(111)_HER,* → *H → *H2 → *,True,1,*H,*H2,protonation,-1,-0.3271,-0.01,-0.1912,-0.1458,0.1458,True,0
deepseek-v3.2,10770855,Pt(111)_HER,* → *H → *H2 → *,True,2,*H2,*,product_desorption,0,0.7603,-0.037,0.3638,0.3594,0.1458,True,0
deepseek-v3.2,10770855,Au(111)_ORR,*OO → *OOH → *O(OH)H → *O → *OH → *H2O → *,True,0,*OO,*OOH,protonation,-1,-0.9872,0.1679,-0.2061,-0.6131,0.6131,True,0
deepseek-v3.2,10770855,Au(111)_ORR,*OO → *OOH → *O(OH)H → *O → *OH → *H2O → *,True,1,*OOH,*O(OH)H,protonation,-1,-1.1565,0.154,-0.1492,-0.8534,0.6131,True,0
deepseek-v3.2,10770855,Au(111)_ORR,*OO → *OOH → *O(OH)H → *O → *OH → *H2O → *,True,2,*O(OH)H,*O,bond_dissociation,0,-0.7052,-0.0834,0.3813,-1.17,0.6131,True,0
deepseek-v3.2,10770855,Au(111)_ORR,*OO → *OOH → *O(OH)H → *O → *OH → *H2O → *,True,3,*O,*OH,protonation,-1,-1.3142,0.1416,-0.1512,-1.0213,0.6131,True,0
deepseek-v3.2,10770855,Au(111)_ORR,*OO → *OOH → *O(OH)H → *O → *OH → *H2O → *,True,4,*OH,*H2O,protonation,-1,-1.3357,0.1344,-0.1318,-1.0695,0.6131,True,0
deepseek-v3.2,10770855,Au(111)_ORR,*OO → *OOH → *O(OH)H → *O → *OH → *H2O → *,True,5,*H2O,*,desorption,0,0.2807,-0.0428,0.4128,-0.1749,0.6131,True,0
deepseek-v3.2,10770855,Au(110)_CO2RR,*CO2 → *COOH → *CO → *,True,0,*CO2,*COOH,protonation,-1,0.3525,0.1536,-0.2339,0.7401,-0.7401,True,0
deepseek-v3.2,10770855,Au(110)_CO2RR,*CO2 → *COOH → *CO → *,True,1,*COOH,*CO,reductive_dehydration,-1,-0.1872,0.0118,0.2838,-0.4591,-0.7401,True,0
deepseek-v3.2,10770855,Au(110)_CO2RR,*CO2 → *COOH → *CO → *,True,2,*CO,*,desorption,0,0.7534,-0.0557,0.4451,0.2525,-0.7401,True,0
deepseek-v3.2,10770855,Au(110)_CO2RR,*CO2 → *COOH → *COOHOH → *CO → *,False,0,*CO2,*COOH,protonation,-1,0.3525,0.1536,-0.2339,0.7401,-999.0,False,1
deepseek-v3.2,10770855,Au(110)_CO2RR,*CO2 → *COOH → *COOHOH → *CO → *,False,1,*COOH,*COOHOH,hydroxylation,1,-0.4173,0.0011,-0.3108,-0.1053,-999.0,False,1
deepseek-v3.2,10770855,Au(110)_CO2RR,*CO2 → *COOH → *COOHOH → *CO → *,False,2,*COOHOH,*CO,bond_dissociation,0,0.2301,0.0107,0.5946,-0.3538,-999.0,False,1
deepseek-v3.2,10770855,Au(110)_CO2RR,*CO2 → *COOH → *COOHOH → *CO → *,False,3,*CO,*,desorption,0,0.7534,-0.0557,0.4451,0.2525,-999.0,False,1
deepseek-v3.2,10770855,Au(110)_CO2RR,*CO2 → *C → *COH → *CO → *,False,0,*CO2,*C,bond_dissociation,0,2.2521,0.3616,0.0962,2.5174,-999.0,False,2
deepseek-v3.2,10770855,Au(110)_CO2RR,*CO2 → *C → *COH → *CO → *,False,1,*C,*COH,hydroxylation,1,-1.0171,-0.0224,-0.2496,-0.79,-999.0,False,2
deepseek-v3.2,10770855,Au(110)_CO2RR,*CO2 → *C → *COH → *CO → *,False,2,*COH,*CO,deprotonation,1,-1.0695,-0.1737,0.2033,-1.4465,-999.0,False,2
deepseek-v3.2,10770855,Au(110)_CO2RR,*CO2 → *C → *COH → *CO → *,False,3,*CO,*,desorption,0,0.7534,-0.0557,0.4451,0.2525,-999.0,False,2
deepseek-v3.2,10770855,Au(110)_CO2RR,*CO2 → *C → *COH → *CHO → *CO → *,False,0,*CO2,*C,bond_dissociation,0,2.2521,0.3616,0.0962,2.5174,-999.0,False,3
deepseek-v3.2,10770855,Au(110)_CO2RR,*CO2 → *C → *COH → *CHO → *CO → *,False,1,*C,*COH,hydroxylation,1,-1.0171,-0.0224,-0.2496,-0.79,-999.0,False,3
deepseek-v3.2,10770855,Au(110)_CO2RR,*CO2 → *C → *COH → *CHO → *CO → *,False,2,*COH,*CHO,bond_dissociation,0,-0.9167,-0.0537,0.0442,-1.0146,-999.0,False,3
deepseek-v3.2,10770855,Au(110)_CO2RR,*CO2 → *C → *COH → *CHO → *CO → *,False,3,*CHO,*CO,deprotonation,1,-0.1528,-0.1201,0.1591,-0.432,-999.0,False,3
deepseek-v3.2,10770855,Au(110)_CO2RR,*CO2 → *C → *COH → *CHO → *CO → *,False,4,*CO,*,desorption,0,0.7534,-0.0557,0.4451,0.2525,-999.0,False,3
deepseek-v3.2,10770855,Pt(111)_ORR,*OO → *OOH → *O(OH)H → *OH → *H2O → *,True,0,*OO,*OOH,protonation,-1,-0.6048,0.1558,-0.134,-0.3149,0.3149,True,0
deepseek-v3.2,10770855,Pt(111)_ORR,*OO → *OOH → *O(OH)H → *OH → *H2O → *,True,1,*OOH,*O(OH)H,protonation,-1,-0.7222,0.1476,-0.1264,-0.4483,0.3149,True,0
deepseek-v3.2,10770855,Pt(111)_ORR,*OO → *OOH → *O(OH)H → *OH → *H2O → *,True,2,*O(OH)H,*OH,reductive_dehydration,-1,-2.166,0.071,0.1842,-2.2792,0.3149,True,0
deepseek-v3.2,10770855,Pt(111)_ORR,*OO → *OOH → *O(OH)H → *OH → *H2O → *,True,3,*OH,*H2O,protonation,-1,-1.1367,0.1386,-0.0439,-0.9541,0.3149,True,0
deepseek-v3.2,10770855,Pt(111)_ORR,*OO → *OOH → *O(OH)H → *OH → *H2O → *,True,4,*H2O,*,desorption,0,0.412,-0.0634,0.3456,0.0031,0.3149,True,0
deepseek-v3.2,10770855,Pt(111)_ORR,*OO → *OOH → *O → *OH → *H2O → *,False,0,*OO,*OOH,protonation,-1,-0.6048,0.1558,-0.134,-0.3149,0.2652,True,1
deepseek-v3.2,10770855,Pt(111)_ORR,*OO → *OOH → *O → *OH → *H2O → *,False,1,*OOH,*O,reductive_dehydration,-1,-2.3129,0.0708,0.2201,-2.4623,0.2652,True,1
deepseek-v3.2,10770855,Pt(111)_ORR,*OO → *OOH → *O → *OH → *H2O → *,False,2,*O,*OH,protonation,-1,-0.5753,0.1478,-0.1623,-0.2652,0.2652,True,1
deepseek-v3.2,10770855,Pt(111)_ORR,*OO → *OOH → *O → *OH → *H2O → *,False,3,*OH,*H2O,protonation,-1,-1.1367,0.1386,-0.0439,-0.9541,0.2652,True,1
deepseek-v3.2,10770855,Pt(111)_ORR,*OO → *OOH → *O → *OH → *H2O → *,False,4,*H2O,*,desorption,0,0.412,-0.0634,0.3456,0.0031,0.2652,True,1
deepseek-v3.2,10770855,Pt(111)_ORR,*OO → *OOH → *OOHOH → *OOOH → *OH → *H2O → *,False,0,*OO,*OOH,protonation,-1,-0.6048,0.1558,-0.134,-0.3149,-999.0,False,2
deepseek-v3.2,10770855,Pt(111)_ORR,*OO → *OOH → *OOHOH → *OOOH → *OH → *H2O → *,False,1,*OOH,*OOHOH,hydroxylation,1,2.1479,-0.0837,-0.3214,2.3857,-999.0,False,2
deepseek-v3.2,10770855,Pt(111)_ORR,*OO → *OOH → *OOHOH → *OOOH → *OH → *H2O → *,False,2,*OOHOH,*OOOH,deprotonation,1,0.4515,-0.1708,0.1853,0.0954,-999.0,False,2
deepseek-v3.2,10770855,Pt(111)_ORR,*OO → *OOH → *OOHOH → *OOOH → *OH → *H2O → *,False,3,*OOOH,*OH,bond_dissociation,0,-5.4877,0.473,0.1939,-5.2086,-999.0,False,2
deepseek-v3.2,10770855,Pt(111)_ORR,*OO → *OOH → *OOHOH → *OOOH → *OH → *H2O → *,False,4,*OH,*H2O,protonation,-1,-1.1367,0.1386,-0.0439,-0.9541,-999.0,False,2
deepseek-v3.2,10770855,Pt(111)_ORR,*OO → *OOH → *OOHOH → *OOOH → *OH → *H2O → *,False,5,*H2O,*,desorption,0,0.412,-0.0634,0.3456,0.0031,-999.0,False,2
deepseek-v3.2,10770855,Pt(111)_ORR,*OO → *OOH → *OOHOH → *O → *OH → *H2O → *,False,0,*OO,*OOH,protonation,-1,-0.6048,0.1558,-0.134,-0.3149,-999.0,False,3
deepseek-v3.2,10770855,Pt(111)_ORR,*OO → *OOH → *OOHOH → *O → *OH → *H2O → *,False,1,*OOH,*OOHOH,hydroxylation,1,2.1479,-0.0837,-0.3214,2.3857,-999.0,False,3
deepseek-v3.2,10770855,Pt(111)_ORR,*OO → *OOH → *OOHOH → *O → *OH → *H2O → *,False,2,*OOHOH,*O,bond_dissociation,0,-4.4608,0.1544,0.5415,-4.8479,-999.0,False,3
deepseek-v3.2,10770855,Pt(111)_ORR,*OO → *OOH → *OOHOH → *O → *OH → *H2O → *,False,3,*O,*OH,protonation,-1,-0.5753,0.1478,-0.1623,-0.2652,-999.0,False,3
deepseek-v3.2,10770855,Pt(111)_ORR,*OO → *OOH → *OOHOH → *O → *OH → *H2O → *,False,4,*OH,*H2O,protonation,-1,-1.1367,0.1386,-0.0439,-0.9541,-999.0,False,3
deepseek-v3.2,10770855,Pt(111)_ORR,*OO → *OOH → *OOHOH → *O → *OH → *H2O → *,False,5,*H2O,*,desorption,0,0.412,-0.0634,0.3456,0.0031,-999.0,False,3
deepseek-v3.2,10770855,Pt(111)_ORR,*OO → *OOH → *OOHOH → *OOHO → *H → *H2O → *,False,0,*OO,*OOH,protonation,-1,-0.6048,0.1558,-0.134,-0.3149,-999.0,False,4
deepseek-v3.2,10770855,Pt(111)_ORR,*OO → *OOH → *OOHOH → *OOHO → *H → *H2O → *,False,1,*OOH,*OOHOH,hydroxylation,1,2.1479,-0.0837,-0.3214,2.3857,-999.0,False,4
deepseek-v3.2,10770855,Pt(111)_ORR,*OO → *OOH → *OOHOH → *OOHO → *H → *H2O → *,False,2,*OOHOH,*OOHO,deprotonation,1,0.4698,-0.1707,0.1699,0.1291,-999.0,False,4
deepseek-v3.2,10770855,Pt(111)_ORR,*OO → *OOH → *OOHOH → *OOHO → *H → *H2O → *,False,3,*OOHO,*H,bond_dissociation,0,-6.6638,0.5952,0.3384,-6.407,-999.0,False,4
deepseek-v3.2,10770855,Pt(111)_ORR,*OO → *OOH → *OOHOH → *OOHO → *H → *H2O → *,False,4,*H,*H2O,hydroxylation,1,0.0212,0.0164,-0.173,0.2106,-999.0,False,4
deepseek-v3.2,10770855,Pt(111)_ORR,*OO → *OOH → *OOHOH → *OOHO → *H → *H2O → *,False,5,*H2O,*,desorption,0,0.412,-0.0634,0.3456,0.0031,-999.0,False,4
deepseek-v3.2,10770855,Pt(111)_ORR,*OO → *OOOH → *OOOH2 → *OOH → *OH → *H2O → *,False,0,*OO,*OOOH,hydroxylation,1,1.9947,-0.0986,-0.2701,2.1662,-999.0,False,5
deepseek-v3.2,10770855,Pt(111)_ORR,*OO → *OOOH → *OOOH2 → *OOH → *OH → *H2O → *,False,1,*OOOH,*OOOH2,protonation,-1,-0.4515,0.1708,-0.1854,-0.0953,-999.0,False,5
deepseek-v3.2,10770855,Pt(111)_ORR,*OO → *OOOH → *OOOH2 → *OOH → *OH → *H2O → *,False,2,*OOOH2,*OOH,reductive_dehydration,-1,-2.1479,0.0837,0.3215,-2.3858,-999.0,False,5
deepseek-v3.2,10770855,Pt(111)_ORR,*OO → *OOOH → *OOOH2 → *OOH → *OH → *H2O → *,False,3,*OOH,*OH,bond_dissociation,0,-2.8882,0.2186,0.0578,-2.7275,-999.0,False,5
deepseek-v3.2,10770855,Pt(111)_ORR,*OO → *OOOH → *OOOH2 → *OOH → *OH → *H2O → *,False,4,*OH,*H2O,protonation,-1,-1.1367,0.1386,-0.0439,-0.9541,-999.0,False,5
deepseek-v3.2,10770855,Pt(111)_ORR,*OO → *OOOH → *OOOH2 → *OOH → *OH → *H2O → *,False,5,*H2O,*,desorption,0,0.412,-0.0634,0.3456,0.0031,-999.0,False,5
deepseek-v3.2,10770855,Pt(111)_ORR,*OO → *OOOH → *OOHOH → *OOH → *OH → *H2O → *,False,0,*OO,*OOOH,hydroxylation,1,1.9947,-0.0986,-0.2701,2.1662,-999.0,False,6
deepseek-v3.2,10770855,Pt(111)_ORR,*OO → *OOOH → *OOHOH → *OOH → *OH → *H2O → *,False,1,*OOOH,*OOHOH,protonation,-1,-0.4515,0.1708,-0.1853,-0.0954,-999.0,False,6
deepseek-v3.2,10770855,Pt(111)_ORR,*OO → *OOOH → *OOHOH → *OOH → *OH → *H2O → *,False,2,*OOHOH,*OOH,reductive_dehydration,-1,-2.1479,0.0837,0.3214,-2.3857,-999.0,False,6
deepseek-v3.2,10770855,Pt(111)_ORR,*OO → *OOOH → *OOHOH → *OOH → *OH → *H2O → *,False,3,*OOH,*OH,bond_dissociation,0,-2.8882,0.2186,0.0578,-2.7275,-999.0,False,6
deepseek-v3.2,10770855,Pt(111)_ORR,*OO → *OOOH → *OOHOH → *OOH → *OH → *H2O → *,False,4,*OH,*H2O,protonation,-1,-1.1367,0.1386,-0.0439,-0.9541,-999.0,False,6
deepseek-v3.2,10770855,Pt(111)_ORR,*OO → *OOOH → *OOHOH → *OOH → *OH → *H2O → *,False,5,*H2O,*,desorption,0,0.412,-0.0634,0.3456,0.0031,-999.0,False,6
deepseek-v3.2,10770855,Pt(111)_ORR,*OO → *OOOH → *OOHOH → *O → *OH → *H2O → *,False,0,*OO,*OOOH,hydroxylation,1,1.9947,-0.0986,-0.2701,2.1662,-999.0,False,7
deepseek-v3.2,10770855,Pt(111)_ORR,*OO → *OOOH → *OOHOH → *O → *OH → *H2O → *,False,1,*OOOH,*OOHOH,protonation,-1,-0.4515,0.1708,-0.1853,-0.0954,-999.0,False,7
deepseek-v3.2,10770855,Pt(111)_ORR,*OO → *OOOH → *OOHOH → *O → *OH → *H2O → *,False,2,*OOHOH,*O,bond_dissociation,0,-4.4608,0.1544,0.5415,-4.8479,-999.0,False,7
deepseek-v3.2,10770855,Pt(111)_ORR,*OO → *OOOH → *OOHOH → *O → *OH → *H2O → *,False,3,*O,*OH,protonation,-1,-0.5753,0.1478,-0.1623,-0.2652,-999.0,False,7
deepseek-v3.2,10770855,Pt(111)_ORR,*OO → *OOOH → *OOHOH → *O → *OH → *H2O → *,False,4,*OH,*H2O,protonation,-1,-1.1367,0.1386,-0.0439,-0.9541,-999.0,False,7
deepseek-v3.2,10770855,Pt(111)_ORR,*OO → *OOOH → *OOHOH → *O → *OH → *H2O → *,False,5,*H2O,*,desorption,0,0.412,-0.0634,0.3456,0.0031,-999.0,False,7
deepseek-v3.2,10770855,Pt(111)_ORR,*OO → *OOOH → *OOHOH → *OOHO → *H → *H2O → *,False,0,*OO,*OOOH,hydroxylation,1,1.9947,-0.0986,-0.2701,2.1662,-999.0,False,8
deepseek-v3.2,10770855,Pt(111)_ORR,*OO → *OOOH → *OOHOH → *OOHO → *H → *H2O → *,False,1,*OOOH,*OOHOH,protonation,-1,-0.4515,0.1708,-0.1853,-0.0954,-999.0,False,8
deepseek-v3.2,10770855,Pt(111)_ORR,*OO → *OOOH → *OOHOH → *OOHO → *H → *H2O → *,False,2,*OOHOH,*OOHO,deprotonation,1,0.4698,-0.1707,0.1699,0.1291,-999.0,False,8
deepseek-v3.2,10770855,Pt(111)_ORR,*OO → *OOOH → *OOHOH → *OOHO → *H → *H2O → *,False,3,*OOHO,*H,bond_dissociation,0,-6.6638,0.5952,0.3384,-6.407,-999.0,False,8
deepseek-v3.2,10770855,Pt(111)_ORR,*OO → *OOOH → *OOHOH → *OOHO → *H → *H2O → *,False,4,*H,*H2O,hydroxylation,1,0.0212,0.0164,-0.173,0.2106,-999.0,False,8
deepseek-v3.2,10770855,Pt(111)_ORR,*OO → *OOOH → *OOHOH → *OOHO → *H → *H2O → *,False,5,*H2O,*,desorption,0,0.412,-0.0634,0.3456,0.0031,-999.0,False,8
deepseek-v3.2,10770855,Pt(111)_ORR,*OO → *OOOH → *OOH → *O(OH)H → *OH → *H2O → *,False,0,*OO,*OOOH,hydroxylation,1,1.9947,-0.0986,-0.2701,2.1662,-999.0,False,9
deepseek-v3.2,10770855,Pt(111)_ORR,*OO → *OOOH → *OOH → *O(OH)H → *OH → *H2O → *,False,1,*OOOH,*OOH,bond_dissociation,0,-2.5995,0.2545,0.1361,-2.4811,-999.0,False,9
deepseek-v3.2,10770855,Pt(111)_ORR,*OO → *OOOH → *OOH → *O(OH)H → *OH → *H2O → *,False,2,*OOH,*O(OH)H,protonation,-1,-0.7222,0.1476,-0.1264,-0.4483,-999.0,False,9
deepseek-v3.2,10770855,Pt(111)_ORR,*OO → *OOOH → *OOH → *O(OH)H → *OH → *H2O → *,False,3,*O(OH)H,*OH,reductive_dehydration,-1,-2.166,0.071,0.1842,-2.2792,-999.0,False,9
deepseek-v3.2,10770855,Pt(111)_ORR,*OO → *OOOH → *OOH → *O(OH)H → *OH → *H2O → *,False,4,*OH,*H2O,protonation,-1,-1.1367,0.1386,-0.0439,-0.9541,-999.0,False,9
deepseek-v3.2,10770855,Pt(111)_ORR,*OO → *OOOH → *OOH → *O(OH)H → *OH → *H2O → *,False,5,*H2O,*,desorption,0,0.412,-0.0634,0.3456,0.0031,-999.0,False,9
deepseek-v3.2,10770855,Pt(111)_ORR,*OO → *OOOH → *OOH → *O → *OH → *H2O → *,False,0,*OO,*OOOH,hydroxylation,1,1.9947,-0.0986,-0.2701,2.1662,-999.0,False,10
deepseek-v3.2,10770855,Pt(111)_ORR,*OO → *OOOH → *OOH → *O → *OH → *H2O → *,False,1,*OOOH,*OOH,bond_dissociation,0,-2.5995,0.2545,0.1361,-2.4811,-999.0,False,10
deepseek-v3.2,10770855,Pt(111)_ORR,*OO → *OOOH → *OOH → *O → *OH → *H2O → *,False,2,*OOH,*O,reductive_dehydration,-1,-2.3129,0.0708,0.2201,-2.4623,-999.0,False,10
deepseek-v3.2,10770855,Pt(111)_ORR,*OO → *OOOH → *OOH → *O → *OH → *H2O → *,False,3,*O,*OH,protonation,-1,-0.5753,0.1478,-0.1623,-0.2652,-999.0,False,10
deepseek-v3.2,10770855,Pt(111)_ORR,*OO → *OOOH → *OOH → *O → *OH → *H2O → *,False,4,*OH,*H2O,protonation,-1,-1.1367,0.1386,-0.0439,-0.9541,-999.0,False,10
deepseek-v3.2,10770855,Pt(111)_ORR,*OO → *OOOH → *OOH → *O → *OH → *H2O → *,False,5,*H2O,*,desorption,0,0.412,-0.0634,0.3456,0.0031,-999.0,False,10
deepseek-v3.2,10770855,Pt(111)_ORR,*OO → *O → *OOH → *O(OH)H → *OH → *H2O → *,False,0,*OO,*O,bond_dissociation,0,-2.9177,0.2266,0.0861,-2.7772,-999.0,False,11
deepseek-v3.2,10770855,Pt(111)_ORR,*OO → *O → *OOH → *O(OH)H → *OH → *H2O → *,False,1,*O,*OOH,hydroxylation,1,2.3129,-0.0708,-0.2201,2.4623,-999.0,False,11
deepseek-v3.2,10770855,Pt(111)_ORR,*OO → *O → *OOH → *O(OH)H → *OH → *H2O → *,False,2,*OOH,*O(OH)H,protonation,-1,-0.7222,0.1476,-0.1264,-0.4483,-999.0,False,11
deepseek-v3.2,10770855,Pt(111)_ORR,*OO → *O → *OOH → *O(OH)H → *OH → *H2O → *,False,3,*O(OH)H,*OH,reductive_dehydration,-1,-2.166,0.071,0.1842,-2.2792,-999.0,False,11
deepseek-v3.2,10770855,Pt(111)_ORR,*OO → *O → *OOH → *O(OH)H → *OH → *H2O → *,False,4,*OH,*H2O,protonation,-1,-1.1367,0.1386,-0.0439,-0.9541,-999.0,False,11
deepseek-v3.2,10770855,Pt(111)_ORR,*OO → *O → *OOH → *O(OH)H → *OH → *H2O → *,False,5,*H2O,*,desorption,0,0.412,-0.0634,0.3456,0.0031,-999.0,False,11
deepseek-v3.2,10770855,Pt(111)_ORR,*OO → *OOH → *OOHOH → *OOHO → *O → *OH → *H2O → *,False,0,*OO,*OOH,protonation,-1,-0.6048,0.1558,-0.134,-0.3149,-999.0,False,12
deepseek-v3.2,10770855,Pt(111)_ORR,*OO → *OOH → *OOHOH → *OOHO → *O → *OH → *H2O → *,False,1,*OOH,*OOHOH,hydroxylation,1,2.1479,-0.0837,-0.3214,2.3857,-999.0,False,12
deepseek-v3.2,10770855,Pt(111)_ORR,*OO → *OOH → *OOHOH → *OOHO → *O → *OH → *H2O → *,False,2,*OOHOH,*OOHO,bond_dissociation,0,0.4698,-0.1707,0.1699,0.1291,-999.0,False,12
deepseek-v3.2,10770855,Pt(111)_ORR,*OO → *OOH → *OOHOH → *OOHO → *O → *OH → *H2O → *,False,3,*OOHO,*O,bond_dissociation,0,-4.9306,0.3252,0.3716,-4.977,-999.0,False,12
deepseek-v3.2,10770855,Pt(111)_ORR,*OO → *OOH → *OOHOH → *OOHO → *O → *OH → *H2O → *,False,4,*O,*OH,protonation,-1,-0.5753,0.1478,-0.1623,-0.2652,-999.0,False,12
deepseek-v3.2,10770855,Pt(111)_ORR,*OO → *OOH → *OOHOH → *OOHO → *O → *OH → *H2O → *,False,5,*OH,*H2O,protonation,-1,-1.1367,0.1386,-0.0439,-0.9541,-999.0,False,12
deepseek-v3.2,10770855,Pt(111)_ORR,*OO → *OOH → *OOHOH → *OOHO → *O → *OH → *H2O → *,False,6,*H2O,*,desorption,0,0.412,-0.0634,0.3456,0.0031,-999.0,False,12
deepseek-v3.2,10770855,Pt(111)_ORR,*OO → *OOOH → *OOOH2 → *OOH → *O(OH)H → *OH → *H2O → *,False,0,*OO,*OOOH,hydroxylation,1,1.9947,-0.0986,-0.2701,2.1662,-999.0,False,13
deepseek-v3.2,10770855,Pt(111)_ORR,*OO → *OOOH → *OOOH2 → *OOH → *O(OH)H → *OH → *H2O → *,False,1,*OOOH,*OOOH2,protonation,-1,-0.4515,0.1708,-0.1854,-0.0953,-999.0,False,13
deepseek-v3.2,10770855,Pt(111)_ORR,*OO → *OOOH → *OOOH2 → *OOH → *O(OH)H → *OH → *H2O → *,False,2,*OOOH2,*OOH,dehydroxylation,0,-2.1479,0.0837,0.3215,-2.3858,-999.0,False,13
deepseek-v3.2,10770855,Pt(111)_ORR,*OO → *OOOH → *OOOH2 → *OOH → *O(OH)H → *OH → *H2O → *,False,3,*OOH,*O(OH)H,protonation,-1,-0.7222,0.1476,-0.1264,-0.4483,-999.0,False,13
deepseek-v3.2,10770855,Pt(111)_ORR,*OO → *OOOH → *OOOH2 → *OOH → *O(OH)H → *OH → *H2O → *,False,4,*O(OH)H,*OH,dehydroxylation,0,-2.166,0.071,0.1842,-2.2792,-999.0,False,13
deepseek-v3.2,10770855,Pt(111)_ORR,*OO → *OOOH → *OOOH2 → *OOH → *O(OH)H → *OH → *H2O → *,False,5,*OH,*H2O,protonation,-1,-1.1367,0.1386,-0.0439,-0.9541,-999.0,False,13
deepseek-v3.2,10770855,Pt(111)_ORR,*OO → *OOOH → *OOOH2 → *OOH → *O(OH)H → *OH → *H2O → *,False,6,*H2O,*,desorption,0,0.412,-0.0634,0.3456,0.0031,-999.0,False,13
deepseek-v3.2,10770855,Pt(111)_ORR,*OO → *OOOH → *OOOH2 → *OOH → *O(OH)H → *OH → *H2O → *,False,0,*OO,*OOOH,hydroxylation,1,1.9947,-0.0986,-0.2701,2.1662,-999.0,False,14
deepseek-v3.2,10770855,Pt(111)_ORR,*OO → *OOOH → *OOOH2 → *OOH → *O(OH)H → *OH → *H2O → *,False,1,*OOOH,*OOOH2,protonation,-1,-0.4515,0.1708,-0.1854,-0.0953,-999.0,False,14
deepseek-v3.2,10770855,Pt(111)_ORR,*OO → *OOOH → *OOOH2 → *OOH → *O(OH)H → *OH → *H2O → *,False,2,*OOOH2,*OOH,dehydroxylation,0,-2.1479,0.0837,0.3215,-2.3858,-999.0,False,14
deepseek-v3.2,10770855,Pt(111)_ORR,*OO → *OOOH → *OOOH2 → *OOH → *O(OH)H → *OH → *H2O → *,False,3,*OOH,*O(OH)H,protonation,-1,-0.7222,0.1476,-0.1264,-0.4483,-999.0,False,14
deepseek-v3.2,10770855,Pt(111)_ORR,*OO → *OOOH → *OOOH2 → *OOH → *O(OH)H → *OH → *H2O → *,False,4,*O(OH)H,*OH,bond_dissociation,0,-2.166,0.071,0.1842,-2.2792,-999.0,False,14
deepseek-v3.2,10770855,Pt(111)_ORR,*OO → *OOOH → *OOOH2 → *OOH → *O(OH)H → *OH → *H2O → *,False,5,*OH,*H2O,protonation,-1,-1.1367,0.1386,-0.0439,-0.9541,-999.0,False,14
deepseek-v3.2,10770855,Pt(111)_ORR,*OO → *OOOH → *OOOH2 → *OOH → *O(OH)H → *OH → *H2O → *,False,6,*H2O,*,desorption,0,0.412,-0.0634,0.3456,0.0031,-999.0,False,14
deepseek-v3.2,10770855,Pt(111)_ORR,*OO → *OOOH → *OOOH2 → *OOH → *O(OH)H → *OH → *H2O → *,False,0,*OO,*OOOH,hydroxylation,1,1.9947,-0.0986,-0.2701,2.1662,-999.0,False,15
deepseek-v3.2,10770855,Pt(111)_ORR,*OO → *OOOH → *OOOH2 → *OOH → *O(OH)H → *OH → *H2O → *,False,1,*OOOH,*OOOH2,protonation,-1,-0.4515,0.1708,-0.1854,-0.0953,-999.0,False,15
deepseek-v3.2,10770855,Pt(111)_ORR,*OO → *OOOH → *OOOH2 → *OOH → *O(OH)H → *OH → *H2O → *,False,2,*OOOH2,*OOH,dehydroxylation,0,-2.1479,0.0837,0.3215,-2.3858,-999.0,False,15
deepseek-v3.2,10770855,Pt(111)_ORR,*OO → *OOOH → *OOOH2 → *OOH → *O(OH)H → *OH → *H2O → *,False,3,*OOH,*O(OH)H,protonation,-1,-0.7222,0.1476,-0.1264,-0.4483,-999.0,False,15
deepseek-v3.2,10770855,Pt(111)_ORR,*OO → *OOOH → *OOOH2 → *OOH → *O(OH)H → *OH → *H2O → *,False,4,*O(OH)H,*OH,desorption,0,-2.166,0.071,0.1842,-2.2792,-999.0,False,15
deepseek-v3.2,10770855,Pt(111)_ORR,*OO → *OOOH → *OOOH2 → *OOH → *O(OH)H → *OH → *H2O → *,False,5,*OH,*H2O,protonation,-1,-1.1367,0.1386,-0.0439,-0.9541,-999.0,False,15
deepseek-v3.2,10770855,Pt(111)_ORR,*OO → *OOOH → *OOOH2 → *OOH → *O(OH)H → *OH → *H2O → *,False,6,*H2O,*,desorption,0,0.412,-0.0634,0.3456,0.0031,-999.0,False,15
deepseek-v3.2,10770855,Pt(111)_ORR,*OO → *OOOH → *OOOH2 → *OOH → *O(OH)H → *OH → *H2O → *,False,0,*OO,*OOOH,hydroxylation,1,1.9947,-0.0986,-0.2701,2.1662,-999.0,False,16
deepseek-v3.2,10770855,Pt(111)_ORR,*OO → *OOOH → *OOOH2 → *OOH → *O(OH)H → *OH → *H2O → *,False,1,*OOOH,*OOOH2,protonation,-1,-0.4515,0.1708,-0.1854,-0.0953,-999.0,False,16
deepseek-v3.2,10770855,Pt(111)_ORR,*OO → *OOOH → *OOOH2 → *OOH → *O(OH)H → *OH → *H2O → *,False,2,*OOOH2,*OOH,bond_dissociation,0,-2.1479,0.0837,0.3215,-2.3858,-999.0,False,16
deepseek-v3.2,10770855,Pt(111)_ORR,*OO → *OOOH → *OOOH2 → *OOH → *O(OH)H → *OH → *H2O → *,False,3,*OOH,*O(OH)H,protonation,-1,-0.7222,0.1476,-0.1264,-0.4483,-999.0,False,16
deepseek-v3.2,10770855,Pt(111)_ORR,*OO → *OOOH → *OOOH2 → *OOH → *O(OH)H → *OH → *H2O → *,False,4,*O(OH)H,*OH,dehydroxylation,0,-2.166,0.071,0.1842,-2.2792,-999.0,False,16
deepseek-v3.2,10770855,Pt(111)_ORR,*OO → *OOOH → *OOOH2 → *OOH → *O(OH)H → *OH → *H2O → *,False,5,*OH,*H2O,protonation,-1,-1.1367,0.1386,-0.0439,-0.9541,-999.0,False,16
deepseek-v3.2,10770855,Pt(111)_ORR,*OO → *OOOH → *OOOH2 → *OOH → *O(OH)H → *OH → *H2O → *,False,6,*H2O,*,desorption,0,0.412,-0.0634,0.3456,0.0031,-999.0,False,16
deepseek-v3.2,10770855,Pt(111)_ORR,*OO → *OOOH → *OOOH2 → *OOH → *O(OH)H → *OH → *H2O → *,False,0,*OO,*OOOH,hydroxylation,1,1.9947,-0.0986,-0.2701,2.1662,-999.0,False,17
deepseek-v3.2,10770855,Pt(111)_ORR,*OO → *OOOH → *OOOH2 → *OOH → *O(OH)H → *OH → *H2O → *,False,1,*OOOH,*OOOH2,protonation,-1,-0.4515,0.1708,-0.1854,-0.0953,-999.0,False,17
deepseek-v3.2,10770855,Pt(111)_ORR,*OO → *OOOH → *OOOH2 → *OOH → *O(OH)H → *OH → *H2O → *,False,2,*OOOH2,*OOH,bond_dissociation,0,-2.1479,0.0837,0.3215,-2.3858,-999.0,False,17
deepseek-v3.2,10770855,Pt(111)_ORR,*OO → *OOOH → *OOOH2 → *OOH → *O(OH)H → *OH → *H2O → *,False,3,*OOH,*O(OH)H,protonation,-1,-0.7222,0.1476,-0.1264,-0.4483,-999.0,False,17
deepseek-v3.2,10770855,Pt(111)_ORR,*OO → *OOOH → *OOOH2 → *OOH → *O(OH)H → *OH → *H2O → *,False,4,*O(OH)H,*OH,bond_dissociation,0,-2.166,0.071,0.1842,-2.2792,-999.0,False,17
deepseek-v3.2,10770855,Pt(111)_ORR,*OO → *OOOH → *OOOH2 → *OOH → *O(OH)H → *OH → *H2O → *,False,5,*OH,*H2O,protonation,-1,-1.1367,0.1386,-0.0439,-0.9541,-999.0,False,17
deepseek-v3.2,10770855,Pt(111)_ORR,*OO → *OOOH → *OOOH2 → *OOH → *O(OH)H → *OH → *H2O → *,False,6,*H2O,*,desorption,0,0.412,-0.0634,0.3456,0.0031,-999.0,False,17
deepseek-v3.2,10770855,Pt(111)_ORR,*OO → *OOOH → *OOOH2 → *OOH → *O(OH)H → *OH → *H2O → *,False,0,*OO,*OOOH,hydroxylation,1,1.9947,-0.0986,-0.2701,2.1662,-999.0,False,18
deepseek-v3.2,10770855,Pt(111)_ORR,*OO → *OOOH → *OOOH2 → *OOH → *O(OH)H → *OH → *H2O → *,False,1,*OOOH,*OOOH2,protonation,-1,-0.4515,0.1708,-0.1854,-0.0953,-999.0,False,18
deepseek-v3.2,10770855,Pt(111)_ORR,*OO → *OOOH → *OOOH2 → *OOH → *O(OH)H → *OH → *H2O → *,False,2,*OOOH2,*OOH,bond_dissociation,0,-2.1479,0.0837,0.3215,-2.3858,-999.0,False,18
deepseek-v3.2,10770855,Pt(111)_ORR,*OO → *OOOH → *OOOH2 → *OOH → *O(OH)H → *OH → *H2O → *,False,3,*OOH,*O(OH)H,protonation,-1,-0.7222,0.1476,-0.1264,-0.4483,-999.0,False,18
deepseek-v3.2,10770855,Pt(111)_ORR,*OO → *OOOH → *OOOH2 → *OOH → *O(OH)H → *OH → *H2O → *,False,4,*O(OH)H,*OH,desorption,0,-2.166,0.071,0.1842,-2.2792,-999.0,False,18
deepseek-v3.2,10770855,Pt(111)_ORR,*OO → *OOOH → *OOOH2 → *OOH → *O(OH)H → *OH → *H2O → *,False,5,*OH,*H2O,protonation,-1,-1.1367,0.1386,-0.0439,-0.9541,-999.0,False,18
deepseek-v3.2,10770855,Pt(111)_ORR,*OO → *OOOH → *OOOH2 → *OOH → *O(OH)H → *OH → *H2O → *,False,6,*H2O,*,desorption,0,0.412,-0.0634,0.3456,0.0031,-999.0,False,18
deepseek-v3.2,10770855,Pt(111)_ORR,*OO → *OOOH → *OOOH2 → *OOH → *OOHOH → *OH → *H2O → *,False,0,*OO,*OOOH,hydroxylation,1,1.9947,-0.0986,-0.2701,2.1662,-999.0,False,19
deepseek-v3.2,10770855,Pt(111)_ORR,*OO → *OOOH → *OOOH2 → *OOH → *OOHOH → *OH → *H2O → *,False,1,*OOOH,*OOOH2,protonation,-1,-0.4515,0.1708,-0.1854,-0.0953,-999.0,False,19
deepseek-v3.2,10770855,Pt(111)_ORR,*OO → *OOOH → *OOOH2 → *OOH → *OOHOH → *OH → *H2O → *,False,2,*OOOH2,*OOH,dehydroxylation,0,-2.1479,0.0837,0.3215,-2.3858,-999.0,False,19
deepseek-v3.2,10770855,Pt(111)_ORR,*OO → *OOOH → *OOOH2 → *OOH → *OOHOH → *OH → *H2O → *,False,3,*OOH,*OOHOH,hydroxylation,1,2.1479,-0.0837,-0.3214,2.3857,-999.0,False,19
deepseek-v3.2,10770855,Pt(111)_ORR,*OO → *OOOH → *OOOH2 → *OOH → *OOHOH → *OH → *H2O → *,False,4,*OOHOH,*OH,desorption,0,-5.0361,0.3022,0.3792,-5.1131,-999.0,False,19
deepseek-v3.2,10770855,Pt(111)_ORR,*OO → *OOOH → *OOOH2 → *OOH → *OOHOH → *OH → *H2O → *,False,5,*OH,*H2O,protonation,-1,-1.1367,0.1386,-0.0439,-0.9541,-999.0,False,19
deepseek-v3.2,10770855,Pt(111)_ORR,*OO → *OOOH → *OOOH2 → *OOH → *OOHOH → *OH → *H2O → *,False,6,*H2O,*,desorption,0,0.412,-0.0634,0.3456,0.0031,-999.0,False,19
deepseek-v3.2,10770855,Pt(111)_ORR,*OO → *OOOH → *OOOH2 → *OOH → *OOHOH → *OH → *H2O → *,False,0,*OO,*OOOH,hydroxylation,1,1.9947,-0.0986,-0.2701,2.1662,-999.0,False,20
deepseek-v3.2,10770855,Pt(111)_ORR,*OO → *OOOH → *OOOH2 → *OOH → *OOHOH → *OH → *H2O → *,False,1,*OOOH,*OOOH2,protonation,-1,-0.4515,0.1708,-0.1854,-0.0953,-999.0,False,20
deepseek-v3.2,10770855,Pt(111)_ORR,*OO → *OOOH → *OOOH2 → *OOH → *OOHOH → *OH → *H2O → *,False,2,*OOOH2,*OOH,bond_dissociation,0,-2.1479,0.0837,0.3215,-2.3858,-999.0,False,20
deepseek-v3.2,10770855,Pt(111)_ORR,*OO → *OOOH → *OOOH2 → *OOH → *OOHOH → *OH → *H2O → *,False,3,*OOH,*OOHOH,hydroxylation,1,2.1479,-0.0837,-0.3214,2.3857,-999.0,False,20
deepseek-v3.2,10770855,Pt(111)_ORR,*OO → *OOOH → *OOOH2 → *OOH → *OOHOH → *OH → *H2O → *,False,4,*OOHOH,*OH,desorption,0,-5.0361,0.3022,0.3792,-5.1131,-999.0,False,20
deepseek-v3.2,10770855,Pt(111)_ORR,*OO → *OOOH → *OOOH2 → *OOH → *OOHOH → *OH → *H2O → *,False,5,*OH,*H2O,protonation,-1,-1.1367,0.1386,-0.0439,-0.9541,-999.0,False,20
deepseek-v3.2,10770855,Pt(111)_ORR,*OO → *OOOH → *OOOH2 → *OOH → *OOHOH → *OH → *H2O → *,False,6,*H2O,*,desorption,0,0.412,-0.0634,0.3456,0.0031,-999.0,False,20
deepseek-v3.2,10770855,Pt(111)_ORR,*OO → *OOOH → *OOOH2 → *OOH → *O → *OH → *H2O → *,False,0,*OO,*OOOH,hydroxylation,1,1.9947,-0.0986,-0.2701,2.1662,-999.0,False,21
deepseek-v3.2,10770855,Pt(111)_ORR,*OO → *OOOH → *OOOH2 → *OOH → *O → *OH → *H2O → *,False,1,*OOOH,*OOOH2,protonation,-1,-0.4515,0.1708,-0.1854,-0.0953,-999.0,False,21
deepseek-v3.2,10770855,Pt(111)_ORR,*OO → *OOOH → *OOOH2 → *OOH → *O → *OH → *H2O → *,False,2,*OOOH2,*OOH,dehydroxylation,0,-2.1479,0.0837,0.3215,-2.3858,-999.0,False,21
deepseek-v3.2,10770855,Pt(111)_ORR,*OO → *OOOH → *OOOH2 → *OOH → *O → *OH → *H2O → *,False,3,*OOH,*O,dehydroxylation,0,-2.3129,0.0708,0.2201,-2.4623,-999.0,False,21
deepseek-v3.2,10770855,Pt(111)_ORR,*OO → *OOOH → *OOOH2 → *OOH → *O → *OH → *H2O → *,False,4,*O,*OH,protonation,-1,-0.5753,0.1478,-0.1623,-0.2652,-999.0,False,21
deepseek-v3.2,10770855,Pt(111)_ORR,*OO → *OOOH → *OOOH2 → *OOH → *O → *OH → *H2O → *,False,5,*OH,*H2O,protonation,-1,-1.1367,0.1386,-0.0439,-0.9541,-999.0,False,21
deepseek-v3.2,10770855,Pt(111)_ORR,*OO → *OOOH → *OOOH2 → *OOH → *O → *OH → *H2O → *,False,6,*H2O,*,desorption,0,0.412,-0.0634,0.3456,0.0031,-999.0,False,21
deepseek-v3.2,10770855,Pt(111)_ORR,*OO → *OOOH → *OOOH2 → *OOH → *O → *OH → *H2O → *,False,0,*OO,*OOOH,hydroxylation,1,1.9947,-0.0986,-0.2701,2.1662,-999.0,False,22
deepseek-v3.2,10770855,Pt(111)_ORR,*OO → *OOOH → *OOOH2 → *OOH → *O → *OH → *H2O → *,False,1,*OOOH,*OOOH2,protonation,-1,-0.4515,0.1708,-0.1854,-0.0953,-999.0,False,22
deepseek-v3.2,10770855,Pt(111)_ORR,*OO → *OOOH → *OOOH2 → *OOH → *O → *OH → *H2O → *,False,2,*OOOH2,*OOH,dehydroxylation,0,-2.1479,0.0837,0.3215,-2.3858,-999.0,False,22
deepseek-v3.2,10770855,Pt(111)_ORR,*OO → *OOOH → *OOOH2 → *OOH → *O → *OH → *H2O → *,False,3,*OOH,*O,bond_dissociation,0,-2.3129,0.0708,0.2201,-2.4623,-999.0,False,22
deepseek-v3.2,10770855,Pt(111)_ORR,*OO → *OOOH → *OOOH2 → *OOH → *O → *OH → *H2O → *,False,4,*O,*OH,protonation,-1,-0.5753,0.1478,-0.1623,-0.2652,-999.0,False,22
deepseek-v3.2,10770855,Pt(111)_ORR,*OO → *OOOH → *OOOH2 → *OOH → *O → *OH → *H2O → *,False,5,*OH,*H2O,protonation,-1,-1.1367,0.1386,-0.0439,-0.9541,-999.0,False,22
deepseek-v3.2,10770855,Pt(111)_ORR,*OO → *OOOH → *OOOH2 → *OOH → *O → *OH → *H2O → *,False,6,*H2O,*,desorption,0,0.412,-0.0634,0.3456,0.0031,-999.0,False,22
deepseek-v3.2,10770855,Pt(111)_ORR,*OO → *OOOH → *OOOH2 → *OOH → *O → *OH → *H2O → *,False,0,*OO,*OOOH,hydroxylation,1,1.9947,-0.0986,-0.2701,2.1662,-999.0,False,23
deepseek-v3.2,10770855,Pt(111)_ORR,*OO → *OOOH → *OOOH2 → *OOH → *O → *OH → *H2O → *,False,1,*OOOH,*OOOH2,protonation,-1,-0.4515,0.1708,-0.1854,-0.0953,-999.0,False,23
deepseek-v3.2,10770855,Pt(111)_ORR,*OO → *OOOH → *OOOH2 → *OOH → *O → *OH → *H2O → *,False,2,*OOOH2,*OOH,bond_dissociation,0,-2.1479,0.0837,0.3215,-2.3858,-999.0,False,23
deepseek-v3.2,10770855,Pt(111)_ORR,*OO → *OOOH → *OOOH2 → *OOH → *O → *OH → *H2O → *,False,3,*OOH,*O,dehydroxylation,0,-2.3129,0.0708,0.2201,-2.4623,-999.0,False,23
deepseek-v3.2,10770855,Pt(111)_ORR,*OO → *OOOH → *OOOH2 → *OOH → *O → *OH → *H2O → *,False,4,*O,*OH,protonation,-1,-0.5753,0.1478,-0.1623,-0.2652,-999.0,False,23
deepseek-v3.2,10770855,Pt(111)_ORR,*OO → *OOOH → *OOOH2 → *OOH → *O → *OH → *H2O → *,False,5,*OH,*H2O,protonation,-1,-1.1367,0.1386,-0.0439,-0.9541,-999.0,False,23
deepseek-v3.2,10770855,Pt(111)_ORR,*OO → *OOOH → *OOOH2 → *OOH → *O → *OH → *H2O → *,False,6,*H2O,*,desorption,0,0.412,-0.0634,0.3456,0.0031,-999.0,False,23
deepseek-v3.2,10770855,Pt(111)_ORR,*OO → *OOOH → *OOOH2 → *OOH → *O → *OH → *H2O → *,False,0,*OO,*OOOH,hydroxylation,1,1.9947,-0.0986,-0.2701,2.1662,-999.0,False,24
deepseek-v3.2,10770855,Pt(111)_ORR,*OO → *OOOH → *OOOH2 → *OOH → *O → *OH → *H2O → *,False,1,*OOOH,*OOOH2,protonation,-1,-0.4515,0.1708,-0.1854,-0.0953,-999.0,False,24
deepseek-v3.2,10770855,Pt(111)_ORR,*OO → *OOOH → *OOOH2 → *OOH → *O → *OH → *H2O → *,False,2,*OOOH2,*OOH,bond_dissociation,0,-2.1479,0.0837,0.3215,-2.3858,-999.0,False,24
deepseek-v3.2,10770855,Pt(111)_ORR,*OO → *OOOH → *OOOH2 → *OOH → *O → *OH → *H2O → *,False,3,*OOH,*O,bond_dissociation,0,-2.3129,0.0708,0.2201,-2.4623,-999.0,False,24
deepseek-v3.2,10770855,Pt(111)_ORR,*OO → *OOOH → *OOOH2 → *OOH → *O → *OH → *H2O → *,False,4,*O,*OH,protonation,-1,-0.5753,0.1478,-0.1623,-0.2652,-999.0,False,24
deepseek-v3.2,10770855,Pt(111)_ORR,*OO → *OOOH → *OOOH2 → *OOH → *O → *OH → *H2O → *,False,5,*OH,*H2O,protonation,-1,-1.1367,0.1386,-0.0439,-0.9541,-999.0,False,24
deepseek-v3.2,10770855,Pt(111)_ORR,*OO → *OOOH → *OOOH2 → *OOH → *O → *OH → *H2O → *,False,6,*H2O,*,desorption,0,0.412,-0.0634,0.3456,0.0031,-999.0,False,24
deepseek-v3.2,10770855,Pt(111)_ORR,*OO → *OOOH → *OOHOH → *OOH → *O(OH)H → *OH → *H2O → *,False,0,*OO,*OOOH,hydroxylation,1,1.9947,-0.0986,-0.2701,2.1662,-999.0,False,25
deepseek-v3.2,10770855,Pt(111)_ORR,*OO → *OOOH → *OOHOH → *OOH → *O(OH)H → *OH → *H2O → *,False,1,*OOOH,*OOHOH,protonation,-1,-0.4515,0.1708,-0.1853,-0.0954,-999.0,False,25
deepseek-v3.2,10770855,Pt(111)_ORR,*OO → *OOOH → *OOHOH → *OOH → *O(OH)H → *OH → *H2O → *,False,2,*OOHOH,*OOH,dehydroxylation,0,-2.1479,0.0837,0.3214,-2.3857,-999.0,False,25
deepseek-v3.2,10770855,Pt(111)_ORR,*OO → *OOOH → *OOHOH → *OOH → *O(OH)H → *OH → *H2O → *,False,3,*OOH,*O(OH)H,protonation,-1,-0.7222,0.1476,-0.1264,-0.4483,-999.0,False,25
deepseek-v3.2,10770855,Pt(111)_ORR,*OO → *OOOH → *OOHOH → *OOH → *O(OH)H → *OH → *H2O → *,False,4,*O(OH)H,*OH,dehydroxylation,0,-2.166,0.071,0.1842,-2.2792,-999.0,False,25
deepseek-v3.2,10770855,Pt(111)_ORR,*OO → *OOOH → *OOHOH → *OOH → *O(OH)H → *OH → *H2O → *,False,5,*OH,*H2O,protonation,-1,-1.1367,0.1386,-0.0439,-0.9541,-999.0,False,25
deepseek-v3.2,10770855,Pt(111)_ORR,*OO → *OOOH → *OOHOH → *OOH → *O(OH)H → *OH → *H2O → *,False,6,*H2O,*,desorption,0,0.412,-0.0634,0.3456,0.0031,-999.0,False,25
deepseek-v3.2,10770855,Pt(111)_ORR,*OO → *OOOH → *OOHOH → *OOH → *O(OH)H → *OH → *H2O → *,False,0,*OO,*OOOH,hydroxylation,1,1.9947,-0.0986,-0.2701,2.1662,-999.0,False,26
deepseek-v3.2,10770855,Pt(111)_ORR,*OO → *OOOH → *OOHOH → *OOH → *O(OH)H → *OH → *H2O → *,False,1,*OOOH,*OOHOH,protonation,-1,-0.4515,0.1708,-0.1853,-0.0954,-999.0,False,26
deepseek-v3.2,10770855,Pt(111)_ORR,*OO → *OOOH → *OOHOH → *OOH → *O(OH)H → *OH → *H2O → *,False,2,*OOHOH,*OOH,dehydroxylation,0,-2.1479,0.0837,0.3214,-2.3857,-999.0,False,26
deepseek-v3.2,10770855,Pt(111)_ORR,*OO → *OOOH → *OOHOH → *OOH → *O(OH)H → *OH → *H2O → *,False,3,*OOH,*O(OH)H,protonation,-1,-0.7222,0.1476,-0.1264,-0.4483,-999.0,False,26
deepseek-v3.2,10770855,Pt(111)_ORR,*OO → *OOOH → *OOHOH → *OOH → *O(OH)H → *OH → *H2O → *,False,4,*O(OH)H,*OH,bond_dissociation,0,-2.166,0.071,0.1842,-2.2792,-999.0,False,26
deepseek-v3.2,10770855,Pt(111)_ORR,*OO → *OOOH → *OOHOH → *OOH → *O(OH)H → *OH → *H2O → *,False,5,*OH,*H2O,protonation,-1,-1.1367,0.1386,-0.0439,-0.9541,-999.0,False,26
deepseek-v3.2,10770855,Pt(111)_ORR,*OO → *OOOH → *OOHOH → *OOH → *O(OH)H → *OH → *H2O → *,False,6,*H2O,*,desorption,0,0.412,-0.0634,0.3456,0.0031,-999.0,False,26
deepseek-v3.2,10770855,Pt(111)_ORR,*OO → *OOOH → *OOHOH → *OOH → *O(OH)H → *OH → *H2O → *,False,0,*OO,*OOOH,hydroxylation,1,1.9947,-0.0986,-0.2701,2.1662,-999.0,False,27
deepseek-v3.2,10770855,Pt(111)_ORR,*OO → *OOOH → *OOHOH → *OOH → *O(OH)H → *OH → *H2O → *,False,1,*OOOH,*OOHOH,protonation,-1,-0.4515,0.1708,-0.1853,-0.0954,-999.0,False,27
deepseek-v3.2,10770855,Pt(111)_ORR,*OO → *OOOH → *OOHOH → *OOH → *O(OH)H → *OH → *H2O → *,False,2,*OOHOH,*OOH,dehydroxylation,0,-2.1479,0.0837,0.3214,-2.3857,-999.0,False,27
deepseek-v3.2,10770855,Pt(111)_ORR,*OO → *OOOH → *OOHOH → *OOH → *O(OH)H → *OH → *H2O → *,False,3,*OOH,*O(OH)H,protonation,-1,-0.7222,0.1476,-0.1264,-0.4483,-999.0,False,27
deepseek-v3.2,10770855,Pt(111)_ORR,*OO → *OOOH → *OOHOH → *OOH → *O(OH)H → *OH → *H2O → *,False,4,*O(OH)H,*OH,desorption,0,-2.166,0.071,0.1842,-2.2792,-999.0,False,27
deepseek-v3.2,10770855,Pt(111)_ORR,*OO → *OOOH → *OOHOH → *OOH → *O(OH)H → *OH → *H2O → *,False,5,*OH,*H2O,protonation,-1,-1.1367,0.1386,-0.0439,-0.9541,-999.0,False,27
deepseek-v3.2,10770855,Pt(111)_ORR,*OO → *OOOH → *OOHOH → *OOH → *O(OH)H → *OH → *H2O → *,False,6,*H2O,*,desorption,0,0.412,-0.0634,0.3456,0.0031,-999.0,False,27
deepseek-v3.2,10770855,Pt(111)_ORR,*OO → *OOOH → *OOHOH → *OOH → *O(OH)H → *OH → *H2O → *,False,0,*OO,*OOOH,hydroxylation,1,1.9947,-0.0986,-0.2701,2.1662,-999.0,False,28
deepseek-v3.2,10770855,Pt(111)_ORR,*OO → *OOOH → *OOHOH → *OOH → *O(OH)H → *OH → *H2O → *,False,1,*OOOH,*OOHOH,protonation,-1,-0.4515,0.1708,-0.1853,-0.0954,-999.0,False,28
deepseek-v3.2,10770855,Pt(111)_ORR,*OO → *OOOH → *OOHOH → *OOH → *O(OH)H → *OH → *H2O → *,False,2,*OOHOH,*OOH,bond_dissociation,0,-2.1479,0.0837,0.3214,-2.3857,-999.0,False,28
deepseek-v3.2,10770855,Pt(111)_ORR,*OO → *OOOH → *OOHOH → *OOH → *O(OH)H → *OH → *H2O → *,False,3,*OOH,*O(OH)H,protonation,-1,-0.7222,0.1476,-0.1264,-0.4483,-999.0,False,28
deepseek-v3.2,10770855,Pt(111)_ORR,*OO → *OOOH → *OOHOH → *OOH → *O(OH)H → *OH → *H2O → *,False,4,*O(OH)H,*OH,dehydroxylation,0,-2.166,0.071,0.1842,-2.2792,-999.0,False,28
deepseek-v3.2,10770855,Pt(111)_ORR,*OO → *OOOH → *OOHOH → *OOH → *O(OH)H → *OH → *H2O → *,False,5,*OH,*H2O,protonation,-1,-1.1367,0.1386,-0.0439,-0.9541,-999.0,False,28
deepseek-v3.2,10770855,Pt(111)_ORR,*OO → *OOOH → *OOHOH → *OOH → *O(OH)H → *OH → *H2O → *,False,6,*H2O,*,desorption,0,0.412,-0.0634,0.3456,0.0031,-999.0,False,28
deepseek-v3.2,10770855,Pt(111)_ORR,*OO → *OOOH → *OOHOH → *OOH → *O(OH)H → *OH → *H2O → *,False,0,*OO,*OOOH,hydroxylation,1,1.9947,-0.0986,-0.2701,2.1662,-999.0,False,29
deepseek-v3.2,10770855,Pt(111)_ORR,*OO → *OOOH → *OOHOH → *OOH → *O(OH)H → *OH → *H2O → *,False,1,*OOOH,*OOHOH,protonation,-1,-0.4515,0.1708,-0.1853,-0.0954,-999.0,False,29
deepseek-v3.2,10770855,Pt(111)_ORR,*OO → *OOOH → *OOHOH → *OOH → *O(OH)H → *OH → *H2O → *,False,2,*OOHOH,*OOH,bond_dissociation,0,-2.1479,0.0837,0.3214,-2.3857,-999.0,False,29
deepseek-v3.2,10770855,Pt(111)_ORR,*OO → *OOOH → *OOHOH → *OOH → *O(OH)H → *OH → *H2O → *,False,3,*OOH,*O(OH)H,protonation,-1,-0.7222,0.1476,-0.1264,-0.4483,-999.0,False,29
deepseek-v3.2,10770855,Pt(111)_ORR,*OO → *OOOH → *OOHOH → *OOH → *O(OH)H → *OH → *H2O → *,False,4,*O(OH)H,*OH,bond_dissociation,0,-2.166,0.071,0.1842,-2.2792,-999.0,False,29
deepseek-v3.2,10770855,Pt(111)_ORR,*OO → *OOOH → *OOHOH → *OOH → *O(OH)H → *OH → *H2O → *,False,5,*OH,*H2O,protonation,-1,-1.1367,0.1386,-0.0439,-0.9541,-999.0,False,29
deepseek-v3.2,10770855,Pt(111)_ORR,*OO → *OOOH → *OOHOH → *OOH → *O(OH)H → *OH → *H2O → *,False,6,*H2O,*,desorption,0,0.412,-0.0634,0.3456,0.0031,-999.0,False,29
deepseek-v3.2,10770855,Pt(111)_ORR,*OO → *OOOH → *OOHOH → *OOH → *O(OH)H → *OH → *H2O → *,False,0,*OO,*OOOH,hydroxylation,1,1.9947,-0.0986,-0.2701,2.1662,-999.0,False,30
deepseek-v3.2,10770855,Pt(111)_ORR,*OO → *OOOH → *OOHOH → *OOH → *O(OH)H → *OH → *H2O → *,False,1,*OOOH,*OOHOH,protonation,-1,-0.4515,0.1708,-0.1853,-0.0954,-999.0,False,30
deepseek-v3.2,10770855,Pt(111)_ORR,*OO → *OOOH → *OOHOH → *OOH → *O(OH)H → *OH → *H2O → *,False,2,*OOHOH,*OOH,bond_dissociation,0,-2.1479,0.0837,0.3214,-2.3857,-999.0,False,30
deepseek-v3.2,10770855,Pt(111)_ORR,*OO → *OOOH → *OOHOH → *OOH → *O(OH)H → *OH → *H2O → *,False,3,*OOH,*O(OH)H,protonation,-1,-0.7222,0.1476,-0.1264,-0.4483,-999.0,False,30
deepseek-v3.2,10770855,Pt(111)_ORR,*OO → *OOOH → *OOHOH → *OOH → *O(OH)H → *OH → *H2O → *,False,4,*O(OH)H,*OH,desorption,0,-2.166,0.071,0.1842,-2.2792,-999.0,False,30
deepseek-v3.2,10770855,Pt(111)_ORR,*OO → *OOOH → *OOHOH → *OOH → *O(OH)H → *OH → *H2O → *,False,5,*OH,*H2O,protonation,-1,-1.1367,0.1386,-0.0439,-0.9541,-999.0,False,30
deepseek-v3.2,10770855,Pt(111)_ORR,*OO → *OOOH → *OOHOH → *OOH → *O(OH)H → *OH → *H2O → *,False,6,*H2O,*,desorption,0,0.412,-0.0634,0.3456,0.0031,-999.0,False,30
deepseek-v3.2,10770855,Pt(111)_ORR,*OO → *OOOH → *OOHOH → *OOH → *O(OH)H → *OH → *H2O → *,False,0,*OO,*OOOH,hydroxylation,1,1.9947,-0.0986,-0.2701,2.1662,-999.0,False,31
deepseek-v3.2,10770855,Pt(111)_ORR,*OO → *OOOH → *OOHOH → *OOH → *O(OH)H → *OH → *H2O → *,False,1,*OOOH,*OOHOH,protonation,-1,-0.4515,0.1708,-0.1853,-0.0954,-999.0,False,31
deepseek-v3.2,10770855,Pt(111)_ORR,*OO → *OOOH → *OOHOH → *OOH → *O(OH)H → *OH → *H2O → *,False,2,*OOHOH,*OOH,desorption,0,-2.1479,0.0837,0.3214,-2.3857,-999.0,False,31
deepseek-v3.2,10770855,Pt(111)_ORR,*OO → *OOOH → *OOHOH → *OOH → *O(OH)H → *OH → *H2O → *,False,3,*OOH,*O(OH)H,protonation,-1,-0.7222,0.1476,-0.1264,-0.4483,-999.0,False,31
deepseek-v3.2,10770855,Pt(111)_ORR,*OO → *OOOH → *OOHOH → *OOH → *O(OH)H → *OH → *H2O → *,False,4,*O(OH)H,*OH,dehydroxylation,0,-2.166,0.071,0.1842,-2.2792,-999.0,False,31
deepseek-v3.2,10770855,Pt(111)_ORR,*OO → *OOOH → *OOHOH → *OOH → *O(OH)H → *OH → *H2O → *,False,5,*OH,*H2O,protonation,-1,-1.1367,0.1386,-0.0439,-0.9541,-999.0,False,31
deepseek-v3.2,10770855,Pt(111)_ORR,*OO → *OOOH → *OOHOH → *OOH → *O(OH)H → *OH → *H2O → *,False,6,*H2O,*,desorption,0,0.412,-0.0634,0.3456,0.0031,-999.0,False,31
deepseek-v3.2,10770855,Pt(111)_ORR,*OO → *OOOH → *OOHOH → *OOH → *O(OH)H → *OH → *H2O → *,False,0,*OO,*OOOH,hydroxylation,1,1.9947,-0.0986,-0.2701,2.1662,-999.0,False,32
deepseek-v3.2,10770855,Pt(111)_ORR,*OO → *OOOH → *OOHOH → *OOH → *O(OH)H → *OH → *H2O → *,False,1,*OOOH,*OOHOH,protonation,-1,-0.4515,0.1708,-0.1853,-0.0954,-999.0,False,32
deepseek-v3.2,10770855,Pt(111)_ORR,*OO → *OOOH → *OOHOH → *OOH → *O(OH)H → *OH → *H2O → *,False,2,*OOHOH,*OOH,desorption,0,-2.1479,0.0837,0.3214,-2.3857,-999.0,False,32
deepseek-v3.2,10770855,Pt(111)_ORR,*OO → *OOOH → *OOHOH → *OOH → *O(OH)H → *OH → *H2O → *,False,3,*OOH,*O(OH)H,protonation,-1,-0.7222,0.1476,-0.1264,-0.4483,-999.0,False,32
deepseek-v3.2,10770855,Pt(111)_ORR,*OO → *OOOH → *OOHOH → *OOH → *O(OH)H → *OH → *H2O → *,False,4,*O(OH)H,*OH,bond_dissociation,0,-2.166,0.071,0.1842,-2.2792,-999.0,False,32
deepseek-v3.2,10770855,Pt(111)_ORR,*OO → *OOOH → *OOHOH → *OOH → *O(OH)H → *OH → *H2O → *,False,5,*OH,*H2O,protonation,-1,-1.1367,0.1386,-0.0439,-0.9541,-999.0,False,32
deepseek-v3.2,10770855,Pt(111)_ORR,*OO → *OOOH → *OOHOH → *OOH → *O(OH)H → *OH → *H2O → *,False,6,*H2O,*,desorption,0,0.412,-0.0634,0.3456,0.0031,-999.0,False,32
deepseek-v3.2,10770855,Pt(111)_ORR,*OO → *OOOH → *OOHOH → *OOH → *O(OH)H → *OH → *H2O → *,False,0,*OO,*OOOH,hydroxylation,1,1.9947,-0.0986,-0.2701,2.1662,-999.0,False,33
deepseek-v3.2,10770855,Pt(111)_ORR,*OO → *OOOH → *OOHOH → *OOH → *O(OH)H → *OH → *H2O → *,False,1,*OOOH,*OOHOH,protonation,-1,-0.4515,0.1708,-0.1853,-0.0954,-999.0,False,33
deepseek-v3.2,10770855,Pt(111)_ORR,*OO → *OOOH → *OOHOH → *OOH → *O(OH)H → *OH → *H2O → *,False,2,*OOHOH,*OOH,desorption,0,-2.1479,0.0837,0.3214,-2.3857,-999.0,False,33
deepseek-v3.2,10770855,Pt(111)_ORR,*OO → *OOOH → *OOHOH → *OOH → *O(OH)H → *OH → *H2O → *,False,3,*OOH,*O(OH)H,protonation,-1,-0.7222,0.1476,-0.1264,-0.4483,-999.0,False,33
deepseek-v3.2,10770855,Pt(111)_ORR,*OO → *OOOH → *OOHOH → *OOH → *O(OH)H → *OH → *H2O → *,False,4,*O(OH)H,*OH,desorption,0,-2.166,0.071,0.1842,-2.2792,-999.0,False,33
deepseek-v3.2,10770855,Pt(111)_ORR,*OO → *OOOH → *OOHOH → *OOH → *O(OH)H → *OH → *H2O → *,False,5,*OH,*H2O,protonation,-1,-1.1367,0.1386,-0.0439,-0.9541,-999.0,False,33
deepseek-v3.2,10770855,Pt(111)_ORR,*OO → *OOOH → *OOHOH → *OOH → *O(OH)H → *OH → *H2O → *,False,6,*H2O,*,desorption,0,0.412,-0.0634,0.3456,0.0031,-999.0,False,33
deepseek-v3.2,10770855,Pt(111)_ORR,*OO → *OOOH → *OOHOH → *OOH → *O → *OH → *H2O → *,False,0,*OO,*OOOH,hydroxylation,1,1.9947,-0.0986,-0.2701,2.1662,-999.0,False,34
deepseek-v3.2,10770855,Pt(111)_ORR,*OO → *OOOH → *OOHOH → *OOH → *O → *OH → *H2O → *,False,1,*OOOH,*OOHOH,protonation,-1,-0.4515,0.1708,-0.1853,-0.0954,-999.0,False,34
deepseek-v3.2,10770855,Pt(111)_ORR,*OO → *OOOH → *OOHOH → *OOH → *O → *OH → *H2O → *,False,2,*OOHOH,*OOH,dehydroxylation,0,-2.1479,0.0837,0.3214,-2.3857,-999.0,False,34
deepseek-v3.2,10770855,Pt(111)_ORR,*OO → *OOOH → *OOHOH → *OOH → *O → *OH → *H2O → *,False,3,*OOH,*O,dehydroxylation,0,-2.3129,0.0708,0.2201,-2.4623,-999.0,False,34
deepseek-v3.2,10770855,Pt(111)_ORR,*OO → *OOOH → *OOHOH → *OOH → *O → *OH → *H2O → *,False,4,*O,*OH,protonation,-1,-0.5753,0.1478,-0.1623,-0.2652,-999.0,False,34
deepseek-v3.2,10770855,Pt(111)_ORR,*OO → *OOOH → *OOHOH → *OOH → *O → *OH → *H2O → *,False,5,*OH,*H2O,protonation,-1,-1.1367,0.1386,-0.0439,-0.9541,-999.0,False,34
deepseek-v3.2,10770855,Pt(111)_ORR,*OO → *OOOH → *OOHOH → *OOH → *O → *OH → *H2O → *,False,6,*H2O,*,desorption,0,0.412,-0.0634,0.3456,0.0031,-999.0,False,34
deepseek-v3.2,10770855,Pt(111)_ORR,*OO → *OOOH → *OOHOH → *OOH → *O → *OH → *H2O → *,False,0,*OO,*OOOH,hydroxylation,1,1.9947,-0.0986,-0.2701,2.1662,-999.0,False,35
deepseek-v3.2,10770855,Pt(111)_ORR,*OO → *OOOH → *OOHOH → *OOH → *O → *OH → *H2O → *,False,1,*OOOH,*OOHOH,protonation,-1,-0.4515,0.1708,-0.1853,-0.0954,-999.0,False,35
deepseek-v3.2,10770855,Pt(111)_ORR,*OO → *OOOH → *OOHOH → *OOH → *O → *OH → *H2O → *,False,2,*OOHOH,*OOH,dehydroxylation,0,-2.1479,0.0837,0.3214,-2.3857,-999.0,False,35
deepseek-v3.2,10770855,Pt(111)_ORR,*OO → *OOOH → *OOHOH → *OOH → *O → *OH → *H2O → *,False,3,*OOH,*O,bond_dissociation,0,-2.3129,0.0708,0.2201,-2.4623,-999.0,False,35
deepseek-v3.2,10770855,Pt(111)_ORR,*OO → *OOOH → *OOHOH → *OOH → *O → *OH → *H2O → *,False,4,*O,*OH,protonation,-1,-0.5753,0.1478,-0.1623,-0.2652,-999.0,False,35
deepseek-v3.2,10770855,Pt(111)_ORR,*OO → *OOOH → *OOHOH → *OOH → *O → *OH → *H2O → *,False,5,*OH,*H2O,protonation,-1,-1.1367,0.1386,-0.0439,-0.9541,-999.0,False,35
deepseek-v3.2,10770855,Pt(111)_ORR,*OO → *OOOH → *OOHOH → *OOH → *O → *OH → *H2O → *,False,6,*H2O,*,desorption,0,0.412,-0.0634,0.3456,0.0031,-999.0,False,35
deepseek-v3.2,10770855,Pt(111)_ORR,*OO → *OOOH → *OOHOH → *OOH → *O → *OH → *H2O → *,False,0,*OO,*OOOH,hydroxylation,1,1.9947,-0.0986,-0.2701,2.1662,-999.0,False,36
deepseek-v3.2,10770855,Pt(111)_ORR,*OO → *OOOH → *OOHOH → *OOH → *O → *OH → *H2O → *,False,1,*OOOH,*OOHOH,protonation,-1,-0.4515,0.1708,-0.1853,-0.0954,-999.0,False,36
deepseek-v3.2,10770855,Pt(111)_ORR,*OO → *OOOH → *OOHOH → *OOH → *O → *OH → *H2O → *,False,2,*OOHOH,*OOH,bond_dissociation,0,-2.1479,0.0837,0.3214,-2.3857,-999.0,False,36
deepseek-v3.2,10770855,Pt(111)_ORR,*OO → *OOOH → *OOHOH → *OOH → *O → *OH → *H2O → *,False,3,*OOH,*O,dehydroxylation,0,-2.3129,0.0708,0.2201,-2.4623,-999.0,False,36
deepseek-v3.2,10770855,Pt(111)_ORR,*OO → *OOOH → *OOHOH → *OOH → *O → *OH → *H2O → *,False,4,*O,*OH,protonation,-1,-0.5753,0.1478,-0.1623,-0.2652,-999.0,False,36
deepseek-v3.2,10770855,Pt(111)_ORR,*OO → *OOOH → *OOHOH → *OOH → *O → *OH → *H2O → *,False,5,*OH,*H2O,protonation,-1,-1.1367,0.1386,-0.0439,-0.9541,-999.0,False,36
deepseek-v3.2,10770855,Pt(111)_ORR,*OO → *OOOH → *OOHOH → *OOH → *O → *OH → *H2O → *,False,6,*H2O,*,desorption,0,0.412,-0.0634,0.3456,0.0031,-999.0,False,36
deepseek-v3.2,10770855,Pt(111)_ORR,*OO → *OOOH → *OOHOH → *OOH → *O → *OH → *H2O → *,False,0,*OO,*OOOH,hydroxylation,1,1.9947,-0.0986,-0.2701,2.1662,-999.0,False,37
deepseek-v3.2,10770855,Pt(111)_ORR,*OO → *OOOH → *OOHOH → *OOH → *O → *OH → *H2O → *,False,1,*OOOH,*OOHOH,protonation,-1,-0.4515,0.1708,-0.1853,-0.0954,-999.0,False,37
deepseek-v3.2,10770855,Pt(111)_ORR,*OO → *OOOH → *OOHOH → *OOH → *O → *OH → *H2O → *,False,2,*OOHOH,*OOH,bond_dissociation,0,-2.1479,0.0837,0.3214,-2.3857,-999.0,False,37
deepseek-v3.2,10770855,Pt(111)_ORR,*OO → *OOOH → *OOHOH → *OOH → *O → *OH → *H2O → *,False,3,*OOH,*O,bond_dissociation,0,-2.3129,0.0708,0.2201,-2.4623,-999.0,False,37
deepseek-v3.2,10770855,Pt(111)_ORR,*OO → *OOOH → *OOHOH → *OOH → *O → *OH → *H2O → *,False,4,*O,*OH,protonation,-1,-0.5753,0.1478,-0.1623,-0.2652,-999.0,False,37
deepseek-v3.2,10770855,Pt(111)_ORR,*OO → *OOOH → *OOHOH → *OOH → *O → *OH → *H2O → *,False,5,*OH,*H2O,protonation,-1,-1.1367,0.1386,-0.0439,-0.9541,-999.0,False,37
deepseek-v3.2,10770855,Pt(111)_ORR,*OO → *OOOH → *OOHOH → *OOH → *O → *OH → *H2O → *,False,6,*H2O,*,desorption,0,0.412,-0.0634,0.3456,0.0031,-999.0,False,37
deepseek-v3.2,10770855,Pt(111)_ORR,*OO → *OOOH → *OOHOH → *OOH → *O → *OH → *H2O → *,False,0,*OO,*OOOH,hydroxylation,1,1.9947,-0.0986,-0.2701,2.1662,-999.0,False,38
deepseek-v3.2,10770855,Pt(111)_ORR,*OO → *OOOH → *OOHOH → *OOH → *O → *OH → *H2O → *,False,1,*OOOH,*OOHOH,protonation,-1,-0.4515,0.1708,-0.1853,-0.0954,-999.0,False,38
deepseek-v3.2,10770855,Pt(111)_ORR,*OO → *OOOH → *OOHOH → *OOH → *O → *OH → *H2O → *,False,2,*OOHOH,*OOH,desorption,0,-2.1479,0.0837,0.3214,-2.3857,-999.0,False,38
deepseek-v3.2,10770855,Pt(111)_ORR,*OO → *OOOH → *OOHOH → *OOH → *O → *OH → *H2O → *,False,3,*OOH,*O,dehydroxylation,0,-2.3129,0.0708,0.2201,-2.4623,-999.0,False,38
deepseek-v3.2,10770855,Pt(111)_ORR,*OO → *OOOH → *OOHOH → *OOH → *O → *OH → *H2O → *,False,4,*O,*OH,protonation,-1,-0.5753,0.1478,-0.1623,-0.2652,-999.0,False,38
deepseek-v3.2,10770855,Pt(111)_ORR,*OO → *OOOH → *OOHOH → *OOH → *O → *OH → *H2O → *,False,5,*OH,*H2O,protonation,-1,-1.1367,0.1386,-0.0439,-0.9541,-999.0,False,38
deepseek-v3.2,10770855,Pt(111)_ORR,*OO → *OOOH → *OOHOH → *OOH → *O → *OH → *H2O → *,False,6,*H2O,*,desorption,0,0.412,-0.0634,0.3456,0.0031,-999.0,False,38
deepseek-v3.2,10770855,Pt(111)_ORR,*OO → *OOOH → *OOHOH → *OOH → *O → *OH → *H2O → *,False,0,*OO,*OOOH,hydroxylation,1,1.9947,-0.0986,-0.2701,2.1662,-999.0,False,39
deepseek-v3.2,10770855,Pt(111)_ORR,*OO → *OOOH → *OOHOH → *OOH → *O → *OH → *H2O → *,False,1,*OOOH,*OOHOH,protonation,-1,-0.4515,0.1708,-0.1853,-0.0954,-999.0,False,39
deepseek-v3.2,10770855,Pt(111)_ORR,*OO → *OOOH → *OOHOH → *OOH → *O → *OH → *H2O → *,False,2,*OOHOH,*OOH,desorption,0,-2.1479,0.0837,0.3214,-2.3857,-999.0,False,39
deepseek-v3.2,10770855,Pt(111)_ORR,*OO → *OOOH → *OOHOH → *OOH → *O → *OH → *H2O → *,False,3,*OOH,*O,bond_dissociation,0,-2.3129,0.0708,0.2201,-2.4623,-999.0,False,39
deepseek-v3.2,10770855,Pt(111)_ORR,*OO → *OOOH → *OOHOH → *OOH → *O → *OH → *H2O → *,False,4,*O,*OH,protonation,-1,-0.5753,0.1478,-0.1623,-0.2652,-999.0,False,39
deepseek-v3.2,10770855,Pt(111)_ORR,*OO → *OOOH → *OOHOH → *OOH → *O → *OH → *H2O → *,False,5,*OH,*H2O,protonation,-1,-1.1367,0.1386,-0.0439,-0.9541,-999.0,False,39
deepseek-v3.2,10770855,Pt(111)_ORR,*OO → *OOOH → *OOHOH → *OOH → *O → *OH → *H2O → *,False,6,*H2O,*,desorption,0,0.412,-0.0634,0.3456,0.0031,-999.0,False,39
deepseek-v3.2,10770855,Pt(111)_ORR,*OO → *OOOH → *OOHOH → *O → *OOH → *OH → *H2O → *,False,0,*OO,*OOOH,hydroxylation,1,1.9947,-0.0986,-0.2701,2.1662,-999.0,False,40
deepseek-v3.2,10770855,Pt(111)_ORR,*OO → *OOOH → *OOHOH → *O → *OOH → *OH → *H2O → *,False,1,*OOOH,*OOHOH,protonation,-1,-0.4515,0.1708,-0.1853,-0.0954,-999.0,False,40
deepseek-v3.2,10770855,Pt(111)_ORR,*OO → *OOOH → *OOHOH → *O → *OOH → *OH → *H2O → *,False,2,*OOHOH,*O,bond_dissociation,0,-4.4608,0.1544,0.5415,-4.8479,-999.0,False,40
deepseek-v3.2,10770855,Pt(111)_ORR,*OO → *OOOH → *OOHOH → *O → *OOH → *OH → *H2O → *,False,3,*O,*OOH,hydroxylation,1,2.3129,-0.0708,-0.2201,2.4623,-999.0,False,40
deepseek-v3.2,10770855,Pt(111)_ORR,*OO → *OOOH → *OOHOH → *O → *OOH → *OH → *H2O → *,False,4,*OOH,*OH,bond_dissociation,0,-2.8882,0.2186,0.0578,-2.7275,-999.0,False,40
deepseek-v3.2,10770855,Pt(111)_ORR,*OO → *OOOH → *OOHOH → *O → *OOH → *OH → *H2O → *,False,5,*OH,*H2O,protonation,-1,-1.1367,0.1386,-0.0439,-0.9541,-999.0,False,40
deepseek-v3.2,10770855,Pt(111)_ORR,*OO → *OOOH → *OOHOH → *O → *OOH → *OH → *H2O → *,False,6,*H2O,*,desorption,0,0.412,-0.0634,0.3456,0.0031,-999.0,False,40
deepseek-v3.2,10770855,Pt(111)_ORR,*OO → *OOOH → *OOHOH → *OOHO → *O → *OH → *H2O → *,False,0,*OO,*OOOH,hydroxylation,1,1.9947,-0.0986,-0.2701,2.1662,-999.0,False,41
deepseek-v3.2,10770855,Pt(111)_ORR,*OO → *OOOH → *OOHOH → *OOHO → *O → *OH → *H2O → *,False,1,*OOOH,*OOHOH,protonation,-1,-0.4515,0.1708,-0.1853,-0.0954,-999.0,False,41
deepseek-v3.2,10770855,Pt(111)_ORR,*OO → *OOOH → *OOHOH → *OOHO → *O → *OH → *H2O → *,False,2,*OOHOH,*OOHO,bond_dissociation,0,0.4698,-0.1707,0.1699,0.1291,-999.0,False,41
deepseek-v3.2,10770855,Pt(111)_ORR,*OO → *OOOH → *OOHOH → *OOHO → *O → *OH → *H2O → *,False,3,*OOHO,*O,bond_dissociation,0,-4.9306,0.3252,0.3716,-4.977,-999.0,False,41
deepseek-v3.2,10770855,Pt(111)_ORR,*OO → *OOOH → *OOHOH → *OOHO → *O → *OH → *H2O → *,False,4,*O,*OH,protonation,-1,-0.5753,0.1478,-0.1623,-0.2652,-999.0,False,41
deepseek-v3.2,10770855,Pt(111)_ORR,*OO → *OOOH → *OOHOH → *OOHO → *O → *OH → *H2O → *,False,5,*OH,*H2O,protonation,-1,-1.1367,0.1386,-0.0439,-0.9541,-999.0,False,41
deepseek-v3.2,10770855,Pt(111)_ORR,*OO → *OOOH → *OOHOH → *OOHO → *O → *OH → *H2O → *,False,6,*H2O,*,desorption,0,0.412,-0.0634,0.3456,0.0031,-999.0,False,41
deepseek-v3.2,10770855,Pt(111)_ORR,*OO → *OOOH → *OOHOH → *OOHO → *OOH → *OH → *H2O → *,False,0,*OO,*OOOH,hydroxylation,1,1.9947,-0.0986,-0.2701,2.1662,-999.0,False,42
deepseek-v3.2,10770855,Pt(111)_ORR,*OO → *OOOH → *OOHOH → *OOHO → *OOH → *OH → *H2O → *,False,1,*OOOH,*OOHOH,protonation,-1,-0.4515,0.1708,-0.1853,-0.0954,-999.0,False,42
deepseek-v3.2,10770855,Pt(111)_ORR,*OO → *OOOH → *OOHOH → *OOHO → *OOH → *OH → *H2O → *,False,2,*OOHOH,*OOHO,deprotonation,1,0.4698,-0.1707,0.1699,0.1291,-999.0,False,42
deepseek-v3.2,10770855,Pt(111)_ORR,*OO → *OOOH → *OOHOH → *OOHO → *OOH → *OH → *H2O → *,False,3,*OOHO,*OOH,bond_dissociation,0,-2.6177,0.2544,0.1515,-2.5148,-999.0,False,42
deepseek-v3.2,10770855,Pt(111)_ORR,*OO → *OOOH → *OOHOH → *OOHO → *OOH → *OH → *H2O → *,False,4,*OOH,*OH,bond_dissociation,0,-2.8882,0.2186,0.0578,-2.7275,-999.0,False,42
deepseek-v3.2,10770855,Pt(111)_ORR,*OO → *OOOH → *OOHOH → *OOHO → *OOH → *OH → *H2O → *,False,5,*OH,*H2O,protonation,-1,-1.1367,0.1386,-0.0439,-0.9541,-999.0,False,42
deepseek-v3.2,10770855,Pt(111)_ORR,*OO → *OOOH → *OOHOH → *OOHO → *OOH → *OH → *H2O → *,False,6,*H2O,*,desorption,0,0.412,-0.0634,0.3456,0.0031,-999.0,False,42
deepseek-v3.2,10770855,Pt(111)_ORR,*OO → *OOOH → *OOH → *OOHOH → *O → *OH → *H2O → *,False,0,*OO,*OOOH,hydroxylation,1,1.9947,-0.0986,-0.2701,2.1662,-999.0,False,43
deepseek-v3.2,10770855,Pt(111)_ORR,*OO → *OOOH → *OOH → *OOHOH → *O → *OH → *H2O → *,False,1,*OOOH,*OOH,bond_dissociation,0,-2.5995,0.2545,0.1361,-2.4811,-999.0,False,43
deepseek-v3.2,10770855,Pt(111)_ORR,*OO → *OOOH → *OOH → *OOHOH → *O → *OH → *H2O → *,False,2,*OOH,*OOHOH,hydroxylation,1,2.1479,-0.0837,-0.3214,2.3857,-999.0,False,43
deepseek-v3.2,10770855,Pt(111)_ORR,*OO → *OOOH → *OOH → *OOHOH → *O → *OH → *H2O → *,False,3,*OOHOH,*O,bond_dissociation,0,-4.4608,0.1544,0.5415,-4.8479,-999.0,False,43
deepseek-v3.2,10770855,Pt(111)_ORR,*OO → *OOOH → *OOH → *OOHOH → *O → *OH → *H2O → *,False,4,*O,*OH,protonation,-1,-0.5753,0.1478,-0.1623,-0.2652,-999.0,False,43
deepseek-v3.2,10770855,Pt(111)_ORR,*OO → *OOOH → *OOH → *OOHOH → *O → *OH → *H2O → *,False,5,*OH,*H2O,protonation,-1,-1.1367,0.1386,-0.0439,-0.9541,-999.0,False,43
deepseek-v3.2,10770855,Pt(111)_ORR,*OO → *OOOH → *OOH → *OOHOH → *O → *OH → *H2O → *,False,6,*H2O,*,desorption,0,0.412,-0.0634,0.3456,0.0031,-999.0,False,43
deepseek-v3.2,10770855,Pt(111)_ORR,*OO → *OOOH → *OOH → *OOHOH → *OOHO → *H → *H2O → *,False,0,*OO,*OOOH,hydroxylation,1,1.9947,-0.0986,-0.2701,2.1662,-999.0,False,44
deepseek-v3.2,10770855,Pt(111)_ORR,*OO → *OOOH → *OOH → *OOHOH → *OOHO → *H → *H2O → *,False,1,*OOOH,*OOH,bond_dissociation,0,-2.5995,0.2545,0.1361,-2.4811,-999.0,False,44
deepseek-v3.2,10770855,Pt(111)_ORR,*OO → *OOOH → *OOH → *OOHOH → *OOHO → *H → *H2O → *,False,2,*OOH,*OOHOH,hydroxylation,1,2.1479,-0.0837,-0.3214,2.3857,-999.0,False,44
deepseek-v3.2,10770855,Pt(111)_ORR,*OO → *OOOH → *OOH → *OOHOH → *OOHO → *H → *H2O → *,False,3,*OOHOH,*OOHO,deprotonation,1,0.4698,-0.1707,0.1699,0.1291,-999.0,False,44
deepseek-v3.2,10770855,Pt(111)_ORR,*OO → *OOOH → *OOH → *OOHOH → *OOHO → *H → *H2O → *,False,4,*OOHO,*H,bond_dissociation,0,-6.6638,0.5952,0.3384,-6.407,-999.0,False,44
deepseek-v3.2,10770855,Pt(111)_ORR,*OO → *OOOH → *OOH → *OOHOH → *OOHO → *H → *H2O → *,False,5,*H,*H2O,hydroxylation,1,0.0212,0.0164,-0.173,0.2106,-999.0,False,44
deepseek-v3.2,10770855,Pt(111)_ORR,*OO → *OOOH → *OOH → *OOHOH → *OOHO → *H → *H2O → *,False,6,*H2O,*,desorption,0,0.412,-0.0634,0.3456,0.0031,-999.0,False,44
deepseek-v3.2,10770855,Pt(111)_ORR,*OO → *O → *OOH → *OOHOH → *OOOH → *OH → *H2O → *,False,0,*OO,*O,bond_dissociation,0,-2.9177,0.2266,0.0861,-2.7772,-999.0,False,45
deepseek-v3.2,10770855,Pt(111)_ORR,*OO → *O → *OOH → *OOHOH → *OOOH → *OH → *H2O → *,False,1,*O,*OOH,hydroxylation,1,2.3129,-0.0708,-0.2201,2.4623,-999.0,False,45
deepseek-v3.2,10770855,Pt(111)_ORR,*OO → *O → *OOH → *OOHOH → *OOOH → *OH → *H2O → *,False,2,*OOH,*OOHOH,hydroxylation,1,2.1479,-0.0837,-0.3214,2.3857,-999.0,False,45
deepseek-v3.2,10770855,Pt(111)_ORR,*OO → *O → *OOH → *OOHOH → *OOOH → *OH → *H2O → *,False,3,*OOHOH,*OOOH,deprotonation,1,0.4515,-0.1708,0.1853,0.0954,-999.0,False,45
deepseek-v3.2,10770855,Pt(111)_ORR,*OO → *O → *OOH → *OOHOH → *OOOH → *OH → *H2O → *,False,4,*OOOH,*OH,bond_dissociation,0,-5.4877,0.473,0.1939,-5.2086,-999.0,False,45
deepseek-v3.2,10770855,Pt(111)_ORR,*OO → *O → *OOH → *OOHOH → *OOOH → *OH → *H2O → *,False,5,*OH,*H2O,protonation,-1,-1.1367,0.1386,-0.0439,-0.9541,-999.0,False,45
deepseek-v3.2,10770855,Pt(111)_ORR,*OO → *O → *OOH → *OOHOH → *OOOH → *OH → *H2O → *,False,6,*H2O,*,desorption,0,0.412,-0.0634,0.3456,0.0031,-999.0,False,45
deepseek-v3.2,10770855,Pt(111)_ORR,*OO → *O → *OOH → *OOHOH → *OOHO → *H → *H2O → *,False,0,*OO,*O,bond_dissociation,0,-2.9177,0.2266,0.0861,-2.7772,-999.0,False,46
deepseek-v3.2,10770855,Pt(111)_ORR,*OO → *O → *OOH → *OOHOH → *OOHO → *H → *H2O → *,False,1,*O,*OOH,hydroxylation,1,2.3129,-0.0708,-0.2201,2.4623,-999.0,False,46
deepseek-v3.2,10770855,Pt(111)_ORR,*OO → *O → *OOH → *OOHOH → *OOHO → *H → *H2O → *,False,2,*OOH,*OOHOH,hydroxylation,1,2.1479,-0.0837,-0.3214,2.3857,-999.0,False,46
deepseek-v3.2,10770855,Pt(111)_ORR,*OO → *O → *OOH → *OOHOH → *OOHO → *H → *H2O → *,False,3,*OOHOH,*OOHO,deprotonation,1,0.4698,-0.1707,0.1699,0.1291,-999.0,False,46
deepseek-v3.2,10770855,Pt(111)_ORR,*OO → *O → *OOH → *OOHOH → *OOHO → *H → *H2O → *,False,4,*OOHO,*H,bond_dissociation,0,-6.6638,0.5952,0.3384,-6.407,-999.0,False,46
deepseek-v3.2,10770855,Pt(111)_ORR,*OO → *O → *OOH → *OOHOH → *OOHO → *H → *H2O → *,False,5,*H,*H2O,hydroxylation,1,0.0212,0.0164,-0.173,0.2106,-999.0,False,46
deepseek-v3.2,10770855,Pt(111)_ORR,*OO → *O → *OOH → *OOHOH → *OOHO → *H → *H2O → *,False,6,*H2O,*,desorption,0,0.412,-0.0634,0.3456,0.0031,-999.0,False,46
deepseek-v3.2,10770855,Pt(111)_ORR,*OO → *OOOH → *OOOH2 → *OOH → *OOHOH → *OOHO → *H → *H2O → *,False,0,*OO,*OOOH,hydroxylation,1,1.9947,-0.0986,-0.2701,2.1662,-999.0,False,47
deepseek-v3.2,10770855,Pt(111)_ORR,*OO → *OOOH → *OOOH2 → *OOH → *OOHOH → *OOHO → *H → *H2O → *,False,1,*OOOH,*OOOH2,protonation,-1,-0.4515,0.1708,-0.1854,-0.0953,-999.0,False,47
deepseek-v3.2,10770855,Pt(111)_ORR,*OO → *OOOH → *OOOH2 → *OOH → *OOHOH → *OOHO → *H → *H2O → *,False,2,*OOOH2,*OOH,dehydroxylation,0,-2.1479,0.0837,0.3215,-2.3858,-999.0,False,47
deepseek-v3.2,10770855,Pt(111)_ORR,*OO → *OOOH → *OOOH2 → *OOH → *OOHOH → *OOHO → *H → *H2O → *,False,3,*OOH,*OOHOH,hydroxylation,1,2.1479,-0.0837,-0.3214,2.3857,-999.0,False,47
deepseek-v3.2,10770855,Pt(111)_ORR,*OO → *OOOH → *OOOH2 → *OOH → *OOHOH → *OOHO → *H → *H2O → *,False,4,*OOHOH,*OOHO,bond_dissociation,0,0.4698,-0.1707,0.1699,0.1291,-999.0,False,47
deepseek-v3.2,10770855,Pt(111)_ORR,*OO → *OOOH → *OOOH2 → *OOH → *OOHOH → *OOHO → *H → *H2O → *,False,5,*OOHO,*H,bond_dissociation,0,-6.6638,0.5952,0.3384,-6.407,-999.0,False,47
deepseek-v3.2,10770855,Pt(111)_ORR,*OO → *OOOH → *OOOH2 → *OOH → *OOHOH → *OOHO → *H → *H2O → *,False,6,*H,*H2O,hydroxylation,1,0.0212,0.0164,-0.173,0.2106,-999.0,False,47
deepseek-v3.2,10770855,Pt(111)_ORR,*OO → *OOOH → *OOOH2 → *OOH → *OOHOH → *OOHO → *H → *H2O → *,False,7,*H2O,*,desorption,0,0.412,-0.0634,0.3456,0.0031,-999.0,False,47
deepseek-v3.2,10770855,Pt(111)_ORR,*OO → *OOOH → *OOOH2 → *OOH → *OOHOH → *OOHO → *H → *H2O → *,False,0,*OO,*OOOH,hydroxylation,1,1.9947,-0.0986,-0.2701,2.1662,-999.0,False,48
deepseek-v3.2,10770855,Pt(111)_ORR,*OO → *OOOH → *OOOH2 → *OOH → *OOHOH → *OOHO → *H → *H2O → *,False,1,*OOOH,*OOOH2,protonation,-1,-0.4515,0.1708,-0.1854,-0.0953,-999.0,False,48
deepseek-v3.2,10770855,Pt(111)_ORR,*OO → *OOOH → *OOOH2 → *OOH → *OOHOH → *OOHO → *H → *H2O → *,False,2,*OOOH2,*OOH,bond_dissociation,0,-2.1479,0.0837,0.3215,-2.3858,-999.0,False,48
deepseek-v3.2,10770855,Pt(111)_ORR,*OO → *OOOH → *OOOH2 → *OOH → *OOHOH → *OOHO → *H → *H2O → *,False,3,*OOH,*OOHOH,hydroxylation,1,2.1479,-0.0837,-0.3214,2.3857,-999.0,False,48
deepseek-v3.2,10770855,Pt(111)_ORR,*OO → *OOOH → *OOOH2 → *OOH → *OOHOH → *OOHO → *H → *H2O → *,False,4,*OOHOH,*OOHO,bond_dissociation,0,0.4698,-0.1707,0.1699,0.1291,-999.0,False,48
deepseek-v3.2,10770855,Pt(111)_ORR,*OO → *OOOH → *OOOH2 → *OOH → *OOHOH → *OOHO → *H → *H2O → *,False,5,*OOHO,*H,bond_dissociation,0,-6.6638,0.5952,0.3384,-6.407,-999.0,False,48
deepseek-v3.2,10770855,Pt(111)_ORR,*OO → *OOOH → *OOOH2 → *OOH → *OOHOH → *OOHO → *H → *H2O → *,False,6,*H,*H2O,hydroxylation,1,0.0212,0.0164,-0.173,0.2106,-999.0,False,48
deepseek-v3.2,10770855,Pt(111)_ORR,*OO → *OOOH → *OOOH2 → *OOH → *OOHOH → *OOHO → *H → *H2O → *,False,7,*H2O,*,desorption,0,0.412,-0.0634,0.3456,0.0031,-999.0,False,48
deepseek-v3.2,10770855,Pt(111)_ORR,*OO → *OOOH → *OOHOH → *OOHO → *O → *OOH → *OH → *H2O → *,False,0,*OO,*OOOH,hydroxylation,1,1.9947,-0.0986,-0.2701,2.1662,-999.0,False,49
deepseek-v3.2,10770855,Pt(111)_ORR,*OO → *OOOH → *OOHOH → *OOHO → *O → *OOH → *OH → *H2O → *,False,1,*OOOH,*OOHOH,protonation,-1,-0.4515,0.1708,-0.1853,-0.0954,-999.0,False,49
deepseek-v3.2,10770855,Pt(111)_ORR,*OO → *OOOH → *OOHOH → *OOHO → *O → *OOH → *OH → *H2O → *,False,2,*OOHOH,*OOHO,bond_dissociation,0,0.4698,-0.1707,0.1699,0.1291,-999.0,False,49
deepseek-v3.2,10770855,Pt(111)_ORR,*OO → *OOOH → *OOHOH → *OOHO → *O → *OOH → *OH → *H2O → *,False,3,*OOHO,*O,bond_dissociation,0,-4.9306,0.3252,0.3716,-4.977,-999.0,False,49
deepseek-v3.2,10770855,Pt(111)_ORR,*OO → *OOOH → *OOHOH → *OOHO → *O → *OOH → *OH → *H2O → *,False,4,*O,*OOH,hydroxylation,1,2.3129,-0.0708,-0.2201,2.4623,-999.0,False,49
deepseek-v3.2,10770855,Pt(111)_ORR,*OO → *OOOH → *OOHOH → *OOHO → *O → *OOH → *OH → *H2O → *,False,5,*OOH,*OH,bond_dissociation,0,-2.8882,0.2186,0.0578,-2.7275,-999.0,False,49
deepseek-v3.2,10770855,Pt(111)_ORR,*OO → *OOOH → *OOHOH → *OOHO → *O → *OOH → *OH → *H2O → *,False,6,*OH,*H2O,protonation,-1,-1.1367,0.1386,-0.0439,-0.9541,-999.0,False,49
deepseek-v3.2,10770855,Pt(111)_ORR,*OO → *OOOH → *OOHOH → *OOHO → *O → *OOH → *OH → *H2O → *,False,7,*H2O,*,desorption,0,0.412,-0.0634,0.3456,0.0031,-999.0,False,49
deepseek-v3.2,10770855,Pt(111)_ORR,*OO → *OOOH → *OOHOH → *OOHO → *OOH → *O(OH)H → *OH → *H2O → *,False,0,*OO,*OOOH,hydroxylation,1,1.9947,-0.0986,-0.2701,2.1662,-999.0,False,50
deepseek-v3.2,10770855,Pt(111)_ORR,*OO → *OOOH → *OOHOH → *OOHO → *OOH → *O(OH)H → *OH → *H2O → *,False,1,*OOOH,*OOHOH,protonation,-1,-0.4515,0.1708,-0.1853,-0.0954,-999.0,False,50
deepseek-v3.2,10770855,Pt(111)_ORR,*OO → *OOOH → *OOHOH → *OOHO → *OOH → *O(OH)H → *OH → *H2O → *,False,2,*OOHOH,*OOHO,bond_dissociation,0,0.4698,-0.1707,0.1699,0.1291,-999.0,False,50
deepseek-v3.2,10770855,Pt(111)_ORR,*OO → *OOOH → *OOHOH → *OOHO → *OOH → *O(OH)H → *OH → *H2O → *,False,3,*OOHO,*OOH,bond_dissociation,0,-2.6177,0.2544,0.1515,-2.5148,-999.0,False,50
deepseek-v3.2,10770855,Pt(111)_ORR,*OO → *OOOH → *OOHOH → *OOHO → *OOH → *O(OH)H → *OH → *H2O → *,False,4,*OOH,*O(OH)H,protonation,-1,-0.7222,0.1476,-0.1264,-0.4483,-999.0,False,50
deepseek-v3.2,10770855,Pt(111)_ORR,*OO → *OOOH → *OOHOH → *OOHO → *OOH → *O(OH)H → *OH → *H2O → *,False,5,*O(OH)H,*OH,dehydroxylation,0,-2.166,0.071,0.1842,-2.2792,-999.0,False,50
deepseek-v3.2,10770855,Pt(111)_ORR,*OO → *OOOH → *OOHOH → *OOHO → *OOH → *O(OH)H → *OH → *H2O → *,False,6,*OH,*H2O,protonation,-1,-1.1367,0.1386,-0.0439,-0.9541,-999.0,False,50
deepseek-v3.2,10770855,Pt(111)_ORR,*OO → *OOOH → *OOHOH → *OOHO → *OOH → *O(OH)H → *OH → *H2O → *,False,7,*H2O,*,desorption,0,0.412,-0.0634,0.3456,0.0031,-999.0,False,50
deepseek-v3.2,10770855,Pt(111)_ORR,*OO → *OOOH → *OOHOH → *OOHO → *OOH → *O(OH)H → *OH → *H2O → *,False,0,*OO,*OOOH,hydroxylation,1,1.9947,-0.0986,-0.2701,2.1662,-999.0,False,51
deepseek-v3.2,10770855,Pt(111)_ORR,*OO → *OOOH → *OOHOH → *OOHO → *OOH → *O(OH)H → *OH → *H2O → *,False,1,*OOOH,*OOHOH,protonation,-1,-0.4515,0.1708,-0.1853,-0.0954,-999.0,False,51
deepseek-v3.2,10770855,Pt(111)_ORR,*OO → *OOOH → *OOHOH → *OOHO → *OOH → *O(OH)H → *OH → *H2O → *,False,2,*OOHOH,*OOHO,bond_dissociation,0,0.4698,-0.1707,0.1699,0.1291,-999.0,False,51
deepseek-v3.2,10770855,Pt(111)_ORR,*OO → *OOOH → *OOHOH → *OOHO → *OOH → *O(OH)H → *OH → *H2O → *,False,3,*OOHO,*OOH,bond_dissociation,0,-2.6177,0.2544,0.1515,-2.5148,-999.0,False,51
deepseek-v3.2,10770855,Pt(111)_ORR,*OO → *OOOH → *OOHOH → *OOHO → *OOH → *O(OH)H → *OH → *H2O → *,False,4,*OOH,*O(OH)H,protonation,-1,-0.7222,0.1476,-0.1264,-0.4483,-999.0,False,51
deepseek-v3.2,10770855,Pt(111)_ORR,*OO → *OOOH → *OOHOH → *OOHO → *OOH → *O(OH)H → *OH → *H2O → *,False,5,*O(OH)H,*OH,bond_dissociation,0,-2.166,0.071,0.1842,-2.2792,-999.0,False,51
deepseek-v3.2,10770855,Pt(111)_ORR,*OO → *OOOH → *OOHOH → *OOHO → *OOH → *O(OH)H → *OH → *H2O → *,False,6,*OH,*H2O,protonation,-1,-1.1367,0.1386,-0.0439,-0.9541,-999.0,False,51
deepseek-v3.2,10770855,Pt(111)_ORR,*OO → *OOOH → *OOHOH → *OOHO → *OOH → *O(OH)H → *OH → *H2O → *,False,7,*H2O,*,desorption,0,0.412,-0.0634,0.3456,0.0031,-999.0,False,51
deepseek-v3.2,10770855,Pt(111)_ORR,*OO → *OOOH → *OOHOH → *OOHO → *OOH → *O(OH)H → *OH → *H2O → *,False,0,*OO,*OOOH,hydroxylation,1,1.9947,-0.0986,-0.2701,2.1662,-999.0,False,52
deepseek-v3.2,10770855,Pt(111)_ORR,*OO → *OOOH → *OOHOH → *OOHO → *OOH → *O(OH)H → *OH → *H2O → *,False,1,*OOOH,*OOHOH,protonation,-1,-0.4515,0.1708,-0.1853,-0.0954,-999.0,False,52
deepseek-v3.2,10770855,Pt(111)_ORR,*OO → *OOOH → *OOHOH → *OOHO → *OOH → *O(OH)H → *OH → *H2O → *,False,2,*OOHOH,*OOHO,bond_dissociation,0,0.4698,-0.1707,0.1699,0.1291,-999.0,False,52
deepseek-v3.2,10770855,Pt(111)_ORR,*OO → *OOOH → *OOHOH → *OOHO → *OOH → *O(OH)H → *OH → *H2O → *,False,3,*OOHO,*OOH,bond_dissociation,0,-2.6177,0.2544,0.1515,-2.5148,-999.0,False,52
deepseek-v3.2,10770855,Pt(111)_ORR,*OO → *OOOH → *OOHOH → *OOHO → *OOH → *O(OH)H → *OH → *H2O → *,False,4,*OOH,*O(OH)H,protonation,-1,-0.7222,0.1476,-0.1264,-0.4483,-999.0,False,52
deepseek-v3.2,10770855,Pt(111)_ORR,*OO → *OOOH → *OOHOH → *OOHO → *OOH → *O(OH)H → *OH → *H2O → *,False,5,*O(OH)H,*OH,desorption,0,-2.166,0.071,0.1842,-2.2792,-999.0,False,52
deepseek-v3.2,10770855,Pt(111)_ORR,*OO → *OOOH → *OOHOH → *OOHO → *OOH → *O(OH)H → *OH → *H2O → *,False,6,*OH,*H2O,protonation,-1,-1.1367,0.1386,-0.0439,-0.9541,-999.0,False,52
deepseek-v3.2,10770855,Pt(111)_ORR,*OO → *OOOH → *OOHOH → *OOHO → *OOH → *O(OH)H → *OH → *H2O → *,False,7,*H2O,*,desorption,0,0.412,-0.0634,0.3456,0.0031,-999.0,False,52
deepseek-v3.2,10770855,Pt(111)_ORR,*OO → *OOOH → *OOHOH → *OOHO → *OOH → *O → *OH → *H2O → *,False,0,*OO,*OOOH,hydroxylation,1,1.9947,-0.0986,-0.2701,2.1662,-999.0,False,53
deepseek-v3.2,10770855,Pt(111)_ORR,*OO → *OOOH → *OOHOH → *OOHO → *OOH → *O → *OH → *H2O → *,False,1,*OOOH,*OOHOH,protonation,-1,-0.4515,0.1708,-0.1853,-0.0954,-999.0,False,53
deepseek-v3.2,10770855,Pt(111)_ORR,*OO → *OOOH → *OOHOH → *OOHO → *OOH → *O → *OH → *H2O → *,False,2,*OOHOH,*OOHO,bond_dissociation,0,0.4698,-0.1707,0.1699,0.1291,-999.0,False,53
deepseek-v3.2,10770855,Pt(111)_ORR,*OO → *OOOH → *OOHOH → *OOHO → *OOH → *O → *OH → *H2O → *,False,3,*OOHO,*OOH,bond_dissociation,0,-2.6177,0.2544,0.1515,-2.5148,-999.0,False,53
deepseek-v3.2,10770855,Pt(111)_ORR,*OO → *OOOH → *OOHOH → *OOHO → *OOH → *O → *OH → *H2O → *,False,4,*OOH,*O,dehydroxylation,0,-2.3129,0.0708,0.2201,-2.4623,-999.0,False,53
deepseek-v3.2,10770855,Pt(111)_ORR,*OO → *OOOH → *OOHOH → *OOHO → *OOH → *O → *OH → *H2O → *,False,5,*O,*OH,protonation,-1,-0.5753,0.1478,-0.1623,-0.2652,-999.0,False,53
deepseek-v3.2,10770855,Pt(111)_ORR,*OO → *OOOH → *OOHOH → *OOHO → *OOH → *O → *OH → *H2O → *,False,6,*OH,*H2O,protonation,-1,-1.1367,0.1386,-0.0439,-0.9541,-999.0,False,53
deepseek-v3.2,10770855,Pt(111)_ORR,*OO → *OOOH → *OOHOH → *OOHO → *OOH → *O → *OH → *H2O → *,False,7,*H2O,*,desorption,0,0.412,-0.0634,0.3456,0.0031,-999.0,False,53
deepseek-v3.2,10770855,Pt(111)_ORR,*OO → *OOOH → *OOHOH → *OOHO → *OOH → *O → *OH → *H2O → *,False,0,*OO,*OOOH,hydroxylation,1,1.9947,-0.0986,-0.2701,2.1662,-999.0,False,54
deepseek-v3.2,10770855,Pt(111)_ORR,*OO → *OOOH → *OOHOH → *OOHO → *OOH → *O → *OH → *H2O → *,False,1,*OOOH,*OOHOH,protonation,-1,-0.4515,0.1708,-0.1853,-0.0954,-999.0,False,54
deepseek-v3.2,10770855,Pt(111)_ORR,*OO → *OOOH → *OOHOH → *OOHO → *OOH → *O → *OH → *H2O → *,False,2,*OOHOH,*OOHO,bond_dissociation,0,0.4698,-0.1707,0.1699,0.1291,-999.0,False,54
deepseek-v3.2,10770855,Pt(111)_ORR,*OO → *OOOH → *OOHOH → *OOHO → *OOH → *O → *OH → *H2O → *,False,3,*OOHO,*OOH,bond_dissociation,0,-2.6177,0.2544,0.1515,-2.5148,-999.0,False,54
deepseek-v3.2,10770855,Pt(111)_ORR,*OO → *OOOH → *OOHOH → *OOHO → *OOH → *O → *OH → *H2O → *,False,4,*OOH,*O,bond_dissociation,0,-2.3129,0.0708,0.2201,-2.4623,-999.0,False,54
deepseek-v3.2,10770855,Pt(111)_ORR,*OO → *OOOH → *OOHOH → *OOHO → *OOH → *O → *OH → *H2O → *,False,5,*O,*OH,protonation,-1,-0.5753,0.1478,-0.1623,-0.2652,-999.0,False,54
deepseek-v3.2,10770855,Pt(111)_ORR,*OO → *OOOH → *OOHOH → *OOHO → *OOH → *O → *OH → *H2O → *,False,6,*OH,*H2O,protonation,-1,-1.1367,0.1386,-0.0439,-0.9541,-999.0,False,54
deepseek-v3.2,10770855,Pt(111)_ORR,*OO → *OOOH → *OOHOH → *OOHO → *OOH → *O → *OH → *H2O → *,False,7,*H2O,*,desorption,0,0.412,-0.0634,0.3456,0.0031,-999.0,False,54
deepseek-v3.2,10770855,Pt(111)_ORR,*OO → *OOOH → *OOH → *OOHOH → *OOHO → *O → *OH → *H2O → *,False,0,*OO,*OOOH,hydroxylation,1,1.9947,-0.0986,-0.2701,2.1662,-999.0,False,55
deepseek-v3.2,10770855,Pt(111)_ORR,*OO → *OOOH → *OOH → *OOHOH → *OOHO → *O → *OH → *H2O → *,False,1,*OOOH,*OOH,bond_dissociation,0,-2.5995,0.2545,0.1361,-2.4811,-999.0,False,55
deepseek-v3.2,10770855,Pt(111)_ORR,*OO → *OOOH → *OOH → *OOHOH → *OOHO → *O → *OH → *H2O → *,False,2,*OOH,*OOHOH,hydroxylation,1,2.1479,-0.0837,-0.3214,2.3857,-999.0,False,55
deepseek-v3.2,10770855,Pt(111)_ORR,*OO → *OOOH → *OOH → *OOHOH → *OOHO → *O → *OH → *H2O → *,False,3,*OOHOH,*OOHO,bond_dissociation,0,0.4698,-0.1707,0.1699,0.1291,-999.0,False,55
deepseek-v3.2,10770855,Pt(111)_ORR,*OO → *OOOH → *OOH → *OOHOH → *OOHO → *O → *OH → *H2O → *,False,4,*OOHO,*O,bond_dissociation,0,-4.9306,0.3252,0.3716,-4.977,-999.0,False,55
deepseek-v3.2,10770855,Pt(111)_ORR,*OO → *OOOH → *OOH → *OOHOH → *OOHO → *O → *OH → *H2O → *,False,5,*O,*OH,protonation,-1,-0.5753,0.1478,-0.1623,-0.2652,-999.0,False,55
deepseek-v3.2,10770855,Pt(111)_ORR,*OO → *OOOH → *OOH → *OOHOH → *OOHO → *O → *OH → *H2O → *,False,6,*OH,*H2O,protonation,-1,-1.1367,0.1386,-0.0439,-0.9541,-999.0,False,55
deepseek-v3.2,10770855,Pt(111)_ORR,*OO → *OOOH → *OOH → *OOHOH → *OOHO → *O → *OH → *H2O → *,False,7,*H2O,*,desorption,0,0.412,-0.0634,0.3456,0.0031,-999.0,False,55
deepseek-v3.2,10770855,Pt(111)_ORR,*OO → *OOOH → *OH → *O → *OOH → *OOHOH → *OOHO → *H → *H2O → *,False,0,*OO,*OOOH,hydroxylation,1,1.9947,-0.0986,-0.2701,2.1662,-999.0,False,56
deepseek-v3.2,10770855,Pt(111)_ORR,*OO → *OOOH → *OH → *O → *OOH → *OOHOH → *OOHO → *H → *H2O → *,False,1,*OOOH,*OH,bond_dissociation,0,-5.4877,0.473,0.1939,-5.2086,-999.0,False,56
deepseek-v3.2,10770855,Pt(111)_ORR,*OO → *OOOH → *OH → *O → *OOH → *OOHOH → *OOHO → *H → *H2O → *,False,2,*OH,*O,bond_dissociation,0,0.5753,-0.1478,0.1623,0.2652,-999.0,False,56
deepseek-v3.2,10770855,Pt(111)_ORR,*OO → *OOOH → *OH → *O → *OOH → *OOHOH → *OOHO → *H → *H2O → *,False,3,*O,*OOH,hydroxylation,1,2.3129,-0.0708,-0.2201,2.4623,-999.0,False,56
deepseek-v3.2,10770855,Pt(111)_ORR,*OO → *OOOH → *OH → *O → *OOH → *OOHOH → *OOHO → *H → *H2O → *,False,4,*OOH,*OOHOH,hydroxylation,1,2.1479,-0.0837,-0.3214,2.3857,-999.0,False,56
deepseek-v3.2,10770855,Pt(111)_ORR,*OO → *OOOH → *OH → *O → *OOH → *OOHOH → *OOHO → *H → *H2O → *,False,5,*OOHOH,*OOHO,bond_dissociation,0,0.4698,-0.1707,0.1699,0.1291,-999.0,False,56
deepseek-v3.2,10770855,Pt(111)_ORR,*OO → *OOOH → *OH → *O → *OOH → *OOHOH → *OOHO → *H → *H2O → *,False,6,*OOHO,*H,bond_dissociation,0,-6.6638,0.5952,0.3384,-6.407,-999.0,False,56
deepseek-v3.2,10770855,Pt(111)_ORR,*OO → *OOOH → *OH → *O → *OOH → *OOHOH → *OOHO → *H → *H2O → *,False,7,*H,*H2O,hydroxylation,1,0.0212,0.0164,-0.173,0.2106,-999.0,False,56
deepseek-v3.2,10770855,Pt(111)_ORR,*OO → *OOOH → *OH → *O → *OOH → *OOHOH → *OOHO → *H → *H2O → *,False,8,*H2O,*,desorption,0,0.412,-0.0634,0.3456,0.0031,-999.0,False,56
deepseek-v3.2,10770856,Pt(111)_HER,* → *H → *H2 → *,True,0,*,*H,protonation,-1,-0.4332,0.047,-0.1726,-0.2136,0.1458,True,0
deepseek-v3.2,10770856,Pt(111)_HER,* → *H → *H2 → *,True,1,*H,*H2,protonation,-1,-0.3271,-0.01,-0.1912,-0.1458,0.1458,True,0
deepseek-v3.2,10770856,Pt(111)_HER,* → *H → *H2 → *,True,2,*H2,*,product_desorption,0,0.7603,-0.037,0.3638,0.3595,0.1458,True,0
deepseek-v3.2,10770856,Au(110)_CO2RR,*CO2 → *COOH → *CO → *,True,0,*CO2,*COOH,protonation,-1,0.361,0.1509,-0.2108,0.7227,-0.7227,True,0
deepseek-v3.2,10770856,Au(110)_CO2RR,*CO2 → *COOH → *CO → *,True,1,*COOH,*CO,reductive_dehydration,-1,-0.1953,0.0141,0.267,-0.4482,-0.7227,True,0
deepseek-v3.2,10770856,Au(110)_CO2RR,*CO2 → *COOH → *CO → *,True,2,*CO,*,bond_dissociation,0,0.7532,-0.0553,0.4397,0.2582,-0.7227,True,0
deepseek-v3.2,10770856,Au(110)_CO2RR,*CO2 → *COOH → *CO → *,False,0,*CO2,*COOH,protonation,-1,0.361,0.1509,-0.2108,0.7227,-0.7227,True,1
deepseek-v3.2,10770856,Au(110)_CO2RR,*CO2 → *COOH → *CO → *,False,1,*COOH,*CO,reductive_dehydration,-1,-0.1953,0.0141,0.267,-0.4482,-0.7227,True,1
deepseek-v3.2,10770856,Au(110)_CO2RR,*CO2 → *COOH → *CO → *,False,2,*CO,*,desorption,0,0.7532,-0.0553,0.4397,0.2582,-0.7227,True,1
deepseek-v3.2,10770856,Au(111)_ORR,*OO → *OOH → *OOH2 → *O → *OH → *H2O → *,True,0,*OO,*OOH,protonation,-1,-0.9017,0.1538,-0.1727,-0.5751,0.5751,True,0
deepseek-v3.2,10770856,Au(111)_ORR,*OO → *OOH → *OOH2 → *O → *OH → *H2O → *,True,1,*OOH,*OOH2,protonation,-1,-1.2419,0.1681,-0.1829,-0.8909,0.5751,True,0
deepseek-v3.2,10770856,Au(111)_ORR,*OO → *OOH → *OOH2 → *O → *OH → *H2O → *,True,2,*OOH2,*O,bond_dissociation,0,-0.7052,-0.0835,0.3814,-1.1701,0.5751,True,0
deepseek-v3.2,10770856,Au(111)_ORR,*OO → *OOH → *OOH2 → *O → *OH → *H2O → *,True,3,*O,*OH,protonation,-1,-1.3138,0.1426,-0.1523,-1.0189,0.5751,True,0
deepseek-v3.2,10770856,Au(111)_ORR,*OO → *OOH → *OOH2 → *O → *OH → *H2O → *,True,4,*OH,*H2O,protonation,-1,-1.3355,0.1331,-0.128,-1.0744,0.5751,True,0
deepseek-v3.2,10770856,Au(111)_ORR,*OO → *OOH → *OOH2 → *O → *OH → *H2O → *,True,5,*H2O,*,desorption,0,0.2801,-0.0426,0.41,-0.1725,0.5751,True,0
deepseek-v3.2,10770857,Pt(111)_HER,* → *H → *,False,0,*,*H,protonation,-1,-0.4332,0.047,-0.1726,-0.2137,-999.0,False,0
deepseek-v3.2,10770857,Pt(111)_HER,* → *H → *,False,1,*H,*,deprotonation,1,0.4332,-0.047,0.1726,0.2137,-999.0,False,0
deepseek-v3.2,10770857,Pt(111)_HER,* → *H → *H2 → *,True,0,*,*H,protonation,-1,-0.4332,0.047,-0.1726,-0.2137,0.1458,True,1
deepseek-v3.2,10770857,Pt(111)_HER,* → *H → *H2 → *,True,1,*H,*H2,protonation,-1,-0.3271,-0.0099,-0.1913,-0.1458,0.1458,True,1
deepseek-v3.2,10770857,Pt(111)_HER,* → *H → *H2 → *,True,2,*H2,*,product_desorption,0,0.7603,-0.037,0.3638,0.3594,0.1458,True,1
deepseek-v3.2,10770857,Au(110)_CO2RR,*CO2 → *COOH → *CO → *,True,0,*CO2,*COOH,protonation,-1,0.3665,0.1509,-0.2146,0.732,-0.732,True,0
deepseek-v3.2,10770857,Au(110)_CO2RR,*CO2 → *COOH → *CO → *,True,1,*COOH,*CO,reductive_dehydration,-1,-0.1992,0.0137,0.2787,-0.4642,-0.732,True,0
deepseek-v3.2,10770857,Au(110)_CO2RR,*CO2 → *COOH → *CO → *,True,2,*CO,*,desorption,0,0.7532,-0.0553,0.4397,0.2583,-0.732,True,0
deepseek-v3.2,10770857,Au(110)_CO2RR,*CO2 → *COOH → *C(OH)2 → *CO → *,False,0,*CO2,*COOH,protonation,-1,0.3665,0.1509,-0.2146,0.732,-0.732,True,1
deepseek-v3.2,10770857,Au(110)_CO2RR,*CO2 → *COOH → *C(OH)2 → *CO → *,False,1,*COOH,*C(OH)2,protonation,-1,0.181,0.1458,-0.2877,0.6146,-0.732,True,1
deepseek-v3.2,10770857,Au(110)_CO2RR,*CO2 → *COOH → *C(OH)2 → *CO → *,False,2,*C(OH)2,*CO,bond_dissociation,0,-0.3802,-0.1321,0.5665,-1.0788,-0.732,True,1
deepseek-v3.2,10770857,Au(110)_CO2RR,*CO2 → *COOH → *C(OH)2 → *CO → *,False,3,*CO,*,desorption,0,0.7532,-0.0553,0.4397,0.2583,-0.732,True,1
deepseek-v3.2,10770857,Au(110)_CO2RR,*CO2 → *COOH → *COOH2 → *CO → *,False,0,*CO2,*COOH,protonation,-1,0.3665,0.1509,-0.2146,0.732,-0.732,True,2
deepseek-v3.2,10770857,Au(110)_CO2RR,*CO2 → *COOH → *COOH2 → *CO → *,False,1,*COOH,*COOH2,protonation,-1,-0.6607,0.1572,-0.1367,-0.3669,-0.732,True,2
deepseek-v3.2,10770857,Au(110)_CO2RR,*CO2 → *COOH → *COOH2 → *CO → *,False,2,*COOH2,*CO,bond_dissociation,0,0.4615,-0.1434,0.4154,-0.0974,-0.732,True,2
deepseek-v3.2,10770857,Au(110)_CO2RR,*CO2 → *COOH → *COOH2 → *CO → *,False,3,*CO,*,desorption,0,0.7532,-0.0553,0.4397,0.2583,-0.732,True,2
deepseek-v3.2,10770857,Au(110)_CO2RR,*CO2 → *COOH → *COOH2 → *CO → *,False,0,*CO2,*COOH,protonation,-1,0.3665,0.1509,-0.2146,0.732,-0.732,True,3
deepseek-v3.2,10770857,Au(110)_CO2RR,*CO2 → *COOH → *COOH2 → *CO → *,False,1,*COOH,*COOH2,protonation,-1,-0.6607,0.1572,-0.1367,-0.3669,-0.732,True,3
deepseek-v3.2,10770857,Au(110)_CO2RR,*CO2 → *COOH → *COOH2 → *CO → *,False,2,*COOH2,*CO,desorption,0,0.4615,-0.1434,0.4154,-0.0974,-0.732,True,3
deepseek-v3.2,10770857,Au(110)_CO2RR,*CO2 → *COOH → *COOH2 → *CO → *,False,3,*CO,*,desorption,0,0.7532,-0.0553,0.4397,0.2583,-0.732,True,3
deepseek-v3.2,10770857,Au(110)_CO2RR,*CO2 → *COOH → *COOHOH → *CO → *,False,0,*CO2,*COOH,protonation,-1,0.3665,0.1509,-0.2146,0.732,-999.0,False,4
deepseek-v3.2,10770857,Au(110)_CO2RR,*CO2 → *COOH → *COOHOH → *CO → *,False,1,*COOH,*COOHOH,hydroxylation,1,-0.4304,0.0025,-0.3197,-0.1082,-999.0,False,4
deepseek-v3.2,10770857,Au(110)_CO2RR,*CO2 → *COOH → *COOHOH → *CO → *,False,2,*COOHOH,*CO,bond_dissociation,0,0.2311,0.0113,0.5984,-0.356,-999.0,False,4
deepseek-v3.2,10770857,Au(110)_CO2RR,*CO2 → *COOH → *COOHOH → *CO → *,False,3,*CO,*,desorption,0,0.7532,-0.0553,0.4397,0.2583,-999.0,False,4
deepseek-v3.2,10770857,Au(110)_CO2RR,*CO2 → *COOH → *COOH-OH → *CO → *,False,0,*CO2,*COOH,protonation,-1,0.3665,0.1509,-0.2146,0.732,-999.0,False,5
deepseek-v3.2,10770857,Au(110)_CO2RR,*CO2 → *COOH → *COOH-OH → *CO → *,False,1,*COOH,*COOH-OH,hydroxylation,1,-0.4417,0.0032,-0.2265,-0.212,-999.0,False,5
deepseek-v3.2,10770857,Au(110)_CO2RR,*CO2 → *COOH → *COOH-OH → *CO → *,False,2,*COOH-OH,*CO,bond_dissociation,0,0.2425,0.0105,0.5052,-0.2522,-999.0,False,5
deepseek-v3.2,10770857,Au(110)_CO2RR,*CO2 → *COOH → *COOH-OH → *CO → *,False,3,*CO,*,desorption,0,0.7532,-0.0553,0.4397,0.2583,-999.0,False,5
deepseek-v3.2,10770857,Au(110)_CO2RR,*CO2 → *COOH → *C(OH)2 → *COH → *CO → *,False,0,*CO2,*COOH,protonation,-1,0.3665,0.1509,-0.2146,0.732,-0.732,True,6
deepseek-v3.2,10770857,Au(110)_CO2RR,*CO2 → *COOH → *C(OH)2 → *COH → *CO → *,False,1,*COOH,*C(OH)2,protonation,-1,0.181,0.1458,-0.2877,0.6146,-0.732,True,6
deepseek-v3.2,10770857,Au(110)_CO2RR,*CO2 → *COOH → *C(OH)2 → *COH → *CO → *,False,2,*C(OH)2,*COH,dehydroxylation,0,0.6942,0.0411,0.3553,0.38,-0.732,True,6
deepseek-v3.2,10770857,Au(110)_CO2RR,*CO2 → *COOH → *C(OH)2 → *COH → *CO → *,False,3,*COH,*CO,bond_dissociation,0,-1.0745,-0.1731,0.2112,-1.4588,-0.732,True,6
deepseek-v3.2,10770857,Au(110)_CO2RR,*CO2 → *COOH → *C(OH)2 → *COH → *CO → *,False,4,*CO,*,desorption,0,0.7532,-0.0553,0.4397,0.2583,-0.732,True,6
deepseek-v3.2,10770857,Au(110)_CO2RR,*CO2 → *COOH → *COOH2 → *CHO → *CO → *,False,0,*CO2,*COOH,protonation,-1,0.3665,0.1509,-0.2146,0.732,-0.732,True,7
deepseek-v3.2,10770857,Au(110)_CO2RR,*CO2 → *COOH → *COOH2 → *CHO → *CO → *,False,1,*COOH,*COOH2,protonation,-1,-0.6607,0.1572,-0.1367,-0.3669,-0.732,True,7
deepseek-v3.2,10770857,Au(110)_CO2RR,*CO2 → *COOH → *COOH2 → *CHO → *CO → *,False,2,*COOH2,*CHO,dehydroxylation,0,0.6123,-0.0268,0.2515,0.3339,-0.732,True,7
deepseek-v3.2,10770857,Au(110)_CO2RR,*CO2 → *COOH → *COOH2 → *CHO → *CO → *,False,3,*CHO,*CO,bond_dissociation,0,-0.1508,-0.1167,0.1639,-0.4313,-0.732,True,7
deepseek-v3.2,10770857,Au(110)_CO2RR,*CO2 → *COOH → *COOH2 → *CHO → *CO → *,False,4,*CO,*,desorption,0,0.7532,-0.0553,0.4397,0.2583,-0.732,True,7
deepseek-v3.2,10770857,Pt(111)_ORR,*OO → *OOH → *OOH2 → *O → *OH → *H2O → *,True,0,*OO,*OOH,protonation,-1,-0.5998,0.1555,-0.1303,-0.314,0.2652,True,0
deepseek-v3.2,10770857,Pt(111)_ORR,*OO → *OOH → *OOH2 → *O → *OH → *H2O → *,True,1,*OOH,*OOH2,protonation,-1,-0.7272,0.1479,-0.1301,-0.4492,0.2652,True,0
deepseek-v3.2,10770857,Pt(111)_ORR,*OO → *OOH → *OOH2 → *O → *OH → *H2O → *,True,2,*OOH2,*O,bond_dissociation,0,-1.5907,-0.0768,0.3465,-2.014,0.2652,True,0
deepseek-v3.2,10770857,Pt(111)_ORR,*OO → *OOH → *OOH2 → *O → *OH → *H2O → *,True,3,*O,*OH,protonation,-1,-0.5753,0.1478,-0.1623,-0.2652,0.2652,True,0
deepseek-v3.2,10770857,Pt(111)_ORR,*OO → *OOH → *OOH2 → *O → *OH → *H2O → *,True,4,*OH,*H2O,protonation,-1,-1.1368,0.1409,-0.0791,-0.9167,0.2652,True,0
deepseek-v3.2,10770857,Pt(111)_ORR,*OO → *OOH → *OOH2 → *O → *OH → *H2O → *,True,5,*H2O,*,desorption,0,0.4121,-0.0656,0.3808,-0.0343,0.2652,True,0
deepseek-v3.2,10770858,Pt(111)_HER,* → *H → *H2 → *,True,0,*,*H,protonation,-1,-0.4332,0.047,-0.1726,-0.2137,0.1458,True,0
deepseek-v3.2,10770858,Pt(111)_HER,* → *H → *H2 → *,True,1,*H,*H2,protonation,-1,-0.3271,-0.0099,-0.1913,-0.1458,0.1458,True,0
deepseek-v3.2,10770858,Pt(111)_HER,* → *H → *H2 → *,True,2,*H2,*,product_desorption,0,0.7603,-0.037,0.3638,0.3594,0.1458,True,0
deepseek-v3.2,10770858,Au(111)_ORR,*OO → *OOH → *OOH2 → *O → *OH → *H2O → *,True,0,*OO,*OOH,protonation,-1,-0.9257,0.1464,-0.2116,-0.5677,0.5677,True,0
deepseek-v3.2,10770858,Au(111)_ORR,*OO → *OOH → *OOH2 → *O → *OH → *H2O → *,True,1,*OOH,*OOH2,protonation,-1,-1.2179,0.1755,-0.1447,-0.8977,0.5677,True,0
deepseek-v3.2,10770858,Au(111)_ORR,*OO → *OOH → *OOH2 → *O → *OH → *H2O → *,True,2,*OOH2,*O,bond_dissociation,0,-0.7052,-0.0835,0.3814,-1.17,0.5677,True,0
deepseek-v3.2,10770858,Au(111)_ORR,*OO → *OOH → *OOH2 → *O → *OH → *H2O → *,True,3,*O,*OH,protonation,-1,-1.3163,0.1414,-0.1512,-1.0238,0.5677,True,0
deepseek-v3.2,10770858,Au(111)_ORR,*OO → *OOH → *OOH2 → *O → *OH → *H2O → *,True,4,*OH,*H2O,protonation,-1,-1.3325,0.1315,-0.1203,-1.0808,0.5677,True,0
deepseek-v3.2,10770858,Au(111)_ORR,*OO → *OOH → *OOH2 → *O → *OH → *H2O → *,True,5,*H2O,*,desorption,0,0.2796,-0.0397,0.4012,-0.1612,0.5677,True,0
deepseek-v3.2,10770858,Au(110)_CO2RR,*CO2 → *COOH → *CO → *,True,0,*CO2,*COOH,protonation,-1,0.3053,0.1534,-0.309,0.7677,-0.7677,True,0
deepseek-v3.2,10770858,Au(110)_CO2RR,*CO2 → *COOH → *CO → *,True,1,*COOH,*CO,reductive_dehydration,-1,-0.1399,0.0115,0.3653,-0.4936,-0.7677,True,0
deepseek-v3.2,10770858,Au(110)_CO2RR,*CO2 → *COOH → *CO → *,True,2,*CO,*,desorption,0,0.7533,-0.0552,0.438,0.2601,-0.7677,True,0
deepseek-v3.2,10770858,Au(110)_CO2RR,*CO2 → *COOH → *COOHH → *CO → *,False,0,*CO2,*COOH,protonation,-1,0.3053,0.1534,-0.309,0.7677,-0.7677,True,1
deepseek-v3.2,10770858,Au(110)_CO2RR,*CO2 → *COOH → *COOHH → *CO → *,False,1,*COOH,*COOHH,protonation,-1,-0.6012,0.155,-0.0499,-0.3962,-0.7677,True,1
deepseek-v3.2,10770858,Au(110)_CO2RR,*CO2 → *COOH → *COOHH → *CO → *,False,2,*COOHH,*CO,bond_dissociation,0,0.4613,-0.1435,0.4151,-0.0973,-0.7677,True,1
deepseek-v3.2,10770858,Au(110)_CO2RR,*CO2 → *COOH → *COOHH → *CO → *,False,3,*CO,*,desorption,0,0.7533,-0.0552,0.438,0.2601,-0.7677,True,1
deepseek-v3.2,10770858,Pt(111)_ORR,*OO → *OOH → *OOH2 → *O → *OH → *H2O → *,True,0,*OO,*OOH,protonation,-1,-0.6052,0.1565,-0.1369,-0.3118,0.2654,True,0
deepseek-v3.2,10770858,Pt(111)_ORR,*OO → *OOH → *OOH2 → *O → *OH → *H2O → *,True,1,*OOH,*OOH2,protonation,-1,-0.7218,0.1469,-0.1235,-0.4513,0.2654,True,0
deepseek-v3.2,10770858,Pt(111)_ORR,*OO → *OOH → *OOH2 → *O → *OH → *H2O → *,True,2,*OOH2,*O,desorption,0,-1.5907,-0.0768,0.3465,-2.014,0.2654,True,0
deepseek-v3.2,10770858,Pt(111)_ORR,*OO → *OOH → *OOH2 → *O → *OH → *H2O → *,True,3,*O,*OH,protonation,-1,-0.5753,0.1478,-0.1622,-0.2654,0.2654,True,0
deepseek-v3.2,10770858,Pt(111)_ORR,*OO → *OOH → *OOH2 → *O → *OH → *H2O → *,True,4,*OH,*H2O,protonation,-1,-1.1368,0.1371,-0.137,-0.8627,0.2654,True,0
deepseek-v3.2,10770858,Pt(111)_ORR,*OO → *OOH → *OOH2 → *O → *OH → *H2O → *,True,5,*H2O,*,desorption,0,0.4122,-0.0618,0.4386,-0.0882,0.2654,True,0
deepseek-v3.2,10770859,Pt(111)_HER,* → *H → *,False,0,*,*H,protonation,-1,-0.4332,0.047,-0.1726,-0.2137,-999.0,False,0
deepseek-v3.2,10770859,Pt(111)_HER,* → *H → *,False,1,*H,*,deprotonation,1,0.4332,-0.047,0.1726,0.2137,-999.0,False,0
deepseek-v3.2,10770859,Pt(111)_HER,* → *H → *H2 → *,True,0,*,*H,protonation,-1,-0.4332,0.047,-0.1726,-0.2137,0.1458,True,1
deepseek-v3.2,10770859,Pt(111)_HER,* → *H → *H2 → *,True,1,*H,*H2,protonation,-1,-0.3271,-0.01,-0.1912,-0.1458,0.1458,True,1
deepseek-v3.2,10770859,Pt(111)_HER,* → *H → *H2 → *,True,2,*H2,*,product_desorption,0,0.7603,-0.037,0.3638,0.3594,0.1458,True,1
deepseek-v3.2,10770859,Pt(111)_HER,* → *H → *H2O → *,False,0,*,*H,protonation,-1,-0.4332,0.047,-0.1726,-0.2137,-999.0,False,2
deepseek-v3.2,10770859,Pt(111)_HER,* → *H → *H2O → *,False,1,*H,*H2O,hydroxylation,1,0.0211,0.0147,-0.2622,0.2979,-999.0,False,2
deepseek-v3.2,10770859,Pt(111)_HER,* → *H → *H2O → *,False,2,*H2O,*,unknown,0,0.4122,-0.0617,0.4348,-0.0843,-999.0,False,2
deepseek-v3.2,10770859,Pt(111)_HER,* → *OH → *H2O → *,False,0,*,*OH,hydroxylation,1,0.727,-0.0759,-0.3008,0.9519,-999.0,False,3
deepseek-v3.2,10770859,Pt(111)_HER,* → *OH → *H2O → *,False,1,*OH,*H2O,protonation,-1,-1.1392,0.1376,-0.1339,-0.8677,-999.0,False,3
deepseek-v3.2,10770859,Pt(111)_HER,* → *OH → *H2O → *,False,2,*H2O,*,unknown,0,0.4122,-0.0617,0.4348,-0.0843,-999.0,False,3
deepseek-v3.2,10770859,Pt(111)_HER,* → *OH → *O → *,False,0,*,*OH,hydroxylation,1,0.727,-0.0759,-0.3008,0.9519,-999.0,False,4
deepseek-v3.2,10770859,Pt(111)_HER,* → *OH → *O → *,False,1,*OH,*O,deprotonation,1,0.5729,-0.1471,0.1614,0.2643,-999.0,False,4
deepseek-v3.2,10770859,Pt(111)_HER,* → *OH → *O → *,False,2,*O,*,unknown,0,-1.2999,0.2231,0.1394,-1.2163,-999.0,False,4
deepseek-v3.2,10770859,Pt(111)_HER,* → *OH → *O → *,False,0,*,*OH,hydroxylation,1,0.727,-0.0759,-0.3008,0.9519,-999.0,False,5
deepseek-v3.2,10770859,Pt(111)_HER,* → *OH → *O → *,False,1,*OH,*O,bond_dissociation,0,0.5729,-0.1471,0.1614,0.2643,-999.0,False,5
deepseek-v3.2,10770859,Pt(111)_HER,* → *OH → *O → *,False,2,*O,*,unknown,1,-1.2999,0.2231,0.1394,-1.2163,-999.0,False,5
deepseek-v3.2,10770859,Pt(111)_HER,* → *OH → *H → *,False,0,*,*OH,hydroxylation,1,0.727,-0.0759,-0.3008,0.9519,-999.0,False,6
deepseek-v3.2,10770859,Pt(111)_HER,* → *OH → *H → *,False,1,*OH,*H,bond_dissociation,0,-1.1603,0.1229,0.1282,-1.1656,-999.0,False,6
deepseek-v3.2,10770859,Pt(111)_HER,* → *OH → *H → *,False,2,*H,*,deprotonation,1,0.4332,-0.047,0.1726,0.2137,-999.0,False,6
deepseek-v3.2,10770859,Pt(111)_HER,* → *OH → *H → *H2 → *,False,0,*,*OH,hydroxylation,1,0.727,-0.0759,-0.3008,0.9519,-999.0,False,7
deepseek-v3.2,10770859,Pt(111)_HER,* → *OH → *H → *H2 → *,False,1,*OH,*H,bond_dissociation,0,-1.1603,0.1229,0.1282,-1.1656,-999.0,False,7
deepseek-v3.2,10770859,Pt(111)_HER,* → *OH → *H → *H2 → *,False,2,*H,*H2,protonation,-1,-0.3271,-0.01,-0.1912,-0.1458,-999.0,False,7
deepseek-v3.2,10770859,Pt(111)_HER,* → *OH → *H → *H2 → *,False,3,*H2,*,product_desorption,0,0.7603,-0.037,0.3638,0.3594,-999.0,False,7
deepseek-v3.2,10770859,Pt(111)_HER,* → *OH → *H → *H2O → *,False,0,*,*OH,hydroxylation,1,0.727,-0.0759,-0.3008,0.9519,-999.0,False,8
deepseek-v3.2,10770859,Pt(111)_HER,* → *OH → *H → *H2O → *,False,1,*OH,*H,bond_dissociation,0,-1.1603,0.1229,0.1282,-1.1656,-999.0,False,8
deepseek-v3.2,10770859,Pt(111)_HER,* → *OH → *H → *H2O → *,False,2,*H,*H2O,hydroxylation,1,0.0211,0.0147,-0.2622,0.2979,-999.0,False,8
deepseek-v3.2,10770859,Pt(111)_HER,* → *OH → *H → *H2O → *,False,3,*H2O,*,unknown,0,0.4122,-0.0617,0.4348,-0.0843,-999.0,False,8
deepseek-v3.2,10770859,Au(110)_CO2RR,*CO2 → *COOH → *CO → *,False,0,*CO2,*COOH,protonation,-1,0.3021,0.1506,-0.2825,0.7351,-0.7351,True,0
deepseek-v3.2,10770859,Au(110)_CO2RR,*CO2 → *COOH → *CO → *,False,1,*COOH,*CO,reductive_dehydration,-1,-0.1343,0.0142,0.3455,-0.4656,-0.7351,True,0
deepseek-v3.2,10770859,Au(110)_CO2RR,*CO2 → *COOH → *CO → *,False,2,*CO,*,desorption,0,0.7528,-0.0555,0.4411,0.2562,-0.7351,True,0
deepseek-v3.2,10770859,Au(110)_CO2RR,*CO2 → *OCHO → *CO → *,True,0,*CO2,*OCHO,protonation,-1,0.1503,0.1479,-0.2304,0.5286,-0.5286,True,1
deepseek-v3.2,10770859,Au(110)_CO2RR,*CO2 → *OCHO → *CO → *,True,1,*OCHO,*CO,reductive_dehydration,-1,0.0174,0.0169,0.2934,-0.2591,-0.5286,True,1
deepseek-v3.2,10770859,Au(110)_CO2RR,*CO2 → *OCHO → *CO → *,True,2,*CO,*,desorption,0,0.7528,-0.0555,0.4411,0.2562,-0.5286,True,1
deepseek-v3.2,10770859,Au(110)_CO2RR,*CO2 → *OCO → *COOH → *CO → *,False,0,*CO2,*OCO,bond_dissociation,0,2.3562,-0.0373,-0.0957,2.4145,-999.0,False,2
deepseek-v3.2,10770859,Au(110)_CO2RR,*CO2 → *OCO → *COOH → *CO → *,False,1,*OCO,*COOH,protonation,-1,-2.0541,0.1879,-0.1867,-1.6794,-999.0,False,2
deepseek-v3.2,10770859,Au(110)_CO2RR,*CO2 → *OCO → *COOH → *CO → *,False,2,*COOH,*CO,reductive_dehydration,-1,-0.1343,0.0142,0.3455,-0.4656,-999.0,False,2
deepseek-v3.2,10770859,Au(110)_CO2RR,*CO2 → *OCO → *COOH → *CO → *,False,3,*CO,*,desorption,0,0.7528,-0.0555,0.4411,0.2562,-999.0,False,2
deepseek-v3.2,10770859,Au(110)_CO2RR,*CO2 → *OCO → *OCHO → *CO → *,False,0,*CO2,*OCO,bond_dissociation,0,2.3562,-0.0373,-0.0957,2.4145,-999.0,False,3
deepseek-v3.2,10770859,Au(110)_CO2RR,*CO2 → *OCO → *OCHO → *CO → *,False,1,*OCO,*OCHO,protonation,-1,-2.2058,0.1852,-0.1347,-1.8859,-999.0,False,3
deepseek-v3.2,10770859,Au(110)_CO2RR,*CO2 → *OCO → *OCHO → *CO → *,False,2,*OCHO,*CO,reductive_dehydration,-1,0.0174,0.0169,0.2934,-0.2591,-999.0,False,3
deepseek-v3.2,10770859,Au(110)_CO2RR,*CO2 → *OCO → *OCHO → *CO → *,False,3,*CO,*,desorption,0,0.7528,-0.0555,0.4411,0.2562,-999.0,False,3
deepseek-v3.2,10770859,Au(110)_CO2RR,*CO2 → *OCHO → *HCOOH → *CHO → *CO → *,False,0,*CO2,*OCHO,protonation,-1,0.1503,0.1479,-0.2304,0.5286,-0.5286,True,4
deepseek-v3.2,10770859,Au(110)_CO2RR,*CO2 → *OCHO → *HCOOH → *CHO → *CO → *,False,1,*OCHO,*HCOOH,protonation,-1,-0.4443,0.1603,-0.1218,-0.1622,-0.5286,True,4
deepseek-v3.2,10770859,Au(110)_CO2RR,*CO2 → *OCHO → *HCOOH → *CHO → *CO → *,False,2,*HCOOH,*CHO,dehydroxylation,0,0.6173,-0.0261,0.2505,0.3407,-0.5286,True,4
deepseek-v3.2,10770859,Au(110)_CO2RR,*CO2 → *OCHO → *HCOOH → *CHO → *CO → *,False,3,*CHO,*CO,bond_dissociation,0,-0.1556,-0.1173,0.1647,-0.4376,-0.5286,True,4
deepseek-v3.2,10770859,Au(110)_CO2RR,*CO2 → *OCHO → *HCOOH → *CHO → *CO → *,False,4,*CO,*,desorption,0,0.7528,-0.0555,0.4411,0.2562,-0.5286,True,4
deepseek-v3.2,10770859,Au(110)_CO2RR,*CO2 → *OCHO → *HCOOH → *CHO → *CO → *,False,0,*CO2,*OCHO,protonation,-1,0.1503,0.1479,-0.2304,0.5286,-0.5286,True,5
deepseek-v3.2,10770859,Au(110)_CO2RR,*CO2 → *OCHO → *HCOOH → *CHO → *CO → *,False,1,*OCHO,*HCOOH,protonation,-1,-0.4443,0.1603,-0.1218,-0.1622,-0.5286,True,5
deepseek-v3.2,10770859,Au(110)_CO2RR,*CO2 → *OCHO → *HCOOH → *CHO → *CO → *,False,2,*HCOOH,*CHO,bond_dissociation,0,0.6173,-0.0261,0.2505,0.3407,-0.5286,True,5
deepseek-v3.2,10770859,Au(110)_CO2RR,*CO2 → *OCHO → *HCOOH → *CHO → *CO → *,False,3,*CHO,*CO,bond_dissociation,0,-0.1556,-0.1173,0.1647,-0.4376,-0.5286,True,5
deepseek-v3.2,10770859,Au(110)_CO2RR,*CO2 → *OCHO → *HCOOH → *CHO → *CO → *,False,4,*CO,*,desorption,0,0.7528,-0.0555,0.4411,0.2562,-0.5286,True,5
deepseek-v3.2,10770859,Au(110)_CO2RR,*CO2 → *OCHO → *HCOOH → *COOH → *CO → *,False,0,*CO2,*OCHO,protonation,-1,0.1503,0.1479,-0.2304,0.5286,-0.5286,True,6
deepseek-v3.2,10770859,Au(110)_CO2RR,*CO2 → *OCHO → *HCOOH → *COOH → *CO → *,False,1,*OCHO,*HCOOH,protonation,-1,-0.4443,0.1603,-0.1218,-0.1622,-0.5286,True,6
deepseek-v3.2,10770859,Au(110)_CO2RR,*CO2 → *OCHO → *HCOOH → *COOH → *CO → *,False,2,*HCOOH,*COOH,bond_dissociation,0,0.5961,-0.1576,0.0698,0.3687,-0.5286,True,6
deepseek-v3.2,10770859,Au(110)_CO2RR,*CO2 → *OCHO → *HCOOH → *COOH → *CO → *,False,3,*COOH,*CO,dehydroxylation,0,-0.1343,0.0142,0.3455,-0.4656,-0.5286,True,6
deepseek-v3.2,10770859,Au(110)_CO2RR,*CO2 → *OCHO → *HCOOH → *COOH → *CO → *,False,4,*CO,*,desorption,0,0.7528,-0.0555,0.4411,0.2562,-0.5286,True,6
deepseek-v3.2,10770859,Au(110)_CO2RR,*CO2 → *OCHO → *HCOOH → *COOH → *CO → *,False,0,*CO2,*OCHO,protonation,-1,0.1503,0.1479,-0.2304,0.5286,-0.5286,True,7
deepseek-v3.2,10770859,Au(110)_CO2RR,*CO2 → *OCHO → *HCOOH → *COOH → *CO → *,False,1,*OCHO,*HCOOH,protonation,-1,-0.4443,0.1603,-0.1218,-0.1622,-0.5286,True,7
deepseek-v3.2,10770859,Au(110)_CO2RR,*CO2 → *OCHO → *HCOOH → *COOH → *CO → *,False,2,*HCOOH,*COOH,bond_dissociation,0,0.5961,-0.1576,0.0698,0.3687,-0.5286,True,7
deepseek-v3.2,10770859,Au(110)_CO2RR,*CO2 → *OCHO → *HCOOH → *COOH → *CO → *,False,3,*COOH,*CO,bond_dissociation,0,-0.1343,0.0142,0.3455,-0.4656,-0.5286,True,7
deepseek-v3.2,10770859,Au(110)_CO2RR,*CO2 → *OCHO → *HCOOH → *COOH → *CO → *,False,4,*CO,*,desorption,0,0.7528,-0.0555,0.4411,0.2562,-0.5286,True,7
deepseek-v3.2,10770859,Au(110)_CO2RR,*CO2 → *OCHO → *OCO → *COOH → *CO → *,False,0,*CO2,*OCHO,protonation,-1,0.1503,0.1479,-0.2304,0.5286,-0.5286,True,8
deepseek-v3.2,10770859,Au(110)_CO2RR,*CO2 → *OCHO → *OCO → *COOH → *CO → *,False,1,*OCHO,*OCO,bond_dissociation,0,2.2058,-0.1852,0.1347,1.8859,-0.5286,True,8
deepseek-v3.2,10770859,Au(110)_CO2RR,*CO2 → *OCHO → *OCO → *COOH → *CO → *,False,2,*OCO,*COOH,protonation,-1,-2.0541,0.1879,-0.1867,-1.6794,-0.5286,True,8
deepseek-v3.2,10770859,Au(110)_CO2RR,*CO2 → *OCHO → *OCO → *COOH → *CO → *,False,3,*COOH,*CO,dehydroxylation,0,-0.1343,0.0142,0.3455,-0.4656,-0.5286,True,8
deepseek-v3.2,10770859,Au(110)_CO2RR,*CO2 → *OCHO → *OCO → *COOH → *CO → *,False,4,*CO,*,desorption,0,0.7528,-0.0555,0.4411,0.2562,-0.5286,True,8
deepseek-v3.2,10770859,Au(110)_CO2RR,*CO2 → *OCHO → *OCO → *COOH → *CO → *,False,0,*CO2,*OCHO,protonation,-1,0.1503,0.1479,-0.2304,0.5286,-0.5286,True,9
deepseek-v3.2,10770859,Au(110)_CO2RR,*CO2 → *OCHO → *OCO → *COOH → *CO → *,False,1,*OCHO,*OCO,bond_dissociation,0,2.2058,-0.1852,0.1347,1.8859,-0.5286,True,9
deepseek-v3.2,10770859,Au(110)_CO2RR,*CO2 → *OCHO → *OCO → *COOH → *CO → *,False,2,*OCO,*COOH,protonation,-1,-2.0541,0.1879,-0.1867,-1.6794,-0.5286,True,9
deepseek-v3.2,10770859,Au(110)_CO2RR,*CO2 → *OCHO → *OCO → *COOH → *CO → *,False,3,*COOH,*CO,bond_dissociation,0,-0.1343,0.0142,0.3455,-0.4656,-0.5286,True,9
deepseek-v3.2,10770859,Au(110)_CO2RR,*CO2 → *OCHO → *OCO → *COOH → *CO → *,False,4,*CO,*,desorption,0,0.7528,-0.0555,0.4411,0.2562,-0.5286,True,9
deepseek-v3.2,10770859,Au(110)_CO2RR,*CO2 → *OCO → *OCHO → *HCOOH → *CHO → *CO → *,False,0,*CO2,*OCO,bond_dissociation,0,2.3562,-0.0373,-0.0957,2.4145,-999.0,False,10
deepseek-v3.2,10770859,Au(110)_CO2RR,*CO2 → *OCO → *OCHO → *HCOOH → *CHO → *CO → *,False,1,*OCO,*OCHO,protonation,-1,-2.2058,0.1852,-0.1347,-1.8859,-999.0,False,10
deepseek-v3.2,10770859,Au(110)_CO2RR,*CO2 → *OCO → *OCHO → *HCOOH → *CHO → *CO → *,False,2,*OCHO,*HCOOH,protonation,-1,-0.4443,0.1603,-0.1218,-0.1622,-999.0,False,10
deepseek-v3.2,10770859,Au(110)_CO2RR,*CO2 → *OCO → *OCHO → *HCOOH → *CHO → *CO → *,False,3,*HCOOH,*CHO,dehydroxylation,0,0.6173,-0.0261,0.2505,0.3407,-999.0,False,10
deepseek-v3.2,10770859,Au(110)_CO2RR,*CO2 → *OCO → *OCHO → *HCOOH → *CHO → *CO → *,False,4,*CHO,*CO,bond_dissociation,0,-0.1556,-0.1173,0.1647,-0.4376,-999.0,False,10
deepseek-v3.2,10770859,Au(110)_CO2RR,*CO2 → *OCO → *OCHO → *HCOOH → *CHO → *CO → *,False,5,*CO,*,desorption,0,0.7528,-0.0555,0.4411,0.2562,-999.0,False,10
deepseek-v3.2,10770859,Au(110)_CO2RR,*CO2 → *OCO → *OCHO → *HCOOH → *CHO → *CO → *,False,0,*CO2,*OCO,bond_dissociation,0,2.3562,-0.0373,-0.0957,2.4145,-999.0,False,11
deepseek-v3.2,10770859,Au(110)_CO2RR,*CO2 → *OCO → *OCHO → *HCOOH → *CHO → *CO → *,False,1,*OCO,*OCHO,protonation,-1,-2.2058,0.1852,-0.1347,-1.8859,-999.0,False,11
deepseek-v3.2,10770859,Au(110)_CO2RR,*CO2 → *OCO → *OCHO → *HCOOH → *CHO → *CO → *,False,2,*OCHO,*HCOOH,protonation,-1,-0.4443,0.1603,-0.1218,-0.1622,-999.0,False,11
deepseek-v3.2,10770859,Au(110)_CO2RR,*CO2 → *OCO → *OCHO → *HCOOH → *CHO → *CO → *,False,3,*HCOOH,*CHO,bond_dissociation,0,0.6173,-0.0261,0.2505,0.3407,-999.0,False,11
deepseek-v3.2,10770859,Au(110)_CO2RR,*CO2 → *OCO → *OCHO → *HCOOH → *CHO → *CO → *,False,4,*CHO,*CO,bond_dissociation,0,-0.1556,-0.1173,0.1647,-0.4376,-999.0,False,11
deepseek-v3.2,10770859,Au(110)_CO2RR,*CO2 → *OCO → *OCHO → *HCOOH → *CHO → *CO → *,False,5,*CO,*,desorption,0,0.7528,-0.0555,0.4411,0.2562,-999.0,False,11
deepseek-v3.2,10770859,Au(110)_CO2RR,*CO2 → *OCO → *OCHO → *HCOOH → *COOH → *CO → *,False,0,*CO2,*OCO,bond_dissociation,0,2.3562,-0.0373,-0.0957,2.4145,-999.0,False,12
deepseek-v3.2,10770859,Au(110)_CO2RR,*CO2 → *OCO → *OCHO → *HCOOH → *COOH → *CO → *,False,1,*OCO,*OCHO,protonation,-1,-2.2058,0.1852,-0.1347,-1.8859,-999.0,False,12
deepseek-v3.2,10770859,Au(110)_CO2RR,*CO2 → *OCO → *OCHO → *HCOOH → *COOH → *CO → *,False,2,*OCHO,*HCOOH,protonation,-1,-0.4443,0.1603,-0.1218,-0.1622,-999.0,False,12
deepseek-v3.2,10770859,Au(110)_CO2RR,*CO2 → *OCO → *OCHO → *HCOOH → *COOH → *CO → *,False,3,*HCOOH,*COOH,bond_dissociation,0,0.5961,-0.1576,0.0698,0.3687,-999.0,False,12
deepseek-v3.2,10770859,Au(110)_CO2RR,*CO2 → *OCO → *OCHO → *HCOOH → *COOH → *CO → *,False,4,*COOH,*CO,dehydroxylation,0,-0.1343,0.0142,0.3455,-0.4656,-999.0,False,12
deepseek-v3.2,10770859,Au(110)_CO2RR,*CO2 → *OCO → *OCHO → *HCOOH → *COOH → *CO → *,False,5,*CO,*,desorption,0,0.7528,-0.0555,0.4411,0.2562,-999.0,False,12
deepseek-v3.2,10770859,Au(110)_CO2RR,*CO2 → *OCO → *OCHO → *HCOOH → *COOH → *CO → *,False,0,*CO2,*OCO,bond_dissociation,0,2.3562,-0.0373,-0.0957,2.4145,-999.0,False,13
deepseek-v3.2,10770859,Au(110)_CO2RR,*CO2 → *OCO → *OCHO → *HCOOH → *COOH → *CO → *,False,1,*OCO,*OCHO,protonation,-1,-2.2058,0.1852,-0.1347,-1.8859,-999.0,False,13
deepseek-v3.2,10770859,Au(110)_CO2RR,*CO2 → *OCO → *OCHO → *HCOOH → *COOH → *CO → *,False,2,*OCHO,*HCOOH,protonation,-1,-0.4443,0.1603,-0.1218,-0.1622,-999.0,False,13
deepseek-v3.2,10770859,Au(110)_CO2RR,*CO2 → *OCO → *OCHO → *HCOOH → *COOH → *CO → *,False,3,*HCOOH,*COOH,bond_dissociation,0,0.5961,-0.1576,0.0698,0.3687,-999.0,False,13
deepseek-v3.2,10770859,Au(110)_CO2RR,*CO2 → *OCO → *OCHO → *HCOOH → *COOH → *CO → *,False,4,*COOH,*CO,bond_dissociation,0,-0.1343,0.0142,0.3455,-0.4656,-999.0,False,13
deepseek-v3.2,10770859,Au(110)_CO2RR,*CO2 → *OCO → *OCHO → *HCOOH → *COOH → *CO → *,False,5,*CO,*,desorption,0,0.7528,-0.0555,0.4411,0.2562,-999.0,False,13
deepseek-v3.2,10770859,Pt(111)_ORR,*OO → *OOH → *OOH2 → *OH → *H2O → *,True,0,*OO,*OOH,protonation,-1,-0.606,0.1568,-0.136,-0.3132,0.3132,True,0
deepseek-v3.2,10770859,Pt(111)_ORR,*OO → *OOH → *OOH2 → *OH → *H2O → *,True,1,*OOH,*OOH2,protonation,-1,-0.721,0.1466,-0.1244,-0.45,0.3132,True,0
deepseek-v3.2,10770859,Pt(111)_ORR,*OO → *OOH → *OOH2 → *OH → *H2O → *,True,2,*OOH2,*OH,reductive_dehydration,-1,-2.1532,0.0425,0.2693,-2.38,0.3132,True,0
deepseek-v3.2,10770859,Pt(111)_ORR,*OO → *OOH → *OOH2 → *OH → *H2O → *,True,3,*OH,*H2O,protonation,-1,-1.1496,0.1652,-0.2158,-0.7686,0.3132,True,0
deepseek-v3.2,10770859,Pt(111)_ORR,*OO → *OOH → *OOH2 → *OH → *H2O → *,True,4,*H2O,*,product_desorption,0,0.4121,-0.0614,0.4324,-0.0817,0.3132,True,0
deepseek-v3.2,10770859,Pt(111)_ORR,*OO → *OOH → *O → *OH → *H2O → *,False,0,*OO,*OOH,protonation,-1,-0.606,0.1568,-0.136,-0.3132,0.3132,True,1
deepseek-v3.2,10770859,Pt(111)_ORR,*OO → *OOH → *O → *OH → *H2O → *,False,1,*OOH,*O,reductive_dehydration,-1,-2.3117,0.0698,0.2221,-2.464,0.3132,True,1
deepseek-v3.2,10770859,Pt(111)_ORR,*OO → *OOH → *O → *OH → *H2O → *,False,2,*O,*OH,protonation,-1,-0.5625,0.1193,-0.0772,-0.366,0.3132,True,1
deepseek-v3.2,10770859,Pt(111)_ORR,*OO → *OOH → *O → *OH → *H2O → *,False,3,*OH,*H2O,protonation,-1,-1.1496,0.1652,-0.2158,-0.7686,0.3132,True,1
deepseek-v3.2,10770859,Pt(111)_ORR,*OO → *OOH → *O → *OH → *H2O → *,False,4,*H2O,*,product_desorption,0,0.4121,-0.0614,0.4324,-0.0817,0.3132,True,1
deepseek-v3.2,10770860,Pt(111)_HER,* → *H → *H2 → *,True,0,*,*H,protonation,-1,-0.4332,0.047,-0.1726,-0.2137,0.1458,True,0
deepseek-v3.2,10770860,Pt(111)_HER,* → *H → *H2 → *,True,1,*H,*H2,protonation,-1,-0.3271,-0.01,-0.1912,-0.1458,0.1458,True,0
deepseek-v3.2,10770860,Pt(111)_HER,* → *H → *H2 → *,True,2,*H2,*,product_desorption,0,0.7603,-0.037,0.3638,0.3595,0.1458,True,0
deepseek-v3.2,10770860,Au(110)_CO2RR,*CO2 → *COOH → *CO → *,True,0,*CO2,*COOH,protonation,-1,0.3052,0.1534,-0.3062,0.7649,-0.7649,True,0
deepseek-v3.2,10770860,Au(110)_CO2RR,*CO2 → *COOH → *CO → *,True,1,*COOH,*CO,reductive_dehydration,-1,-0.1397,0.0115,0.3633,-0.4915,-0.7649,True,0
deepseek-v3.2,10770860,Au(110)_CO2RR,*CO2 → *COOH → *CO → *,True,2,*CO,*,desorption,0,0.7533,-0.0552,0.438,0.2601,-0.7649,True,0
deepseek-v3.2,10770860,Au(110)_CO2RR,*CO2 → *COOH → *HCOOH → *CHO → *CO → *,False,0,*CO2,*COOH,protonation,-1,0.3052,0.1534,-0.3062,0.7649,-0.7649,True,1
deepseek-v3.2,10770860,Au(110)_CO2RR,*CO2 → *COOH → *HCOOH → *CHO → *CO → *,False,1,*COOH,*HCOOH,protonation,-1,-0.601,0.1548,-0.0512,-0.395,-0.7649,True,1
deepseek-v3.2,10770860,Au(110)_CO2RR,*CO2 → *COOH → *HCOOH → *CHO → *CO → *,False,2,*HCOOH,*CHO,dehydroxylation,0,0.6148,-0.0247,0.2466,0.3436,-0.7649,True,1
deepseek-v3.2,10770860,Au(110)_CO2RR,*CO2 → *COOH → *HCOOH → *CHO → *CO → *,False,3,*CHO,*CO,bond_dissociation,0,-0.1535,-0.1187,0.1679,-0.4401,-0.7649,True,1
deepseek-v3.2,10770860,Au(110)_CO2RR,*CO2 → *COOH → *HCOOH → *CHO → *CO → *,False,4,*CO,*,desorption,0,0.7533,-0.0552,0.438,0.2601,-0.7649,True,1
deepseek-v3.2,10770860,Au(110)_CO2RR,*CO2 → *COOH → *HCOOH → *CHO → *CO → *,False,0,*CO2,*COOH,protonation,-1,0.3052,0.1534,-0.3062,0.7649,-0.7649,True,2
deepseek-v3.2,10770860,Au(110)_CO2RR,*CO2 → *COOH → *HCOOH → *CHO → *CO → *,False,1,*COOH,*HCOOH,protonation,-1,-0.601,0.1548,-0.0512,-0.395,-0.7649,True,2
deepseek-v3.2,10770860,Au(110)_CO2RR,*CO2 → *COOH → *HCOOH → *CHO → *CO → *,False,2,*HCOOH,*CHO,bond_dissociation,0,0.6148,-0.0247,0.2466,0.3436,-0.7649,True,2
deepseek-v3.2,10770860,Au(110)_CO2RR,*CO2 → *COOH → *HCOOH → *CHO → *CO → *,False,3,*CHO,*CO,bond_dissociation,0,-0.1535,-0.1187,0.1679,-0.4401,-0.7649,True,2
deepseek-v3.2,10770860,Au(110)_CO2RR,*CO2 → *COOH → *HCOOH → *CHO → *CO → *,False,4,*CO,*,desorption,0,0.7533,-0.0552,0.438,0.2601,-0.7649,True,2
deepseek-v3.2,10770860,Pt(111)_ORR,*OO → *OOH → *OOHH → *OH → *H2O → *,True,0,*OO,*OOH,protonation,-1,-0.5925,0.1552,-0.1311,-0.3062,0.3062,True,0
deepseek-v3.2,10770860,Pt(111)_ORR,*OO → *OOH → *OOHH → *OH → *H2O → *,True,1,*OOH,*OOHH,protonation,-1,-0.7345,0.1482,-0.1293,-0.4569,0.3062,True,0
deepseek-v3.2,10770860,Pt(111)_ORR,*OO → *OOH → *OOHH → *OH → *H2O → *,True,2,*OOHH,*OH,reductive_dehydration,-1,-2.1659,0.0709,0.1844,-2.2795,0.3062,True,0
deepseek-v3.2,10770860,Pt(111)_ORR,*OO → *OOH → *OOHH → *OH → *H2O → *,True,3,*OH,*H2O,protonation,-1,-1.136,0.1345,-0.1284,-0.8731,0.3062,True,0
deepseek-v3.2,10770860,Pt(111)_ORR,*OO → *OOH → *OOHH → *OH → *H2O → *,True,4,*H2O,*,desorption,0,0.4113,-0.0591,0.4298,-0.0777,0.3062,True,0
deepseek-v3.2,10770860,Pt(111)_ORR,*OO → *OOH → *O → *OH → *H2O → *,False,0,*OO,*OOH,protonation,-1,-0.5925,0.1552,-0.1311,-0.3062,0.2655,True,1
deepseek-v3.2,10770860,Pt(111)_ORR,*OO → *OOH → *O → *OH → *H2O → *,False,1,*OOH,*O,reductive_dehydration,-1,-2.3252,0.0714,0.2172,-2.471,0.2655,True,1
deepseek-v3.2,10770860,Pt(111)_ORR,*OO → *OOH → *O → *OH → *H2O → *,False,2,*O,*OH,protonation,-1,-0.5752,0.1477,-0.1621,-0.2655,0.2655,True,1
deepseek-v3.2,10770860,Pt(111)_ORR,*OO → *OOH → *O → *OH → *H2O → *,False,3,*OH,*H2O,protonation,-1,-1.136,0.1345,-0.1284,-0.8731,0.2655,True,1
deepseek-v3.2,10770860,Pt(111)_ORR,*OO → *OOH → *O → *OH → *H2O → *,False,4,*H2O,*,desorption,0,0.4113,-0.0591,0.4298,-0.0777,0.2655,True,1
deepseek-v3.2,10770860,Pt(111)_ORR,*OO → *OOH → *OOHH → *O → *OH → *H2O → *,False,0,*OO,*OOH,protonation,-1,-0.5925,0.1552,-0.1311,-0.3062,0.2655,True,2
deepseek-v3.2,10770860,Pt(111)_ORR,*OO → *OOH → *OOHH → *O → *OH → *H2O → *,False,1,*OOH,*OOHH,protonation,-1,-0.7345,0.1482,-0.1293,-0.4569,0.2655,True,2
deepseek-v3.2,10770860,Pt(111)_ORR,*OO → *OOH → *OOHH → *O → *OH → *H2O → *,False,2,*OOHH,*O,bond_dissociation,0,-1.5907,-0.0768,0.3465,-2.014,0.2655,True,2
deepseek-v3.2,10770860,Pt(111)_ORR,*OO → *OOH → *OOHH → *O → *OH → *H2O → *,False,3,*O,*OH,protonation,-1,-0.5752,0.1477,-0.1621,-0.2655,0.2655,True,2
deepseek-v3.2,10770860,Pt(111)_ORR,*OO → *OOH → *OOHH → *O → *OH → *H2O → *,False,4,*OH,*H2O,protonation,-1,-1.136,0.1345,-0.1284,-0.8731,0.2655,True,2
deepseek-v3.2,10770860,Pt(111)_ORR,*OO → *OOH → *OOHH → *O → *OH → *H2O → *,False,5,*H2O,*,desorption,0,0.4113,-0.0591,0.4298,-0.0777,0.2655,True,2
deepseek-v3.2,10770860,Pt(111)_ORR,*OO → *OOH → *OOHH → *O → *OH → *H2O → *,False,0,*OO,*OOH,protonation,-1,-0.5925,0.1552,-0.1311,-0.3062,0.2655,True,3
deepseek-v3.2,10770860,Pt(111)_ORR,*OO → *OOH → *OOHH → *O → *OH → *H2O → *,False,1,*OOH,*OOHH,protonation,-1,-0.7345,0.1482,-0.1293,-0.4569,0.2655,True,3
deepseek-v3.2,10770860,Pt(111)_ORR,*OO → *OOH → *OOHH → *O → *OH → *H2O → *,False,2,*OOHH,*O,desorption,0,-1.5907,-0.0768,0.3465,-2.014,0.2655,True,3
deepseek-v3.2,10770860,Pt(111)_ORR,*OO → *OOH → *OOHH → *O → *OH → *H2O → *,False,3,*O,*OH,protonation,-1,-0.5752,0.1477,-0.1621,-0.2655,0.2655,True,3
deepseek-v3.2,10770860,Pt(111)_ORR,*OO → *OOH → *OOHH → *O → *OH → *H2O → *,False,4,*OH,*H2O,protonation,-1,-1.136,0.1345,-0.1284,-0.8731,0.2655,True,3
deepseek-v3.2,10770860,Pt(111)_ORR,*OO → *OOH → *OOHH → *O → *OH → *H2O → *,False,5,*H2O,*,desorption,0,0.4113,-0.0591,0.4298,-0.0777,0.2655,True,3
deepseek-v3.2,10770862,Pt(111)_HER,* → *H → *H2 → *,True,0,*,*H,protonation,-1,-0.4332,0.047,-0.1726,-0.2137,0.1458,True,0
deepseek-v3.2,10770862,Pt(111)_HER,* → *H → *H2 → *,True,1,*H,*H2,protonation,-1,-0.3271,-0.01,-0.1912,-0.1458,0.1458,True,0
deepseek-v3.2,10770862,Pt(111)_HER,* → *H → *H2 → *,True,2,*H2,*,product_desorption,0,0.7603,-0.037,0.3638,0.3595,0.1458,True,0
deepseek-v3.2,10770862,Au(110)_CO2RR,*CO2 → *COOH → *CO → *,False,0,*CO2,*COOH,protonation,-1,0.306,0.1529,-0.3059,0.7648,-0.7648,True,0
deepseek-v3.2,10770862,Au(110)_CO2RR,*CO2 → *COOH → *CO → *,False,1,*COOH,*CO,reductive_dehydration,-1,-0.1404,0.0121,0.3616,-0.4899,-0.7648,True,0
deepseek-v3.2,10770862,Au(110)_CO2RR,*CO2 → *COOH → *CO → *,False,2,*CO,*,desorption,0,0.7533,-0.0552,0.438,0.2601,-0.7648,True,0
deepseek-v3.2,10770862,Au(110)_CO2RR,*CO2 → *COOH → *C(OH)2 → *CO → *,False,0,*CO2,*COOH,protonation,-1,0.306,0.1529,-0.3059,0.7648,-0.7648,True,1
deepseek-v3.2,10770862,Au(110)_CO2RR,*CO2 → *COOH → *C(OH)2 → *CO → *,False,1,*COOH,*C(OH)2,protonation,-1,0.2414,0.1446,-0.2069,0.5929,-0.7648,True,1
deepseek-v3.2,10770862,Au(110)_CO2RR,*CO2 → *COOH → *C(OH)2 → *CO → *,False,2,*C(OH)2,*CO,bond_dissociation,0,-0.3818,-0.1325,0.5685,-1.0828,-0.7648,True,1
deepseek-v3.2,10770862,Au(110)_CO2RR,*CO2 → *COOH → *C(OH)2 → *CO → *,False,3,*CO,*,desorption,0,0.7533,-0.0552,0.438,0.2601,-0.7648,True,1
deepseek-v3.2,10770862,Au(110)_CO2RR,*CO2 → *OCHO → *OCO → *CO → *,False,0,*CO2,*OCHO,protonation,-1,0.1477,0.1483,-0.2349,0.5309,-999.0,False,2
deepseek-v3.2,10770862,Au(110)_CO2RR,*CO2 → *OCHO → *OCO → *CO → *,False,1,*OCHO,*OCO,deprotonation,1,2.183,-0.1845,0.1309,1.8677,-999.0,False,2
deepseek-v3.2,10770862,Au(110)_CO2RR,*CO2 → *OCHO → *OCO → *CO → *,False,2,*OCO,*CO,bond_dissociation,0,-2.1651,0.2011,0.1597,-2.1236,-999.0,False,2
deepseek-v3.2,10770862,Au(110)_CO2RR,*CO2 → *OCHO → *OCO → *CO → *,False,3,*CO,*,desorption,0,0.7533,-0.0552,0.438,0.2601,-999.0,False,2
deepseek-v3.2,10770862,Au(110)_CO2RR,*CO2 → *OCHO → *CHO → *CO → *,False,0,*CO2,*OCHO,protonation,-1,0.1477,0.1483,-0.2349,0.5309,-999.0,False,3
deepseek-v3.2,10770862,Au(110)_CO2RR,*CO2 → *OCHO → *CHO → *CO → *,False,1,*OCHO,*CHO,bond_dissociation,0,0.1687,0.135,0.1249,0.1788,-999.0,False,3
deepseek-v3.2,10770862,Au(110)_CO2RR,*CO2 → *OCHO → *CHO → *CO → *,False,2,*CHO,*CO,deprotonation,1,-0.1508,-0.1184,0.1656,-0.4348,-999.0,False,3
deepseek-v3.2,10770862,Au(110)_CO2RR,*CO2 → *OCHO → *CHO → *CO → *,False,3,*CO,*,desorption,0,0.7533,-0.0552,0.438,0.2601,-999.0,False,3
deepseek-v3.2,10770862,Au(110)_CO2RR,*CO2 → *COOH → *C(OH)2 → *CHO → *CO → *,False,0,*CO2,*COOH,protonation,-1,0.306,0.1529,-0.3059,0.7648,-0.7648,True,4
deepseek-v3.2,10770862,Au(110)_CO2RR,*CO2 → *COOH → *C(OH)2 → *CHO → *CO → *,False,1,*COOH,*C(OH)2,protonation,-1,0.2414,0.1446,-0.2069,0.5929,-0.7648,True,4
deepseek-v3.2,10770862,Au(110)_CO2RR,*CO2 → *COOH → *C(OH)2 → *CHO → *CO → *,False,2,*C(OH)2,*CHO,dehydroxylation,0,-0.231,-0.0141,0.4029,-0.648,-0.7648,True,4
deepseek-v3.2,10770862,Au(110)_CO2RR,*CO2 → *COOH → *C(OH)2 → *CHO → *CO → *,False,3,*CHO,*CO,bond_dissociation,0,-0.1508,-0.1184,0.1656,-0.4348,-0.7648,True,4
deepseek-v3.2,10770862,Au(110)_CO2RR,*CO2 → *COOH → *C(OH)2 → *CHO → *CO → *,False,4,*CO,*,desorption,0,0.7533,-0.0552,0.438,0.2601,-0.7648,True,4
deepseek-v3.2,10770862,Au(110)_CO2RR,*CO2 → *OCHO → *OCO → *COOH → *CO → *,True,0,*CO2,*OCHO,protonation,-1,0.1477,0.1483,-0.2349,0.5309,-0.5309,True,5
deepseek-v3.2,10770862,Au(110)_CO2RR,*CO2 → *OCHO → *OCO → *COOH → *CO → *,True,1,*OCHO,*OCO,bond_dissociation,0,2.183,-0.1845,0.1309,1.8677,-0.5309,True,5
deepseek-v3.2,10770862,Au(110)_CO2RR,*CO2 → *OCHO → *OCO → *COOH → *CO → *,True,2,*OCO,*COOH,protonation,-1,-2.0247,0.1891,-0.2019,-1.6337,-0.5309,True,5
deepseek-v3.2,10770862,Au(110)_CO2RR,*CO2 → *OCHO → *OCO → *COOH → *CO → *,True,3,*COOH,*CO,dehydroxylation,0,-0.1404,0.0121,0.3616,-0.4899,-0.5309,True,5
deepseek-v3.2,10770862,Au(110)_CO2RR,*CO2 → *OCHO → *OCO → *COOH → *CO → *,True,4,*CO,*,desorption,0,0.7533,-0.0552,0.438,0.2601,-0.5309,True,5
deepseek-v3.2,10770862,Au(111)_ORR,*OO → *OOH → *O → *OH → *H2O → *,True,0,*OO,*OOH,protonation,-1,-0.9257,0.1462,-0.2102,-0.5694,0.5694,True,0
deepseek-v3.2,10770862,Au(111)_ORR,*OO → *OOH → *O → *OH → *H2O → *,True,1,*OOH,*O,reductive_dehydration,-1,-1.9231,0.0923,0.2354,-2.0662,0.5694,True,0
deepseek-v3.2,10770862,Au(111)_ORR,*OO → *OOH → *O → *OH → *H2O → *,True,2,*O,*OH,protonation,-1,-1.3163,0.1414,-0.1512,-1.0238,0.5694,True,0
deepseek-v3.2,10770862,Au(111)_ORR,*OO → *OOH → *O → *OH → *H2O → *,True,3,*OH,*H2O,protonation,-1,-1.3324,0.1346,-0.0589,-1.1389,0.5694,True,0
deepseek-v3.2,10770862,Au(111)_ORR,*OO → *OOH → *O → *OH → *H2O → *,True,4,*H2O,*,desorption,0,0.2795,-0.0428,0.3398,-0.1031,0.5694,True,0
deepseek-v3.2,10770862,Au(111)_ORR,*OO → *OOH → *OOH2 → *OH → *H2O → *,False,0,*OO,*OOH,protonation,-1,-0.9257,0.1462,-0.2102,-0.5694,0.5694,True,1
deepseek-v3.2,10770862,Au(111)_ORR,*OO → *OOH → *OOH2 → *OH → *H2O → *,False,1,*OOH,*OOH2,protonation,-1,-1.2179,0.1758,-0.1459,-0.8962,0.5694,True,1
deepseek-v3.2,10770862,Au(111)_ORR,*OO → *OOH → *OOH2 → *OH → *H2O → *,False,2,*OOH2,*OH,reductive_dehydration,-1,-2.0215,0.0579,0.2302,-2.1937,0.5694,True,1
deepseek-v3.2,10770862,Au(111)_ORR,*OO → *OOH → *OOH2 → *OH → *H2O → *,False,3,*OH,*H2O,protonation,-1,-1.3324,0.1346,-0.0589,-1.1389,0.5694,True,1
deepseek-v3.2,10770862,Au(111)_ORR,*OO → *OOH → *OOH2 → *OH → *H2O → *,False,4,*H2O,*,desorption,0,0.2795,-0.0428,0.3398,-0.1031,0.5694,True,1
deepseek-v3.2,10770862,Au(111)_ORR,*OO → *OOH → *OOH2 → *O → *OH → *H2O → *,False,0,*OO,*OOH,protonation,-1,-0.9257,0.1462,-0.2102,-0.5694,0.5694,True,2
deepseek-v3.2,10770862,Au(111)_ORR,*OO → *OOH → *OOH2 → *O → *OH → *H2O → *,False,1,*OOH,*OOH2,protonation,-1,-1.2179,0.1758,-0.1459,-0.8962,0.5694,True,2
deepseek-v3.2,10770862,Au(111)_ORR,*OO → *OOH → *OOH2 → *O → *OH → *H2O → *,False,2,*OOH2,*O,bond_dissociation,0,-0.7052,-0.0834,0.3813,-1.17,0.5694,True,2
deepseek-v3.2,10770862,Au(111)_ORR,*OO → *OOH → *OOH2 → *O → *OH → *H2O → *,False,3,*O,*OH,protonation,-1,-1.3163,0.1414,-0.1512,-1.0238,0.5694,True,2
deepseek-v3.2,10770862,Au(111)_ORR,*OO → *OOH → *OOH2 → *O → *OH → *H2O → *,False,4,*OH,*H2O,protonation,-1,-1.3324,0.1346,-0.0589,-1.1389,0.5694,True,2
deepseek-v3.2,10770862,Au(111)_ORR,*OO → *OOH → *OOH2 → *O → *OH → *H2O → *,False,5,*H2O,*,desorption,0,0.2795,-0.0428,0.3398,-0.1031,0.5694,True,2
deepseek-v3.2,10770862,Pt(111)_ORR,*OO → *OOH → *OOH2 → *O → *OH → *H2O → *,True,0,*OO,*OOH,protonation,-1,-0.6047,0.1559,-0.1333,-0.3155,0.2655,True,0
deepseek-v3.2,10770862,Pt(111)_ORR,*OO → *OOH → *OOH2 → *O → *OH → *H2O → *,True,1,*OOH,*OOH2,protonation,-1,-0.7222,0.1475,-0.1271,-0.4477,0.2655,True,0
deepseek-v3.2,10770862,Pt(111)_ORR,*OO → *OOH → *OOH2 → *O → *OH → *H2O → *,True,2,*OOH2,*O,bond_dissociation,0,-1.5907,-0.0768,0.3465,-2.014,0.2655,True,0
deepseek-v3.2,10770862,Pt(111)_ORR,*OO → *OOH → *OOH2 → *O → *OH → *H2O → *,True,3,*O,*OH,protonation,-1,-0.5752,0.1477,-0.162,-0.2655,0.2655,True,0
deepseek-v3.2,10770862,Pt(111)_ORR,*OO → *OOH → *OOH2 → *O → *OH → *H2O → *,True,4,*OH,*H2O,protonation,-1,-1.1369,0.1381,-0.0603,-0.9385,0.2655,True,0
deepseek-v3.2,10770862,Pt(111)_ORR,*OO → *OOH → *OOH2 → *O → *OH → *H2O → *,True,5,*H2O,*,desorption,0,0.4122,-0.0627,0.3618,-0.0123,0.2655,True,0
